timestamp,station_id,district,terrain_type,latitude,longitude,precipitation_mm,temperature_c,humidity_pct,soil_moisture_pct,wind_speed_kmh
2024-07-15 00:00:00,KL-WYD-01,Wayanad,Highland/Ghats,11.6854,76.132,6.1,21.6,88.3,58.5,17.1
2024-07-15 01:00:00,KL-WYD-01,Wayanad,Highland/Ghats,11.6854,76.132,0.0,22.4,81.5,58.3,10.2
2024-07-15 02:00:00,KL-WYD-01,Wayanad,Highland/Ghats,11.6854,76.132,9.5,21.1,87.8,61.6,18.6
2024-07-15 03:00:00,KL-WYD-01,Wayanad,Highland/Ghats,11.6854,76.132,0.0,23.1,82.5,61.4,14.9
2024-07-15 04:00:00,KL-WYD-01,Wayanad,Highland/Ghats,11.6854,76.132,13.9,22.2,92.2,66.2,17.9
2024-07-15 05:00:00,KL-WYD-01,Wayanad,Highland/Ghats,11.6854,76.132,0.0,24.2,79.6,66.0,10.6
2024-07-15 06:00:00,KL-WYD-01,Wayanad,Highland/Ghats,11.6854,76.132,0.0,25.2,83.8,65.7,14.4
2024-07-15 07:00:00,KL-WYD-01,Wayanad,Highland/Ghats,11.6854,76.132,0.0,26.3,81.3,65.5,13.3
2024-07-15 08:00:00,KL-WYD-01,Wayanad,Highland/Ghats,11.6854,76.132,0.0,26.2,84.2,65.2,13.5
2024-07-15 09:00:00,KL-WYD-01,Wayanad,Highland/Ghats,11.6854,76.132,0.0,25.7,80.4,65.0,11.7
2024-07-15 10:00:00,KL-WYD-01,Wayanad,Highland/Ghats,11.6854,76.132,5.5,25.3,85.1,66.9,16.6
2024-07-15 11:00:00,KL-WYD-01,Wayanad,Highland/Ghats,11.6854,76.132,0.0,26.7,80.3,66.6,11.6
2024-07-15 12:00:00,KL-WYD-01,Wayanad,Highland/Ghats,11.6854,76.132,0.0,27.2,82.7,66.4,11.0
2024-07-15 13:00:00,KL-WYD-01,Wayanad,Highland/Ghats,11.6854,76.132,0.0,26.4,81.3,66.1,15.9
2024-07-15 14:00:00,KL-WYD-01,Wayanad,Highland/Ghats,11.6854,76.132,0.0,26.8,83.1,65.9,15.1
2024-07-15 15:00:00,KL-WYD-01,Wayanad,Highland/Ghats,11.6854,76.132,0.0,26.0,79.2,65.6,11.9
2024-07-15 16:00:00,KL-WYD-01,Wayanad,Highland/Ghats,11.6854,76.132,5.2,25.9,88.4,67.5,14.5
2024-07-15 17:00:00,KL-WYD-01,Wayanad,Highland/Ghats,11.6854,76.132,0.0,25.4,84.5,67.2,12.8
2024-07-15 18:00:00,KL-WYD-01,Wayanad,Highland/Ghats,11.6854,76.132,5.7,24.2,85.1,69.2,16.4
2024-07-15 19:00:00,KL-WYD-01,Wayanad,Highland/Ghats,11.6854,76.132,0.0,24.3,80.3,69.0,16.0
2024-07-15 20:00:00,KL-WYD-01,Wayanad,Highland/Ghats,11.6854,76.132,0.0,23.3,79.3,68.7,10.7
2024-07-15 21:00:00,KL-WYD-01,Wayanad,Highland/Ghats,11.6854,76.132,0.0,24.1,81.5,68.5,10.4
2024-07-15 22:00:00,KL-WYD-01,Wayanad,Highland/Ghats,11.6854,76.132,0.0,24.1,82.2,68.2,15.8
2024-07-15 23:00:00,KL-WYD-01,Wayanad,Highland/Ghats,11.6854,76.132,0.0,22.3,83.3,68.0,14.1
2024-07-16 00:00:00,KL-WYD-01,Wayanad,Highland/Ghats,11.6854,76.132,0.0,22.6,82.8,67.7,10.7
2024-07-16 01:00:00,KL-WYD-01,Wayanad,Highland/Ghats,11.6854,76.132,0.0,23.0,84.7,67.5,15.3
2024-07-16 02:00:00,KL-WYD-01,Wayanad,Highland/Ghats,11.6854,76.132,9.5,21.3,92.1,70.8,20.0
2024-07-16 03:00:00,KL-WYD-01,Wayanad,Highland/Ghats,11.6854,76.132,11.5,22.0,89.1,74.8,20.3
2024-07-16 04:00:00,KL-WYD-01,Wayanad,Highland/Ghats,11.6854,76.132,0.0,24.4,82.2,74.6,10.0
2024-07-16 05:00:00,KL-WYD-01,Wayanad,Highland/Ghats,11.6854,76.132,2.4,24.8,86.2,75.4,16.2
2024-07-16 06:00:00,KL-WYD-01,Wayanad,Highland/Ghats,11.6854,76.132,3.0,25.2,87.1,76.4,12.0
2024-07-16 07:00:00,KL-WYD-01,Wayanad,Highland/Ghats,11.6854,76.132,0.0,24.8,83.6,76.2,14.6
2024-07-16 08:00:00,KL-WYD-01,Wayanad,Highland/Ghats,11.6854,76.132,9.1,24.7,87.9,79.4,19.8
2024-07-16 09:00:00,KL-WYD-01,Wayanad,Highland/Ghats,11.6854,76.132,0.0,26.0,82.2,79.1,14.4
2024-07-16 10:00:00,KL-WYD-01,Wayanad,Highland/Ghats,11.6854,76.132,6.7,26.5,88.3,81.5,16.0
2024-07-16 11:00:00,KL-WYD-01,Wayanad,Highland/Ghats,11.6854,76.132,0.0,26.3,80.3,81.2,12.0
2024-07-16 12:00:00,KL-WYD-01,Wayanad,Highland/Ghats,11.6854,76.132,0.0,26.6,80.3,81.0,10.4
2024-07-16 13:00:00,KL-WYD-01,Wayanad,Highland/Ghats,11.6854,76.132,0.0,26.5,84.4,80.7,15.2
2024-07-16 14:00:00,KL-WYD-01,Wayanad,Highland/Ghats,11.6854,76.132,5.6,26.2,84.8,82.7,13.6
2024-07-16 15:00:00,KL-WYD-01,Wayanad,Highland/Ghats,11.6854,76.132,0.0,26.5,81.8,82.4,14.7
2024-07-16 16:00:00,KL-WYD-01,Wayanad,Highland/Ghats,11.6854,76.132,0.0,25.5,79.6,82.2,12.6
2024-07-16 17:00:00,KL-WYD-01,Wayanad,Highland/Ghats,11.6854,76.132,0.0,25.5,83.4,81.9,14.0
2024-07-16 18:00:00,KL-WYD-01,Wayanad,Highland/Ghats,11.6854,76.132,0.0,24.4,81.4,81.7,12.0
2024-07-16 19:00:00,KL-WYD-01,Wayanad,Highland/Ghats,11.6854,76.132,0.0,24.1,80.1,81.4,12.7
2024-07-16 20:00:00,KL-WYD-01,Wayanad,Highland/Ghats,11.6854,76.132,0.0,23.6,80.5,81.2,15.5
2024-07-16 21:00:00,KL-WYD-01,Wayanad,Highland/Ghats,11.6854,76.132,0.0,24.2,82.3,80.9,10.3
2024-07-16 22:00:00,KL-WYD-01,Wayanad,Highland/Ghats,11.6854,76.132,0.0,23.8,84.8,80.7,15.6
2024-07-16 23:00:00,KL-WYD-01,Wayanad,Highland/Ghats,11.6854,76.132,0.0,22.5,81.9,80.4,11.3
2024-07-17 00:00:00,KL-WYD-01,Wayanad,Highland/Ghats,11.6854,76.132,0.0,22.3,81.3,80.2,15.9
2024-07-17 01:00:00,KL-WYD-01,Wayanad,Highland/Ghats,11.6854,76.132,13.8,20.9,92.6,85.0,22.6
2024-07-17 02:00:00,KL-WYD-01,Wayanad,Highland/Ghats,11.6854,76.132,0.0,23.4,83.3,84.8,10.9
2024-07-17 03:00:00,KL-WYD-01,Wayanad,Highland/Ghats,11.6854,76.132,16.6,21.2,95.5,90.6,22.8
2024-07-17 04:00:00,KL-WYD-01,Wayanad,Highland/Ghats,11.6854,76.132,10.9,22.4,92.8,94.4,16.4
2024-07-17 05:00:00,KL-WYD-01,Wayanad,Highland/Ghats,11.6854,76.132,0.0,23.8,80.1,94.1,13.6
2024-07-17 06:00:00,KL-WYD-01,Wayanad,Highland/Ghats,11.6854,76.132,0.0,24.6,79.7,93.9,15.3
2024-07-17 07:00:00,KL-WYD-01,Wayanad,Highland/Ghats,11.6854,76.132,11.2,24.0,90.5,97.8,19.1
2024-07-17 08:00:00,KL-WYD-01,Wayanad,Highland/Ghats,11.6854,76.132,0.0,26.7,80.2,97.6,14.3
2024-07-17 09:00:00,KL-WYD-01,Wayanad,Highland/Ghats,11.6854,76.132,8.3,25.4,87.4,98.0,16.0
2024-07-17 10:00:00,KL-WYD-01,Wayanad,Highland/Ghats,11.6854,76.132,0.0,26.0,81.7,97.8,16.0
2024-07-17 11:00:00,KL-WYD-01,Wayanad,Highland/Ghats,11.6854,76.132,0.0,26.2,80.3,97.5,11.6
2024-07-17 12:00:00,KL-WYD-01,Wayanad,Highland/Ghats,11.6854,76.132,0.0,27.6,84.3,97.2,12.2
2024-07-17 13:00:00,KL-WYD-01,Wayanad,Highland/Ghats,11.6854,76.132,15.5,24.9,95.1,98.0,23.7
2024-07-17 14:00:00,KL-WYD-01,Wayanad,Highland/Ghats,11.6854,76.132,0.0,25.9,83.9,97.8,11.8
2024-07-17 15:00:00,KL-WYD-01,Wayanad,Highland/Ghats,11.6854,76.132,0.0,27.1,79.8,97.5,10.7
2024-07-17 16:00:00,KL-WYD-01,Wayanad,Highland/Ghats,11.6854,76.132,11.5,23.9,91.8,98.0,20.1
2024-07-17 17:00:00,KL-WYD-01,Wayanad,Highland/Ghats,11.6854,76.132,13.0,23.2,92.3,98.0,21.9
2024-07-17 18:00:00,KL-WYD-01,Wayanad,Highland/Ghats,11.6854,76.132,0.0,24.3,81.5,97.8,11.7
2024-07-17 19:00:00,KL-WYD-01,Wayanad,Highland/Ghats,11.6854,76.132,15.8,22.3,93.2,98.0,22.3
2024-07-17 20:00:00,KL-WYD-01,Wayanad,Highland/Ghats,11.6854,76.132,0.0,23.9,79.1,97.8,10.5
2024-07-17 21:00:00,KL-WYD-01,Wayanad,Highland/Ghats,11.6854,76.132,0.0,24.2,82.3,97.5,15.0
2024-07-17 22:00:00,KL-WYD-01,Wayanad,Highland/Ghats,11.6854,76.132,0.0,22.7,79.8,97.2,11.8
2024-07-17 23:00:00,KL-WYD-01,Wayanad,Highland/Ghats,11.6854,76.132,0.0,23.5,84.2,97.0,15.4
2024-07-18 00:00:00,KL-WYD-01,Wayanad,Highland/Ghats,11.6854,76.132,7.6,21.2,89.8,98.0,19.1
2024-07-18 01:00:00,KL-WYD-01,Wayanad,Highland/Ghats,11.6854,76.132,0.0,23.3,79.9,97.8,15.6
2024-07-18 02:00:00,KL-WYD-01,Wayanad,Highland/Ghats,11.6854,76.132,0.0,24.0,83.9,97.5,15.3
2024-07-18 03:00:00,KL-WYD-01,Wayanad,Highland/Ghats,11.6854,76.132,18.5,20.5,99.0,98.0,24.1
2024-07-18 04:00:00,KL-WYD-01,Wayanad,Highland/Ghats,11.6854,76.132,0.0,24.5,80.6,97.8,14.7
2024-07-18 05:00:00,KL-WYD-01,Wayanad,Highland/Ghats,11.6854,76.132,22.8,21.6,98.6,98.0,26.3
2024-07-18 06:00:00,KL-WYD-01,Wayanad,Highland/Ghats,11.6854,76.132,0.0,24.7,83.8,97.8,11.4
2024-07-18 07:00:00,KL-WYD-01,Wayanad,Highland/Ghats,11.6854,76.132,8.1,24.0,90.7,98.0,19.9
2024-07-18 08:00:00,KL-WYD-01,Wayanad,Highland/Ghats,11.6854,76.132,19.7,22.9,99.0,98.0,23.1
2024-07-18 09:00:00,KL-WYD-01,Wayanad,Highland/Ghats,11.6854,76.132,0.0,25.8,84.8,97.8,11.1
2024-07-18 10:00:00,KL-WYD-01,Wayanad,Highland/Ghats,11.6854,76.132,0.0,26.4,79.7,97.5,12.6
2024-07-18 11:00:00,KL-WYD-01,Wayanad,Highland/Ghats,11.6854,76.132,0.0,26.6,82.6,97.2,13.1
2024-07-18 12:00:00,KL-WYD-01,Wayanad,Highland/Ghats,11.6854,76.132,21.2,23.4,99.0,98.0,20.6
2024-07-18 13:00:00,KL-WYD-01,Wayanad,Highland/Ghats,11.6854,76.132,0.0,27.0,83.3,97.8,14.5
2024-07-18 14:00:00,KL-WYD-01,Wayanad,Highland/Ghats,11.6854,76.132,0.0,26.5,79.4,97.5,14.0
2024-07-18 15:00:00,KL-WYD-01,Wayanad,Highland/Ghats,11.6854,76.132,15.3,24.7,95.6,98.0,19.5
2024-07-18 16:00:00,KL-WYD-01,Wayanad,Highland/Ghats,11.6854,76.132,19.3,22.9,96.2,98.0,20.4
2024-07-18 17:00:00,KL-WYD-01,Wayanad,Highland/Ghats,11.6854,76.132,39.5,19.9,99.0,98.0,33.4
2024-07-18 18:00:00,KL-WYD-01,Wayanad,Highland/Ghats,11.6854,76.132,26.3,20.3,99.0,98.0,25.7
2024-07-18 19:00:00,KL-WYD-01,Wayanad,Highland/Ghats,11.6854,76.132,0.0,24.7,81.8,97.8,12.7
2024-07-18 20:00:00,KL-WYD-01,Wayanad,Highland/Ghats,11.6854,76.132,25.5,20.8,99.0,98.0,23.8
2024-07-18 21:00:00,KL-WYD-01,Wayanad,Highland/Ghats,11.6854,76.132,28.4,19.5,99.0,98.0,29.1
2024-07-18 22:00:00,KL-WYD-01,Wayanad,Highland/Ghats,11.6854,76.132,0.0,23.5,80.3,97.8,11.2
2024-07-18 23:00:00,KL-WYD-01,Wayanad,Highland/Ghats,11.6854,76.132,18.1,20.3,98.6,98.0,19.5
2024-07-19 00:00:00,KL-WYD-01,Wayanad,Highland/Ghats,11.6854,76.132,37.6,18.0,99.0,98.0,31.8
2024-07-19 01:00:00,KL-WYD-01,Wayanad,Highland/Ghats,11.6854,76.132,40.4,18.0,99.0,98.0,34.8
2024-07-19 02:00:00,KL-WYD-01,Wayanad,Highland/Ghats,11.6854,76.132,29.8,18.3,99.0,98.0,28.0
2024-07-19 03:00:00,KL-WYD-01,Wayanad,Highland/Ghats,11.6854,76.132,21.3,20.9,98.8,98.0,25.5
2024-07-19 04:00:00,KL-WYD-01,Wayanad,Highland/Ghats,11.6854,76.132,0.0,24.8,82.6,97.8,15.7
2024-07-19 05:00:00,KL-WYD-01,Wayanad,Highland/Ghats,11.6854,76.132,0.0,24.7,83.3,97.5,13.0
2024-07-19 06:00:00,KL-WYD-01,Wayanad,Highland/Ghats,11.6854,76.132,0.0,25.1,84.4,97.2,14.5
2024-07-19 07:00:00,KL-WYD-01,Wayanad,Highland/Ghats,11.6854,76.132,24.9,21.4,99.0,98.0,27.0
2024-07-19 08:00:00,KL-WYD-01,Wayanad,Highland/Ghats,11.6854,76.132,49.2,18.3,99.0,98.0,36.3
2024-07-19 09:00:00,KL-WYD-01,Wayanad,Highland/Ghats,11.6854,76.132,30.4,21.9,99.0,98.0,26.6
2024-07-19 10:00:00,KL-WYD-01,Wayanad,Highland/Ghats,11.6854,76.132,57.3,18.0,99.0,98.0,41.9
2024-07-19 11:00:00,KL-WYD-01,Wayanad,Highland/Ghats,11.6854,76.132,24.2,23.2,99.0,98.0,25.6
2024-07-19 12:00:00,KL-WYD-01,Wayanad,Highland/Ghats,11.6854,76.132,70.7,18.0,99.0,98.0,45.4
2024-07-19 13:00:00,KL-WYD-01,Wayanad,Highland/Ghats,11.6854,76.132,64.7,18.0,99.0,98.0,44.9
2024-07-19 14:00:00,KL-WYD-01,Wayanad,Highland/Ghats,11.6854,76.132,50.7,19.3,99.0,98.0,36.7
2024-07-19 15:00:00,KL-WYD-01,Wayanad,Highland/Ghats,11.6854,76.132,12.9,24.2,93.4,98.0,18.9
2024-07-19 16:00:00,KL-WYD-01,Wayanad,Highland/Ghats,11.6854,76.132,46.5,18.4,99.0,98.0,33.4
2024-07-19 17:00:00,KL-WYD-01,Wayanad,Highland/Ghats,11.6854,76.132,54.6,18.0,99.0,98.0,38.1
2024-07-19 18:00:00,KL-WYD-01,Wayanad,Highland/Ghats,11.6854,76.132,15.1,22.5,92.3,98.0,19.5
2024-07-19 19:00:00,KL-WYD-01,Wayanad,Highland/Ghats,11.6854,76.132,41.2,18.7,99.0,98.0,32.1
2024-07-19 20:00:00,KL-WYD-01,Wayanad,Highland/Ghats,11.6854,76.132,12.9,22.1,95.3,98.0,18.5
2024-07-19 21:00:00,KL-WYD-01,Wayanad,Highland/Ghats,11.6854,76.132,74.1,18.0,99.0,98.0,52.7
2024-07-19 22:00:00,KL-WYD-01,Wayanad,Highland/Ghats,11.6854,76.132,13.1,20.7,90.2,98.0,20.6
2024-07-19 23:00:00,KL-WYD-01,Wayanad,Highland/Ghats,11.6854,76.132,29.1,19.0,99.0,98.0,25.6
2024-07-20 00:00:00,KL-WYD-01,Wayanad,Highland/Ghats,11.6854,76.132,72.0,18.0,99.0,98.0,51.8
2024-07-20 01:00:00,KL-WYD-01,Wayanad,Highland/Ghats,11.6854,76.132,13.6,20.7,93.9,98.0,22.5
2024-07-20 02:00:00,KL-WYD-01,Wayanad,Highland/Ghats,11.6854,76.132,69.1,18.0,99.0,98.0,48.3
2024-07-20 03:00:00,KL-WYD-01,Wayanad,Highland/Ghats,11.6854,76.132,73.4,18.0,99.0,98.0,47.4
2024-07-20 04:00:00,KL-WYD-01,Wayanad,Highland/Ghats,11.6854,76.132,0.0,24.5,81.1,97.8,12.6
2024-07-20 05:00:00,KL-WYD-01,Wayanad,Highland/Ghats,11.6854,76.132,51.2,18.0,99.0,98.0,40.5
2024-07-20 06:00:00,KL-WYD-01,Wayanad,Highland/Ghats,11.6854,76.132,86.3,18.0,99.0,98.0,57.4
2024-07-20 07:00:00,KL-WYD-01,Wayanad,Highland/Ghats,11.6854,76.132,67.7,18.0,99.0,98.0,48.7
2024-07-20 08:00:00,KL-WYD-01,Wayanad,Highland/Ghats,11.6854,76.132,47.7,18.7,99.0,98.0,35.5
2024-07-20 09:00:00,KL-WYD-01,Wayanad,Highland/Ghats,11.6854,76.132,0.0,26.9,79.5,97.8,15.3
2024-07-20 10:00:00,KL-WYD-01,Wayanad,Highland/Ghats,11.6854,76.132,44.7,20.2,99.0,98.0,32.5
2024-07-20 11:00:00,KL-WYD-01,Wayanad,Highland/Ghats,11.6854,76.132,0.0,26.4,80.3,97.8,14.8
2024-07-20 12:00:00,KL-WYD-01,Wayanad,Highland/Ghats,11.6854,76.132,72.3,18.0,99.0,98.0,46.2
2024-07-20 13:00:00,KL-WYD-01,Wayanad,Highland/Ghats,11.6854,76.132,0.0,26.3,83.3,97.8,12.9
2024-07-20 14:00:00,KL-WYD-01,Wayanad,Highland/Ghats,11.6854,76.132,0.0,27.0,82.9,97.5,12.9
2024-07-20 15:00:00,KL-WYD-01,Wayanad,Highland/Ghats,11.6854,76.132,0.0,25.8,80.3,97.2,14.2
2024-07-20 16:00:00,KL-WYD-01,Wayanad,Highland/Ghats,11.6854,76.132,46.3,19.0,99.0,98.0,35.7
2024-07-20 17:00:00,KL-WYD-01,Wayanad,Highland/Ghats,11.6854,76.132,0.0,25.2,83.2,97.8,11.6
2024-07-20 18:00:00,KL-WYD-01,Wayanad,Highland/Ghats,11.6854,76.132,15.9,22.1,92.4,98.0,21.2
2024-07-20 19:00:00,KL-WYD-01,Wayanad,Highland/Ghats,11.6854,76.132,0.0,24.0,80.3,97.8,12.9
2024-07-20 20:00:00,KL-WYD-01,Wayanad,Highland/Ghats,11.6854,76.132,0.0,24.8,82.1,97.5,11.7
2024-07-20 21:00:00,KL-WYD-01,Wayanad,Highland/Ghats,11.6854,76.132,18.3,20.4,94.7,98.0,19.2
2024-07-20 22:00:00,KL-WYD-01,Wayanad,Highland/Ghats,11.6854,76.132,21.9,20.7,99.0,98.0,25.1
2024-07-20 23:00:00,KL-WYD-01,Wayanad,Highland/Ghats,11.6854,76.132,51.1,18.0,99.0,98.0,39.0
2024-07-21 00:00:00,KL-WYD-01,Wayanad,Highland/Ghats,11.6854,76.132,28.4,18.2,99.0,98.0,29.8
2024-07-21 01:00:00,KL-WYD-01,Wayanad,Highland/Ghats,11.6854,76.132,45.2,18.0,99.0,98.0,36.4
2024-07-21 02:00:00,KL-WYD-01,Wayanad,Highland/Ghats,11.6854,76.132,13.1,21.4,91.3,98.0,22.5
2024-07-21 03:00:00,KL-WYD-01,Wayanad,Highland/Ghats,11.6854,76.132,39.2,18.0,99.0,98.0,31.0
2024-07-21 04:00:00,KL-WYD-01,Wayanad,Highland/Ghats,11.6854,76.132,24.6,20.2,99.0,98.0,28.2
2024-07-21 05:00:00,KL-WYD-01,Wayanad,Highland/Ghats,11.6854,76.132,30.3,20.1,99.0,98.0,30.8
2024-07-21 06:00:00,KL-WYD-01,Wayanad,Highland/Ghats,11.6854,76.132,13.5,23.2,90.7,98.0,17.8
2024-07-21 07:00:00,KL-WYD-01,Wayanad,Highland/Ghats,11.6854,76.132,5.3,24.6,86.8,98.0,14.4
2024-07-21 08:00:00,KL-WYD-01,Wayanad,Highland/Ghats,11.6854,76.132,29.7,21.9,99.0,98.0,29.0
2024-07-21 09:00:00,KL-WYD-01,Wayanad,Highland/Ghats,11.6854,76.132,0.0,26.9,82.8,97.8,14.0
2024-07-21 10:00:00,KL-WYD-01,Wayanad,Highland/Ghats,11.6854,76.132,0.0,26.6,82.3,97.5,13.9
2024-07-21 11:00:00,KL-WYD-01,Wayanad,Highland/Ghats,11.6854,76.132,0.0,27.5,79.4,97.2,11.0
2024-07-21 12:00:00,KL-WYD-01,Wayanad,Highland/Ghats,11.6854,76.132,26.3,23.2,99.0,98.0,23.9
2024-07-21 13:00:00,KL-WYD-01,Wayanad,Highland/Ghats,11.6854,76.132,0.0,27.3,84.7,97.8,13.0
2024-07-21 14:00:00,KL-WYD-01,Wayanad,Highland/Ghats,11.6854,76.132,0.0,26.1,79.2,97.5,12.6
2024-07-21 15:00:00,KL-WYD-01,Wayanad,Highland/Ghats,11.6854,76.132,10.3,24.2,93.0,98.0,20.2
2024-07-21 16:00:00,KL-WYD-01,Wayanad,Highland/Ghats,11.6854,76.132,0.0,26.7,85.0,97.8,14.0
2024-07-21 17:00:00,KL-WYD-01,Wayanad,Highland/Ghats,11.6854,76.132,4.4,25.3,85.3,98.0,16.1
2024-07-21 18:00:00,KL-WYD-01,Wayanad,Highland/Ghats,11.6854,76.132,0.0,24.5,82.5,97.8,13.8
2024-07-21 19:00:00,KL-WYD-01,Wayanad,Highland/Ghats,11.6854,76.132,0.0,23.8,81.1,97.5,12.0
2024-07-21 20:00:00,KL-WYD-01,Wayanad,Highland/Ghats,11.6854,76.132,0.0,24.6,81.0,97.2,14.2
2024-07-21 21:00:00,KL-WYD-01,Wayanad,Highland/Ghats,11.6854,76.132,22.9,20.7,99.0,98.0,24.2
2024-07-21 22:00:00,KL-WYD-01,Wayanad,Highland/Ghats,11.6854,76.132,9.5,22.6,89.0,98.0,17.8
2024-07-21 23:00:00,KL-WYD-01,Wayanad,Highland/Ghats,11.6854,76.132,0.0,23.3,82.3,97.8,12.5
2024-07-22 00:00:00,KL-WYD-01,Wayanad,Highland/Ghats,11.6854,76.132,9.7,22.0,90.5,98.0,19.4
2024-07-22 01:00:00,KL-WYD-01,Wayanad,Highland/Ghats,11.6854,76.132,13.0,21.8,92.0,98.0,20.7
2024-07-22 02:00:00,KL-WYD-01,Wayanad,Highland/Ghats,11.6854,76.132,20.5,20.4,96.8,98.0,21.2
2024-07-22 03:00:00,KL-WYD-01,Wayanad,Highland/Ghats,11.6854,76.132,0.0,23.7,79.6,97.8,16.0
2024-07-22 04:00:00,KL-WYD-01,Wayanad,Highland/Ghats,11.6854,76.132,0.0,23.9,79.7,97.5,15.0
2024-07-22 05:00:00,KL-WYD-01,Wayanad,Highland/Ghats,11.6854,76.132,0.0,24.8,82.1,97.2,11.6
2024-07-22 06:00:00,KL-WYD-01,Wayanad,Highland/Ghats,11.6854,76.132,0.0,25.8,80.5,97.0,13.3
2024-07-22 07:00:00,KL-WYD-01,Wayanad,Highland/Ghats,11.6854,76.132,0.0,26.2,82.0,96.8,15.3
2024-07-22 08:00:00,KL-WYD-01,Wayanad,Highland/Ghats,11.6854,76.132,0.0,25.6,83.7,96.5,12.5
2024-07-22 09:00:00,KL-WYD-01,Wayanad,Highland/Ghats,11.6854,76.132,0.0,26.4,83.9,96.2,11.7
2024-07-22 10:00:00,KL-WYD-01,Wayanad,Highland/Ghats,11.6854,76.132,11.8,25.8,91.4,98.0,16.8
2024-07-22 11:00:00,KL-WYD-01,Wayanad,Highland/Ghats,11.6854,76.132,0.0,26.7,82.3,97.8,13.3
2024-07-22 12:00:00,KL-WYD-01,Wayanad,Highland/Ghats,11.6854,76.132,0.0,26.7,80.1,97.5,14.2
2024-07-22 13:00:00,KL-WYD-01,Wayanad,Highland/Ghats,11.6854,76.132,0.0,26.5,83.7,97.2,10.3
2024-07-22 14:00:00,KL-WYD-01,Wayanad,Highland/Ghats,11.6854,76.132,0.0,27.1,83.9,97.0,12.3
2024-07-22 15:00:00,KL-WYD-01,Wayanad,Highland/Ghats,11.6854,76.132,0.0,26.9,84.9,96.8,13.0
2024-07-22 16:00:00,KL-WYD-01,Wayanad,Highland/Ghats,11.6854,76.132,10.0,24.6,92.2,98.0,20.2
2024-07-22 17:00:00,KL-WYD-01,Wayanad,Highland/Ghats,11.6854,76.132,0.0,25.6,81.7,97.8,14.3
2024-07-22 18:00:00,KL-WYD-01,Wayanad,Highland/Ghats,11.6854,76.132,0.0,25.2,79.9,97.5,12.8
2024-07-22 19:00:00,KL-WYD-01,Wayanad,Highland/Ghats,11.6854,76.132,0.0,24.2,83.2,97.2,13.9
2024-07-22 20:00:00,KL-WYD-01,Wayanad,Highland/Ghats,11.6854,76.132,0.0,24.6,84.2,97.0,12.3
2024-07-22 21:00:00,KL-WYD-01,Wayanad,Highland/Ghats,11.6854,76.132,13.3,22.0,94.9,98.0,16.9
2024-07-22 22:00:00,KL-WYD-01,Wayanad,Highland/Ghats,11.6854,76.132,12.0,22.1,94.6,98.0,20.5
2024-07-22 23:00:00,KL-WYD-01,Wayanad,Highland/Ghats,11.6854,76.132,0.0,22.4,82.8,97.8,15.2
2024-07-23 00:00:00,KL-WYD-01,Wayanad,Highland/Ghats,11.6854,76.132,0.0,23.3,84.4,97.5,10.3
2024-07-23 01:00:00,KL-WYD-01,Wayanad,Highland/Ghats,11.6854,76.132,0.0,22.7,81.2,97.2,10.9
2024-07-23 02:00:00,KL-WYD-01,Wayanad,Highland/Ghats,11.6854,76.132,0.0,23.4,83.8,97.0,11.0
2024-07-23 03:00:00,KL-WYD-01,Wayanad,Highland/Ghats,11.6854,76.132,16.1,21.4,93.3,98.0,23.5
2024-07-23 04:00:00,KL-WYD-01,Wayanad,Highland/Ghats,11.6854,76.132,9.7,22.2,88.3,98.0,14.9
2024-07-23 05:00:00,KL-WYD-01,Wayanad,Highland/Ghats,11.6854,76.132,0.0,25.1,83.1,97.8,10.9
2024-07-23 06:00:00,KL-WYD-01,Wayanad,Highland/Ghats,11.6854,76.132,0.0,24.8,82.5,97.5,13.8
2024-07-23 07:00:00,KL-WYD-01,Wayanad,Highland/Ghats,11.6854,76.132,0.0,25.1,84.1,97.2,11.2
2024-07-23 08:00:00,KL-WYD-01,Wayanad,Highland/Ghats,11.6854,76.132,0.0,26.0,80.4,97.0,13.4
2024-07-23 09:00:00,KL-WYD-01,Wayanad,Highland/Ghats,11.6854,76.132,0.0,27.2,80.8,96.8,15.9
2024-07-23 10:00:00,KL-WYD-01,Wayanad,Highland/Ghats,11.6854,76.132,0.0,26.4,82.4,96.5,14.1
2024-07-23 11:00:00,KL-WYD-01,Wayanad,Highland/Ghats,11.6854,76.132,0.0,26.2,82.6,96.2,13.0
2024-07-23 12:00:00,KL-WYD-01,Wayanad,Highland/Ghats,11.6854,76.132,0.0,26.7,83.8,96.0,13.6
2024-07-23 13:00:00,KL-WYD-01,Wayanad,Highland/Ghats,11.6854,76.132,14.5,25.0,94.7,98.0,21.6
2024-07-23 14:00:00,KL-WYD-01,Wayanad,Highland/Ghats,11.6854,76.132,0.0,27.3,82.8,97.8,15.4
2024-07-23 15:00:00,KL-WYD-01,Wayanad,Highland/Ghats,11.6854,76.132,0.0,26.1,81.6,97.5,13.5
2024-07-23 16:00:00,KL-WYD-01,Wayanad,Highland/Ghats,11.6854,76.132,0.0,25.3,80.8,97.2,14.5
2024-07-23 17:00:00,KL-WYD-01,Wayanad,Highland/Ghats,11.6854,76.132,5.7,24.7,89.4,98.0,16.0
2024-07-23 18:00:00,KL-WYD-01,Wayanad,Highland/Ghats,11.6854,76.132,0.0,25.5,80.5,97.8,14.9
2024-07-23 19:00:00,KL-WYD-01,Wayanad,Highland/Ghats,11.6854,76.132,0.0,25.0,83.5,97.5,12.0
2024-07-23 20:00:00,KL-WYD-01,Wayanad,Highland/Ghats,11.6854,76.132,25.2,19.6,99.0,98.0,27.8
2024-07-23 21:00:00,KL-WYD-01,Wayanad,Highland/Ghats,11.6854,76.132,0.0,24.4,84.8,97.8,14.8
2024-07-23 22:00:00,KL-WYD-01,Wayanad,Highland/Ghats,11.6854,76.132,23.0,19.0,99.0,98.0,24.2
2024-07-23 23:00:00,KL-WYD-01,Wayanad,Highland/Ghats,11.6854,76.132,0.0,23.3,82.5,97.8,14.9
2024-07-24 00:00:00,KL-WYD-01,Wayanad,Highland/Ghats,11.6854,76.132,0.0,22.4,80.4,97.5,10.2
2024-07-24 01:00:00,KL-WYD-01,Wayanad,Highland/Ghats,11.6854,76.132,0.0,23.2,84.5,97.2,11.3
2024-07-24 02:00:00,KL-WYD-01,Wayanad,Highland/Ghats,11.6854,76.132,28.1,19.7,99.0,98.0,26.5
2024-07-24 03:00:00,KL-WYD-01,Wayanad,Highland/Ghats,11.6854,76.132,33.0,18.3,99.0,98.0,27.1
2024-07-24 04:00:00,KL-WYD-01,Wayanad,Highland/Ghats,11.6854,76.132,0.0,23.4,81.7,97.8,14.0
2024-07-24 05:00:00,KL-WYD-01,Wayanad,Highland/Ghats,11.6854,76.132,0.0,25.2,81.5,97.5,14.5
2024-07-24 06:00:00,KL-WYD-01,Wayanad,Highland/Ghats,11.6854,76.132,19.4,21.4,97.5,98.0,22.1
2024-07-24 07:00:00,KL-WYD-01,Wayanad,Highland/Ghats,11.6854,76.132,0.0,24.8,81.2,97.8,12.7
2024-07-24 08:00:00,KL-WYD-01,Wayanad,Highland/Ghats,11.6854,76.132,0.0,26.6,79.6,97.5,14.1
2024-07-24 09:00:00,KL-WYD-01,Wayanad,Highland/Ghats,11.6854,76.132,0.0,27.2,81.2,97.2,12.4
2024-07-24 10:00:00,KL-WYD-01,Wayanad,Highland/Ghats,11.6854,76.132,11.2,25.6,90.7,98.0,19.6
2024-07-24 11:00:00,KL-WYD-01,Wayanad,Highland/Ghats,11.6854,76.132,0.0,27.1,79.1,97.8,14.7
2024-07-24 12:00:00,KL-WYD-01,Wayanad,Highland/Ghats,11.6854,76.132,12.4,25.2,89.3,98.0,20.8
2024-07-24 13:00:00,KL-WYD-01,Wayanad,Highland/Ghats,11.6854,76.132,17.4,24.9,94.9,98.0,19.6
2024-07-24 14:00:00,KL-WYD-01,Wayanad,Highland/Ghats,11.6854,76.132,0.0,25.9,84.2,97.8,10.9
2024-07-24 15:00:00,KL-WYD-01,Wayanad,Highland/Ghats,11.6854,76.132,21.0,22.7,99.0,98.0,20.7
2024-07-24 16:00:00,KL-WYD-01,Wayanad,Highland/Ghats,11.6854,76.132,52.0,18.0,99.0,98.0,37.0
2024-07-24 17:00:00,KL-WYD-01,Wayanad,Highland/Ghats,11.6854,76.132,51.6,18.0,99.0,98.0,38.7
2024-07-24 18:00:00,KL-WYD-01,Wayanad,Highland/Ghats,11.6854,76.132,0.0,25.0,79.7,97.8,21.0
2024-07-24 19:00:00,KL-WYD-01,Wayanad,Highland/Ghats,11.6854,76.132,0.0,23.8,83.7,97.5,23.2
2024-07-24 20:00:00,KL-WYD-01,Wayanad,Highland/Ghats,11.6854,76.132,39.9,18.8,99.0,98.0,40.8
2024-07-24 21:00:00,KL-WYD-01,Wayanad,Highland/Ghats,11.6854,76.132,57.4,18.0,99.0,98.0,47.1
2024-07-24 22:00:00,KL-WYD-01,Wayanad,Highland/Ghats,11.6854,76.132,54.2,18.0,99.0,98.0,48.9
2024-07-24 23:00:00,KL-WYD-01,Wayanad,Highland/Ghats,11.6854,76.132,35.1,18.6,99.0,98.0,38.3
2024-07-25 00:00:00,KL-WYD-01,Wayanad,Highland/Ghats,11.6854,76.132,18.9,20.5,99.0,98.0,31.4
2024-07-25 01:00:00,KL-WYD-01,Wayanad,Highland/Ghats,11.6854,76.132,0.0,23.4,80.3,97.8,20.7
2024-07-25 02:00:00,KL-WYD-01,Wayanad,Highland/Ghats,11.6854,76.132,40.4,18.0,99.0,98.0,40.8
2024-07-25 03:00:00,KL-WYD-01,Wayanad,Highland/Ghats,11.6854,76.132,0.0,23.4,79.9,97.8,23.5
2024-07-25 04:00:00,KL-WYD-01,Wayanad,Highland/Ghats,11.6854,76.132,115.3,18.0,99.0,98.0,79.0
2024-07-25 05:00:00,KL-WYD-01,Wayanad,Highland/Ghats,11.6854,76.132,65.2,18.0,99.0,98.0,54.6
2024-07-25 06:00:00,KL-WYD-01,Wayanad,Highland/Ghats,11.6854,76.132,0.0,25.6,83.3,97.8,23.8
2024-07-25 07:00:00,KL-WYD-01,Wayanad,Highland/Ghats,11.6854,76.132,48.5,18.0,99.0,98.0,43.6
2024-07-25 08:00:00,KL-WYD-01,Wayanad,Highland/Ghats,11.6854,76.132,99.6,18.0,99.0,98.0,72.6
2024-07-25 09:00:00,KL-WYD-01,Wayanad,Highland/Ghats,11.6854,76.132,0.0,27.2,83.9,97.8,21.7
2024-07-25 10:00:00,KL-WYD-01,Wayanad,Highland/Ghats,11.6854,76.132,17.9,24.6,94.9,98.0,28.0
2024-07-25 11:00:00,KL-WYD-01,Wayanad,Highland/Ghats,11.6854,76.132,49.0,18.8,99.0,98.0,45.9
2024-07-25 12:00:00,KL-WYD-01,Wayanad,Highland/Ghats,11.6854,76.132,31.5,21.5,99.0,98.0,35.0
2024-07-25 13:00:00,KL-WYD-01,Wayanad,Highland/Ghats,11.6854,76.132,54.6,19.1,99.0,98.0,48.7
2024-07-25 14:00:00,KL-WYD-01,Wayanad,Highland/Ghats,11.6854,76.132,22.4,23.6,99.0,98.0,30.8
2024-07-25 15:00:00,KL-WYD-01,Wayanad,Highland/Ghats,11.6854,76.132,73.3,18.0,99.0,98.0,55.3
2024-07-25 16:00:00,KL-WYD-01,Wayanad,Highland/Ghats,11.6854,76.132,50.4,18.4,99.0,98.0,43.5
2024-07-25 17:00:00,KL-WYD-01,Wayanad,Highland/Ghats,11.6854,76.132,123.0,18.0,99.0,98.0,81.0
2024-07-25 18:00:00,KL-WYD-01,Wayanad,Highland/Ghats,11.6854,76.132,18.2,21.8,95.8,98.0,31.3
2024-07-25 19:00:00,KL-WYD-01,Wayanad,Highland/Ghats,11.6854,76.132,119.4,18.0,99.0,98.0,78.0
2024-07-25 20:00:00,KL-WYD-01,Wayanad,Highland/Ghats,11.6854,76.132,131.2,18.0,99.0,98.0,87.9
2024-07-25 21:00:00,KL-WYD-01,Wayanad,Highland/Ghats,11.6854,76.132,66.7,18.0,99.0,98.0,56.3
2024-07-25 22:00:00,KL-WYD-01,Wayanad,Highland/Ghats,11.6854,76.132,0.0,22.6,84.1,97.8,19.5
2024-07-25 23:00:00,KL-WYD-01,Wayanad,Highland/Ghats,11.6854,76.132,83.2,18.0,99.0,98.0,61.6
2024-07-26 00:00:00,KL-WYD-01,Wayanad,Highland/Ghats,11.6854,76.132,121.9,18.0,99.0,98.0,83.3
2024-07-26 01:00:00,KL-WYD-01,Wayanad,Highland/Ghats,11.6854,76.132,0.0,23.6,80.4,97.8,18.9
2024-07-26 02:00:00,KL-WYD-01,Wayanad,Highland/Ghats,11.6854,76.132,92.8,18.0,99.0,98.0,69.0
2024-07-26 03:00:00,KL-WYD-01,Wayanad,Highland/Ghats,11.6854,76.132,111.3,18.0,99.0,98.0,77.0
2024-07-26 04:00:00,KL-WYD-01,Wayanad,Highland/Ghats,11.6854,76.132,94.6,18.0,99.0,98.0,65.7
2024-07-26 05:00:00,KL-WYD-01,Wayanad,Highland/Ghats,11.6854,76.132,54.5,18.0,99.0,98.0,47.1
2024-07-26 06:00:00,KL-WYD-01,Wayanad,Highland/Ghats,11.6854,76.132,24.2,20.7,99.0,98.0,35.2
2024-07-26 07:00:00,KL-WYD-01,Wayanad,Highland/Ghats,11.6854,76.132,77.9,18.0,99.0,98.0,62.3
2024-07-26 08:00:00,KL-WYD-01,Wayanad,Highland/Ghats,11.6854,76.132,112.7,18.0,99.0,98.0,75.3
2024-07-26 09:00:00,KL-WYD-01,Wayanad,Highland/Ghats,11.6854,76.132,28.7,21.9,99.0,98.0,35.4
2024-07-26 10:00:00,KL-WYD-01,Wayanad,Highland/Ghats,11.6854,76.132,44.8,19.9,99.0,98.0,41.4
2024-07-26 11:00:00,KL-WYD-01,Wayanad,Highland/Ghats,11.6854,76.132,48.0,19.5,99.0,98.0,46.7
2024-07-26 12:00:00,KL-WYD-01,Wayanad,Highland/Ghats,11.6854,76.132,68.5,18.0,99.0,98.0,56.2
2024-07-26 13:00:00,KL-WYD-01,Wayanad,Highland/Ghats,11.6854,76.132,0.0,27.5,81.0,97.8,21.5
2024-07-26 14:00:00,KL-WYD-01,Wayanad,Highland/Ghats,11.6854,76.132,52.2,19.2,99.0,98.0,47.7
2024-07-26 15:00:00,KL-WYD-01,Wayanad,Highland/Ghats,11.6854,76.132,0.0,26.1,81.3,97.8,22.7
2024-07-26 16:00:00,KL-WYD-01,Wayanad,Highland/Ghats,11.6854,76.132,0.0,26.3,84.0,97.5,22.4
2024-07-26 17:00:00,KL-WYD-01,Wayanad,Highland/Ghats,11.6854,76.132,65.7,18.0,99.0,98.0,53.0
2024-07-26 18:00:00,KL-WYD-01,Wayanad,Highland/Ghats,11.6854,76.132,34.0,19.9,99.0,98.0,35.8
2024-07-26 19:00:00,KL-WYD-01,Wayanad,Highland/Ghats,11.6854,76.132,139.5,18.0,99.0,98.0,88.0
2024-07-26 20:00:00,KL-WYD-01,Wayanad,Highland/Ghats,11.6854,76.132,117.8,18.0,99.0,98.0,81.5
2024-07-26 21:00:00,KL-WYD-01,Wayanad,Highland/Ghats,11.6854,76.132,0.0,23.1,81.6,97.8,20.5
2024-07-26 22:00:00,KL-WYD-01,Wayanad,Highland/Ghats,11.6854,76.132,0.0,22.8,81.7,97.5,19.7
2024-07-26 23:00:00,KL-WYD-01,Wayanad,Highland/Ghats,11.6854,76.132,0.0,23.0,82.2,97.2,19.9
2024-07-27 00:00:00,KL-WYD-01,Wayanad,Highland/Ghats,11.6854,76.132,0.0,23.0,84.0,97.0,20.2
2024-07-27 01:00:00,KL-WYD-01,Wayanad,Highland/Ghats,11.6854,76.132,0.0,23.8,81.8,96.8,19.7
2024-07-27 02:00:00,KL-WYD-01,Wayanad,Highland/Ghats,11.6854,76.132,48.4,18.0,99.0,98.0,47.0
2024-07-27 03:00:00,KL-WYD-01,Wayanad,Highland/Ghats,11.6854,76.132,27.2,19.7,99.0,98.0,34.9
2024-07-27 04:00:00,KL-WYD-01,Wayanad,Highland/Ghats,11.6854,76.132,65.7,18.0,99.0,98.0,55.4
2024-07-27 05:00:00,KL-WYD-01,Wayanad,Highland/Ghats,11.6854,76.132,66.8,18.0,99.0,98.0,57.1
2024-07-27 06:00:00,KL-WYD-01,Wayanad,Highland/Ghats,11.6854,76.132,36.2,19.3,99.0,98.0,36.4
2024-07-27 07:00:00,KL-WYD-01,Wayanad,Highland/Ghats,11.6854,76.132,22.1,23.0,98.9,98.0,21.2
2024-07-27 08:00:00,KL-WYD-01,Wayanad,Highland/Ghats,11.6854,76.132,0.0,26.5,82.9,97.8,14.7
2024-07-27 09:00:00,KL-WYD-01,Wayanad,Highland/Ghats,11.6854,76.132,22.9,23.5,99.0,98.0,22.3
2024-07-27 10:00:00,KL-WYD-01,Wayanad,Highland/Ghats,11.6854,76.132,0.0,26.6,79.0,97.8,10.5
2024-07-27 11:00:00,KL-WYD-01,Wayanad,Highland/Ghats,11.6854,76.132,47.4,19.9,99.0,98.0,36.9
2024-07-27 12:00:00,KL-WYD-01,Wayanad,Highland/Ghats,11.6854,76.132,19.9,23.7,95.2,98.0,22.5
2024-07-27 13:00:00,KL-WYD-01,Wayanad,Highland/Ghats,11.6854,76.132,0.0,26.9,79.7,97.8,15.4
2024-07-27 14:00:00,KL-WYD-01,Wayanad,Highland/Ghats,11.6854,76.132,0.0,26.0,82.1,97.5,11.5
2024-07-27 15:00:00,KL-WYD-01,Wayanad,Highland/Ghats,11.6854,76.132,23.0,23.1,98.8,98.0,24.0
2024-07-27 16:00:00,KL-WYD-01,Wayanad,Highland/Ghats,11.6854,76.132,0.0,25.3,84.8,97.8,10.4
2024-07-27 17:00:00,KL-WYD-01,Wayanad,Highland/Ghats,11.6854,76.132,0.0,25.5,84.9,97.5,13.3
2024-07-27 18:00:00,KL-WYD-01,Wayanad,Highland/Ghats,11.6854,76.132,21.3,22.0,99.0,98.0,22.2
2024-07-27 19:00:00,KL-WYD-01,Wayanad,Highland/Ghats,11.6854,76.132,30.9,19.6,99.0,98.0,29.2
2024-07-27 20:00:00,KL-WYD-01,Wayanad,Highland/Ghats,11.6854,76.132,0.0,24.4,81.0,97.8,10.3
2024-07-27 21:00:00,KL-WYD-01,Wayanad,Highland/Ghats,11.6854,76.132,0.0,24.1,80.1,97.5,14.7
2024-07-27 22:00:00,KL-WYD-01,Wayanad,Highland/Ghats,11.6854,76.132,0.0,23.6,82.8,97.2,14.9
2024-07-27 23:00:00,KL-WYD-01,Wayanad,Highland/Ghats,11.6854,76.132,25.5,19.2,99.0,98.0,23.0
2024-07-28 00:00:00,KL-WYD-01,Wayanad,Highland/Ghats,11.6854,76.132,4.9,23.0,86.0,98.0,18.4
2024-07-28 01:00:00,KL-WYD-01,Wayanad,Highland/Ghats,11.6854,76.132,0.0,22.7,83.5,97.8,11.1
2024-07-28 02:00:00,KL-WYD-01,Wayanad,Highland/Ghats,11.6854,76.132,22.7,20.4,99.0,98.0,22.1
2024-07-28 03:00:00,KL-WYD-01,Wayanad,Highland/Ghats,11.6854,76.132,24.4,20.3,99.0,98.0,24.5
2024-07-28 04:00:00,KL-WYD-01,Wayanad,Highland/Ghats,11.6854,76.132,0.0,24.0,82.0,97.8,15.5
2024-07-28 05:00:00,KL-WYD-01,Wayanad,Highland/Ghats,11.6854,76.132,0.0,25.0,83.4,97.5,10.5
2024-07-28 06:00:00,KL-WYD-01,Wayanad,Highland/Ghats,11.6854,76.132,0.0,25.5,82.3,97.2,11.9
2024-07-28 07:00:00,KL-WYD-01,Wayanad,Highland/Ghats,11.6854,76.132,16.6,22.7,95.9,98.0,20.9
2024-07-28 08:00:00,KL-WYD-01,Wayanad,Highland/Ghats,11.6854,76.132,0.0,25.8,79.3,97.8,15.2
2024-07-28 09:00:00,KL-WYD-01,Wayanad,Highland/Ghats,11.6854,76.132,22.3,22.7,99.0,98.0,26.8
2024-07-28 10:00:00,KL-WYD-01,Wayanad,Highland/Ghats,11.6854,76.132,14.8,24.3,95.6,98.0,21.5
2024-07-28 11:00:00,KL-WYD-01,Wayanad,Highland/Ghats,11.6854,76.132,0.0,26.4,82.6,97.8,14.7
2024-07-28 12:00:00,KL-WYD-01,Wayanad,Highland/Ghats,11.6854,76.132,3.8,26.9,84.2,98.0,14.2
2024-07-28 13:00:00,KL-WYD-01,Wayanad,Highland/Ghats,11.6854,76.132,0.0,27.1,83.1,97.8,15.7
2024-07-28 14:00:00,KL-WYD-01,Wayanad,Highland/Ghats,11.6854,76.132,0.0,27.2,82.4,97.5,13.2
2024-07-28 15:00:00,KL-WYD-01,Wayanad,Highland/Ghats,11.6854,76.132,0.0,26.7,80.5,97.2,10.7
2024-07-28 16:00:00,KL-WYD-01,Wayanad,Highland/Ghats,11.6854,76.132,0.0,26.0,81.3,97.0,13.4
2024-07-28 17:00:00,KL-WYD-01,Wayanad,Highland/Ghats,11.6854,76.132,6.7,24.4,90.3,98.0,15.1
2024-07-28 18:00:00,KL-WYD-01,Wayanad,Highland/Ghats,11.6854,76.132,0.0,25.0,79.7,97.8,15.1
2024-07-28 19:00:00,KL-WYD-01,Wayanad,Highland/Ghats,11.6854,76.132,0.0,25.1,81.7,97.5,10.5
2024-07-28 20:00:00,KL-WYD-01,Wayanad,Highland/Ghats,11.6854,76.132,0.0,24.6,80.9,97.2,12.1
2024-07-28 21:00:00,KL-WYD-01,Wayanad,Highland/Ghats,11.6854,76.132,10.8,22.6,92.7,98.0,19.7
2024-07-28 22:00:00,KL-WYD-01,Wayanad,Highland/Ghats,11.6854,76.132,0.0,23.5,83.8,97.8,13.1
2024-07-28 23:00:00,KL-WYD-01,Wayanad,Highland/Ghats,11.6854,76.132,5.3,21.7,88.0,98.0,12.8
2024-07-15 00:00:00,KL-IDK-02,Idukki,Highland/Ghats,9.85,76.97,0.0,23.5,82.3,55.3,13.7
2024-07-15 01:00:00,KL-IDK-02,Idukki,Highland/Ghats,9.85,76.97,6.6,22.9,88.6,57.6,16.5
2024-07-15 02:00:00,KL-IDK-02,Idukki,Highland/Ghats,9.85,76.97,0.0,23.8,79.4,57.4,15.8
2024-07-15 03:00:00,KL-IDK-02,Idukki,Highland/Ghats,9.85,76.97,0.0,23.5,83.1,57.1,12.1
2024-07-15 04:00:00,KL-IDK-02,Idukki,Highland/Ghats,9.85,76.97,0.0,24.4,82.8,56.9,11.1
2024-07-15 05:00:00,KL-IDK-02,Idukki,Highland/Ghats,9.85,76.97,0.0,24.4,84.5,56.6,10.3
2024-07-15 06:00:00,KL-IDK-02,Idukki,Highland/Ghats,9.85,76.97,4.3,23.8,84.4,58.1,16.4
2024-07-15 07:00:00,KL-IDK-02,Idukki,Highland/Ghats,9.85,76.97,15.9,23.8,96.8,63.7,19.5
2024-07-15 08:00:00,KL-IDK-02,Idukki,Highland/Ghats,9.85,76.97,0.0,26.1,79.8,63.4,11.8
2024-07-15 09:00:00,KL-IDK-02,Idukki,Highland/Ghats,9.85,76.97,0.0,26.4,80.0,63.2,15.6
2024-07-15 10:00:00,KL-IDK-02,Idukki,Highland/Ghats,9.85,76.97,11.8,25.3,92.1,67.3,21.0
2024-07-15 11:00:00,KL-IDK-02,Idukki,Highland/Ghats,9.85,76.97,0.0,27.5,79.2,67.1,10.3
2024-07-15 12:00:00,KL-IDK-02,Idukki,Highland/Ghats,9.85,76.97,0.0,27.1,82.9,66.8,14.6
2024-07-15 13:00:00,KL-IDK-02,Idukki,Highland/Ghats,9.85,76.97,0.0,27.2,82.0,66.6,13.8
2024-07-15 14:00:00,KL-IDK-02,Idukki,Highland/Ghats,9.85,76.97,16.2,24.3,96.8,72.2,22.2
2024-07-15 15:00:00,KL-IDK-02,Idukki,Highland/Ghats,9.85,76.97,3.2,25.2,84.2,73.3,14.5
2024-07-15 16:00:00,KL-IDK-02,Idukki,Highland/Ghats,9.85,76.97,11.0,24.1,92.1,77.2,19.9
2024-07-15 17:00:00,KL-IDK-02,Idukki,Highland/Ghats,9.85,76.97,0.0,26.3,79.8,76.9,12.2
2024-07-15 18:00:00,KL-IDK-02,Idukki,Highland/Ghats,9.85,76.97,0.0,24.7,81.8,76.7,11.6
2024-07-15 19:00:00,KL-IDK-02,Idukki,Highland/Ghats,9.85,76.97,3.5,23.6,84.1,77.9,15.4
2024-07-15 20:00:00,KL-IDK-02,Idukki,Highland/Ghats,9.85,76.97,14.8,21.2,92.8,83.1,20.9
2024-07-15 21:00:00,KL-IDK-02,Idukki,Highland/Ghats,9.85,76.97,13.3,21.6,92.7,87.8,19.6
2024-07-15 22:00:00,KL-IDK-02,Idukki,Highland/Ghats,9.85,76.97,2.4,23.6,84.0,88.6,17.0
2024-07-15 23:00:00,KL-IDK-02,Idukki,Highland/Ghats,9.85,76.97,7.3,21.3,87.8,91.1,18.9
2024-07-16 00:00:00,KL-IDK-02,Idukki,Highland/Ghats,9.85,76.97,0.0,23.0,82.2,90.9,15.1
2024-07-16 01:00:00,KL-IDK-02,Idukki,Highland/Ghats,9.85,76.97,0.0,23.7,83.4,90.6,14.6
2024-07-16 02:00:00,KL-IDK-02,Idukki,Highland/Ghats,9.85,76.97,0.0,23.1,82.4,90.4,11.2
2024-07-16 03:00:00,KL-IDK-02,Idukki,Highland/Ghats,9.85,76.97,0.0,22.9,82.0,90.1,14.6
2024-07-16 04:00:00,KL-IDK-02,Idukki,Highland/Ghats,9.85,76.97,16.6,21.8,93.0,96.0,24.2
2024-07-16 05:00:00,KL-IDK-02,Idukki,Highland/Ghats,9.85,76.97,0.0,25.0,81.0,95.7,15.6
2024-07-16 06:00:00,KL-IDK-02,Idukki,Highland/Ghats,9.85,76.97,0.0,24.5,82.1,95.5,13.0
2024-07-16 07:00:00,KL-IDK-02,Idukki,Highland/Ghats,9.85,76.97,4.1,24.6,85.1,96.9,14.8
2024-07-16 08:00:00,KL-IDK-02,Idukki,Highland/Ghats,9.85,76.97,0.0,26.0,81.0,96.6,13.7
2024-07-16 09:00:00,KL-IDK-02,Idukki,Highland/Ghats,9.85,76.97,16.7,24.3,94.2,98.0,20.4
2024-07-16 10:00:00,KL-IDK-02,Idukki,Highland/Ghats,9.85,76.97,0.0,26.8,83.3,97.8,11.8
2024-07-16 11:00:00,KL-IDK-02,Idukki,Highland/Ghats,9.85,76.97,0.0,26.7,83.0,97.5,15.9
2024-07-16 12:00:00,KL-IDK-02,Idukki,Highland/Ghats,9.85,76.97,0.0,27.5,83.4,97.2,14.1
2024-07-16 13:00:00,KL-IDK-02,Idukki,Highland/Ghats,9.85,76.97,9.1,26.3,91.0,98.0,19.2
2024-07-16 14:00:00,KL-IDK-02,Idukki,Highland/Ghats,9.85,76.97,0.0,27.1,82.5,97.8,11.0
2024-07-16 15:00:00,KL-IDK-02,Idukki,Highland/Ghats,9.85,76.97,0.0,26.6,84.0,97.5,10.9
2024-07-16 16:00:00,KL-IDK-02,Idukki,Highland/Ghats,9.85,76.97,0.0,25.3,84.7,97.2,10.7
2024-07-16 17:00:00,KL-IDK-02,Idukki,Highland/Ghats,9.85,76.97,6.7,24.0,88.5,98.0,15.8
2024-07-16 18:00:00,KL-IDK-02,Idukki,Highland/Ghats,9.85,76.97,0.0,25.7,84.2,97.8,14.4
2024-07-16 19:00:00,KL-IDK-02,Idukki,Highland/Ghats,9.85,76.97,4.1,23.4,84.2,98.0,16.0
2024-07-16 20:00:00,KL-IDK-02,Idukki,Highland/Ghats,9.85,76.97,0.0,23.7,80.0,97.8,15.5
2024-07-16 21:00:00,KL-IDK-02,Idukki,Highland/Ghats,9.85,76.97,7.4,22.9,89.2,98.0,17.6
2024-07-16 22:00:00,KL-IDK-02,Idukki,Highland/Ghats,9.85,76.97,0.0,23.4,80.2,97.8,11.5
2024-07-16 23:00:00,KL-IDK-02,Idukki,Highland/Ghats,9.85,76.97,0.0,22.6,84.8,97.5,11.8
2024-07-17 00:00:00,KL-IDK-02,Idukki,Highland/Ghats,9.85,76.97,5.2,22.5,85.1,98.0,14.7
2024-07-17 01:00:00,KL-IDK-02,Idukki,Highland/Ghats,9.85,76.97,0.0,23.5,80.6,97.8,10.7
2024-07-17 02:00:00,KL-IDK-02,Idukki,Highland/Ghats,9.85,76.97,0.0,23.1,84.9,97.5,14.9
2024-07-17 03:00:00,KL-IDK-02,Idukki,Highland/Ghats,9.85,76.97,0.0,24.1,80.7,97.2,11.7
2024-07-17 04:00:00,KL-IDK-02,Idukki,Highland/Ghats,9.85,76.97,0.0,23.8,81.7,97.0,11.5
2024-07-17 05:00:00,KL-IDK-02,Idukki,Highland/Ghats,9.85,76.97,0.0,24.0,82.2,96.8,15.6
2024-07-17 06:00:00,KL-IDK-02,Idukki,Highland/Ghats,9.85,76.97,0.0,24.4,82.7,96.5,13.5
2024-07-17 07:00:00,KL-IDK-02,Idukki,Highland/Ghats,9.85,76.97,12.4,23.7,92.7,98.0,16.5
2024-07-17 08:00:00,KL-IDK-02,Idukki,Highland/Ghats,9.85,76.97,0.0,26.3,79.6,97.8,14.6
2024-07-17 09:00:00,KL-IDK-02,Idukki,Highland/Ghats,9.85,76.97,10.7,25.5,90.0,98.0,21.0
2024-07-17 10:00:00,KL-IDK-02,Idukki,Highland/Ghats,9.85,76.97,0.0,26.7,80.2,97.8,15.8
2024-07-17 11:00:00,KL-IDK-02,Idukki,Highland/Ghats,9.85,76.97,12.3,25.7,89.4,98.0,19.6
2024-07-17 12:00:00,KL-IDK-02,Idukki,Highland/Ghats,9.85,76.97,0.0,27.4,84.6,97.8,15.5
2024-07-17 13:00:00,KL-IDK-02,Idukki,Highland/Ghats,9.85,76.97,16.3,24.0,97.6,98.0,24.1
2024-07-17 14:00:00,KL-IDK-02,Idukki,Highland/Ghats,9.85,76.97,0.0,26.7,84.6,97.8,15.8
2024-07-17 15:00:00,KL-IDK-02,Idukki,Highland/Ghats,9.85,76.97,0.0,27.0,79.1,97.5,13.4
2024-07-17 16:00:00,KL-IDK-02,Idukki,Highland/Ghats,9.85,76.97,18.5,22.9,99.0,98.0,22.5
2024-07-17 17:00:00,KL-IDK-02,Idukki,Highland/Ghats,9.85,76.97,0.0,26.2,84.1,97.8,12.8
2024-07-17 18:00:00,KL-IDK-02,Idukki,Highland/Ghats,9.85,76.97,4.3,23.8,85.2,98.0,13.7
2024-07-17 19:00:00,KL-IDK-02,Idukki,Highland/Ghats,9.85,76.97,15.2,22.7,94.6,98.0,22.1
2024-07-17 20:00:00,KL-IDK-02,Idukki,Highland/Ghats,9.85,76.97,17.6,22.0,98.0,98.0,21.9
2024-07-17 21:00:00,KL-IDK-02,Idukki,Highland/Ghats,9.85,76.97,14.6,20.9,91.5,98.0,19.2
2024-07-17 22:00:00,KL-IDK-02,Idukki,Highland/Ghats,9.85,76.97,7.4,21.7,89.4,98.0,19.4
2024-07-17 23:00:00,KL-IDK-02,Idukki,Highland/Ghats,9.85,76.97,16.3,19.8,96.0,98.0,22.3
2024-07-18 00:00:00,KL-IDK-02,Idukki,Highland/Ghats,9.85,76.97,5.0,21.9,85.4,98.0,15.5
2024-07-18 01:00:00,KL-IDK-02,Idukki,Highland/Ghats,9.85,76.97,0.0,23.4,80.9,97.8,10.7
2024-07-18 02:00:00,KL-IDK-02,Idukki,Highland/Ghats,9.85,76.97,0.0,22.9,82.7,97.5,11.3
2024-07-18 03:00:00,KL-IDK-02,Idukki,Highland/Ghats,9.85,76.97,6.2,23.1,87.6,98.0,15.6
2024-07-18 04:00:00,KL-IDK-02,Idukki,Highland/Ghats,9.85,76.97,0.0,24.0,82.2,97.8,14.0
2024-07-18 05:00:00,KL-IDK-02,Idukki,Highland/Ghats,9.85,76.97,8.8,23.6,91.3,98.0,14.9
2024-07-18 06:00:00,KL-IDK-02,Idukki,Highland/Ghats,9.85,76.97,0.0,25.3,79.5,97.8,13.4
2024-07-18 07:00:00,KL-IDK-02,Idukki,Highland/Ghats,9.85,76.97,16.7,23.0,95.8,98.0,19.2
2024-07-18 08:00:00,KL-IDK-02,Idukki,Highland/Ghats,9.85,76.97,16.6,22.9,93.5,98.0,21.8
2024-07-18 09:00:00,KL-IDK-02,Idukki,Highland/Ghats,9.85,76.97,17.0,24.4,95.3,98.0,21.6
2024-07-18 10:00:00,KL-IDK-02,Idukki,Highland/Ghats,9.85,76.97,0.0,26.0,81.8,97.8,14.8
2024-07-18 11:00:00,KL-IDK-02,Idukki,Highland/Ghats,9.85,76.97,0.0,26.8,83.9,97.5,14.5
2024-07-18 12:00:00,KL-IDK-02,Idukki,Highland/Ghats,9.85,76.97,0.0,26.3,81.1,97.2,10.4
2024-07-18 13:00:00,KL-IDK-02,Idukki,Highland/Ghats,9.85,76.97,0.0,27.6,79.4,97.0,15.6
2024-07-18 14:00:00,KL-IDK-02,Idukki,Highland/Ghats,9.85,76.97,17.7,24.5,97.8,98.0,24.7
2024-07-18 15:00:00,KL-IDK-02,Idukki,Highland/Ghats,9.85,76.97,0.0,26.3,85.0,97.8,12.3
2024-07-18 16:00:00,KL-IDK-02,Idukki,Highland/Ghats,9.85,76.97,0.0,26.7,81.3,97.5,14.1
2024-07-18 17:00:00,KL-IDK-02,Idukki,Highland/Ghats,9.85,76.97,0.0,25.6,82.9,97.2,12.1
2024-07-18 18:00:00,KL-IDK-02,Idukki,Highland/Ghats,9.85,76.97,25.9,21.2,99.0,98.0,24.3
2024-07-18 19:00:00,KL-IDK-02,Idukki,Highland/Ghats,9.85,76.97,6.6,23.2,88.3,98.0,16.6
2024-07-18 20:00:00,KL-IDK-02,Idukki,Highland/Ghats,9.85,76.97,0.0,24.5,80.5,97.8,12.1
2024-07-18 21:00:00,KL-IDK-02,Idukki,Highland/Ghats,9.85,76.97,46.6,18.0,99.0,98.0,38.2
2024-07-18 22:00:00,KL-IDK-02,Idukki,Highland/Ghats,9.85,76.97,40.9,18.0,99.0,98.0,31.7
2024-07-18 23:00:00,KL-IDK-02,Idukki,Highland/Ghats,9.85,76.97,8.3,22.0,89.9,98.0,14.4
2024-07-19 00:00:00,KL-IDK-02,Idukki,Highland/Ghats,9.85,76.97,0.0,22.8,80.4,97.8,11.3
2024-07-19 01:00:00,KL-IDK-02,Idukki,Highland/Ghats,9.85,76.97,0.0,22.4,82.0,97.5,11.7
2024-07-19 02:00:00,KL-IDK-02,Idukki,Highland/Ghats,9.85,76.97,0.0,23.6,80.9,97.2,13.6
2024-07-19 03:00:00,KL-IDK-02,Idukki,Highland/Ghats,9.85,76.97,0.0,23.3,80.8,97.0,10.9
2024-07-19 04:00:00,KL-IDK-02,Idukki,Highland/Ghats,9.85,76.97,0.0,23.6,80.8,96.8,10.4
2024-07-19 05:00:00,KL-IDK-02,Idukki,Highland/Ghats,9.85,76.97,0.0,25.1,84.5,96.5,13.8
2024-07-19 06:00:00,KL-IDK-02,Idukki,Highland/Ghats,9.85,76.97,38.4,20.0,99.0,98.0,33.2
2024-07-19 07:00:00,KL-IDK-02,Idukki,Highland/Ghats,9.85,76.97,0.0,25.2,81.5,97.8,10.9
2024-07-19 08:00:00,KL-IDK-02,Idukki,Highland/Ghats,9.85,76.97,57.3,18.0,99.0,98.0,40.5
2024-07-19 09:00:00,KL-IDK-02,Idukki,Highland/Ghats,9.85,76.97,0.0,26.9,84.5,97.8,13.4
2024-07-19 10:00:00,KL-IDK-02,Idukki,Highland/Ghats,9.85,76.97,0.0,26.8,79.8,97.5,11.5
2024-07-19 11:00:00,KL-IDK-02,Idukki,Highland/Ghats,9.85,76.97,54.6,19.4,99.0,98.0,37.9
2024-07-19 12:00:00,KL-IDK-02,Idukki,Highland/Ghats,9.85,76.97,23.6,23.1,99.0,98.0,25.4
2024-07-19 13:00:00,KL-IDK-02,Idukki,Highland/Ghats,9.85,76.97,0.0,26.4,83.6,97.8,14.3
2024-07-19 14:00:00,KL-IDK-02,Idukki,Highland/Ghats,9.85,76.97,45.8,20.5,99.0,98.0,38.6
2024-07-19 15:00:00,KL-IDK-02,Idukki,Highland/Ghats,9.85,76.97,80.9,18.0,99.0,98.0,56.4
2024-07-19 16:00:00,KL-IDK-02,Idukki,Highland/Ghats,9.85,76.97,29.3,21.8,99.0,98.0,30.1
2024-07-19 17:00:00,KL-IDK-02,Idukki,Highland/Ghats,9.85,76.97,70.9,18.0,99.0,98.0,47.6
2024-07-19 18:00:00,KL-IDK-02,Idukki,Highland/Ghats,9.85,76.97,51.2,18.0,99.0,98.0,41.5
2024-07-19 19:00:00,KL-IDK-02,Idukki,Highland/Ghats,9.85,76.97,77.6,18.0,99.0,98.0,51.3
2024-07-19 20:00:00,KL-IDK-02,Idukki,Highland/Ghats,9.85,76.97,29.0,19.1,99.0,98.0,30.1
2024-07-19 21:00:00,KL-IDK-02,Idukki,Highland/Ghats,9.85,76.97,44.9,18.0,99.0,98.0,34.7
2024-07-19 22:00:00,KL-IDK-02,Idukki,Highland/Ghats,9.85,76.97,0.0,23.3,82.9,97.8,14.1
2024-07-19 23:00:00,KL-IDK-02,Idukki,Highland/Ghats,9.85,76.97,77.9,18.0,99.0,98.0,51.9
2024-07-20 00:00:00,KL-IDK-02,Idukki,Highland/Ghats,9.85,76.97,75.8,18.0,99.0,98.0,50.8
2024-07-20 01:00:00,KL-IDK-02,Idukki,Highland/Ghats,9.85,76.97,0.0,23.1,82.9,97.8,10.4
2024-07-20 02:00:00,KL-IDK-02,Idukki,Highland/Ghats,9.85,76.97,79.7,18.0,99.0,98.0,54.4
2024-07-20 03:00:00,KL-IDK-02,Idukki,Highland/Ghats,9.85,76.97,79.0,18.0,99.0,98.0,49.6
2024-07-20 04:00:00,KL-IDK-02,Idukki,Highland/Ghats,9.85,76.97,41.1,18.0,99.0,98.0,34.2
2024-07-20 05:00:00,KL-IDK-02,Idukki,Highland/Ghats,9.85,76.97,49.8,18.0,99.0,98.0,35.0
2024-07-20 06:00:00,KL-IDK-02,Idukki,Highland/Ghats,9.85,76.97,32.6,20.9,99.0,98.0,31.2
2024-07-20 07:00:00,KL-IDK-02,Idukki,Highland/Ghats,9.85,76.97,73.3,18.0,99.0,98.0,47.2
2024-07-20 08:00:00,KL-IDK-02,Idukki,Highland/Ghats,9.85,76.97,25.5,22.2,99.0,98.0,24.4
2024-07-20 09:00:00,KL-IDK-02,Idukki,Highland/Ghats,9.85,76.97,38.7,20.5,99.0,98.0,35.3
2024-07-20 10:00:00,KL-IDK-02,Idukki,Highland/Ghats,9.85,76.97,60.9,18.2,99.0,98.0,45.6
2024-07-20 11:00:00,KL-IDK-02,Idukki,Highland/Ghats,9.85,76.97,0.0,26.3,81.3,97.8,13.3
2024-07-20 12:00:00,KL-IDK-02,Idukki,Highland/Ghats,9.85,76.97,10.8,24.9,90.6,98.0,18.0
2024-07-20 13:00:00,KL-IDK-02,Idukki,Highland/Ghats,9.85,76.97,0.0,27.0,84.1,97.8,10.6
2024-07-20 14:00:00,KL-IDK-02,Idukki,Highland/Ghats,9.85,76.97,12.5,24.4,94.2,98.0,21.6
2024-07-20 15:00:00,KL-IDK-02,Idukki,Highland/Ghats,9.85,76.97,12.4,23.9,94.5,98.0,21.6
2024-07-20 16:00:00,KL-IDK-02,Idukki,Highland/Ghats,9.85,76.97,11.2,25.0,89.8,98.0,21.4
2024-07-20 17:00:00,KL-IDK-02,Idukki,Highland/Ghats,9.85,76.97,55.5,18.0,99.0,98.0,38.2
2024-07-20 18:00:00,KL-IDK-02,Idukki,Highland/Ghats,9.85,76.97,23.1,22.1,99.0,98.0,26.9
2024-07-20 19:00:00,KL-IDK-02,Idukki,Highland/Ghats,9.85,76.97,52.3,18.0,99.0,98.0,40.5
2024-07-20 20:00:00,KL-IDK-02,Idukki,Highland/Ghats,9.85,76.97,62.9,18.0,99.0,98.0,46.5
2024-07-20 21:00:00,KL-IDK-02,Idukki,Highland/Ghats,9.85,76.97,49.6,18.0,99.0,98.0,39.4
2024-07-20 22:00:00,KL-IDK-02,Idukki,Highland/Ghats,9.85,76.97,21.8,20.8,99.0,98.0,23.0
2024-07-20 23:00:00,KL-IDK-02,Idukki,Highland/Ghats,9.85,76.97,0.0,23.0,83.1,97.8,14.0
2024-07-21 00:00:00,KL-IDK-02,Idukki,Highland/Ghats,9.85,76.97,37.1,18.0,99.0,98.0,29.0
2024-07-21 01:00:00,KL-IDK-02,Idukki,Highland/Ghats,9.85,76.97,40.0,18.0,99.0,98.0,31.9
2024-07-21 02:00:00,KL-IDK-02,Idukki,Highland/Ghats,9.85,76.97,6.7,22.0,86.5,98.0,15.0
2024-07-21 03:00:00,KL-IDK-02,Idukki,Highland/Ghats,9.85,76.97,14.3,21.4,93.8,98.0,19.6
2024-07-21 04:00:00,KL-IDK-02,Idukki,Highland/Ghats,9.85,76.97,20.6,20.3,99.0,98.0,22.2
2024-07-21 05:00:00,KL-IDK-02,Idukki,Highland/Ghats,9.85,76.97,17.3,21.7,93.3,98.0,24.1
2024-07-21 06:00:00,KL-IDK-02,Idukki,Highland/Ghats,9.85,76.97,0.0,25.8,82.4,97.8,11.0
2024-07-21 07:00:00,KL-IDK-02,Idukki,Highland/Ghats,9.85,76.97,10.3,23.7,90.2,98.0,15.5
2024-07-21 08:00:00,KL-IDK-02,Idukki,Highland/Ghats,9.85,76.97,19.7,23.0,95.2,98.0,21.4
2024-07-21 09:00:00,KL-IDK-02,Idukki,Highland/Ghats,9.85,76.97,25.7,22.7,99.0,98.0,23.5
2024-07-21 10:00:00,KL-IDK-02,Idukki,Highland/Ghats,9.85,76.97,35.0,21.2,99.0,98.0,32.3
2024-07-21 11:00:00,KL-IDK-02,Idukki,Highland/Ghats,9.85,76.97,14.7,25.2,95.9,98.0,23.2
2024-07-21 12:00:00,KL-IDK-02,Idukki,Highland/Ghats,9.85,76.97,13.7,25.7,91.2,98.0,18.7
2024-07-21 13:00:00,KL-IDK-02,Idukki,Highland/Ghats,9.85,76.97,0.0,27.7,80.7,97.8,14.2
2024-07-21 14:00:00,KL-IDK-02,Idukki,Highland/Ghats,9.85,76.97,0.0,26.9,80.5,97.5,12.3
2024-07-21 15:00:00,KL-IDK-02,Idukki,Highland/Ghats,9.85,76.97,0.0,26.2,79.7,97.2,13.4
2024-07-21 16:00:00,KL-IDK-02,Idukki,Highland/Ghats,9.85,76.97,0.0,26.1,83.1,97.0,13.3
2024-07-21 17:00:00,KL-IDK-02,Idukki,Highland/Ghats,9.85,76.97,0.0,25.5,83.3,96.8,12.6
2024-07-21 18:00:00,KL-IDK-02,Idukki,Highland/Ghats,9.85,76.97,19.5,22.6,99.0,98.0,22.2
2024-07-21 19:00:00,KL-IDK-02,Idukki,Highland/Ghats,9.85,76.97,0.0,24.7,80.5,97.8,14.0
2024-07-21 20:00:00,KL-IDK-02,Idukki,Highland/Ghats,9.85,76.97,0.0,24.5,79.4,97.5,15.9
2024-07-21 21:00:00,KL-IDK-02,Idukki,Highland/Ghats,9.85,76.97,0.0,23.4,82.0,97.2,15.5
2024-07-21 22:00:00,KL-IDK-02,Idukki,Highland/Ghats,9.85,76.97,0.0,23.3,83.7,97.0,12.2
2024-07-21 23:00:00,KL-IDK-02,Idukki,Highland/Ghats,9.85,76.97,0.0,23.1,82.8,96.8,10.5
2024-07-22 00:00:00,KL-IDK-02,Idukki,Highland/Ghats,9.85,76.97,0.0,23.3,81.1,96.5,13.9
2024-07-22 01:00:00,KL-IDK-02,Idukki,Highland/Ghats,9.85,76.97,21.2,20.2,98.4,98.0,25.1
2024-07-22 02:00:00,KL-IDK-02,Idukki,Highland/Ghats,9.85,76.97,0.0,23.2,79.1,97.8,11.6
2024-07-22 03:00:00,KL-IDK-02,Idukki,Highland/Ghats,9.85,76.97,0.0,23.6,82.5,97.5,13.5
2024-07-22 04:00:00,KL-IDK-02,Idukki,Highland/Ghats,9.85,76.97,0.0,23.8,83.6,97.2,13.5
2024-07-22 05:00:00,KL-IDK-02,Idukki,Highland/Ghats,9.85,76.97,0.0,24.2,79.1,97.0,10.6
2024-07-22 06:00:00,KL-IDK-02,Idukki,Highland/Ghats,9.85,76.97,0.0,25.7,79.7,96.8,15.6
2024-07-22 07:00:00,KL-IDK-02,Idukki,Highland/Ghats,9.85,76.97,7.6,24.3,86.3,98.0,16.7
2024-07-22 08:00:00,KL-IDK-02,Idukki,Highland/Ghats,9.85,76.97,0.0,25.9,83.2,97.8,11.9
2024-07-22 09:00:00,KL-IDK-02,Idukki,Highland/Ghats,9.85,76.97,15.5,23.5,96.5,98.0,21.6
2024-07-22 10:00:00,KL-IDK-02,Idukki,Highland/Ghats,9.85,76.97,0.0,26.2,84.9,97.8,11.5
2024-07-22 11:00:00,KL-IDK-02,Idukki,Highland/Ghats,9.85,76.97,4.8,26.3,88.6,98.0,13.8
2024-07-22 12:00:00,KL-IDK-02,Idukki,Highland/Ghats,9.85,76.97,0.0,26.5,82.8,97.8,12.6
2024-07-22 13:00:00,KL-IDK-02,Idukki,Highland/Ghats,9.85,76.97,11.9,24.7,92.1,98.0,18.3
2024-07-22 14:00:00,KL-IDK-02,Idukki,Highland/Ghats,9.85,76.97,0.0,26.3,83.5,97.8,14.9
2024-07-22 15:00:00,KL-IDK-02,Idukki,Highland/Ghats,9.85,76.97,3.8,26.4,83.2,98.0,13.9
2024-07-22 16:00:00,KL-IDK-02,Idukki,Highland/Ghats,9.85,76.97,0.0,25.6,84.2,97.8,13.2
2024-07-22 17:00:00,KL-IDK-02,Idukki,Highland/Ghats,9.85,76.97,0.0,25.7,82.7,97.5,13.5
2024-07-22 18:00:00,KL-IDK-02,Idukki,Highland/Ghats,9.85,76.97,15.3,22.9,96.1,98.0,21.9
2024-07-22 19:00:00,KL-IDK-02,Idukki,Highland/Ghats,9.85,76.97,11.7,22.1,89.2,98.0,16.6
2024-07-22 20:00:00,KL-IDK-02,Idukki,Highland/Ghats,9.85,76.97,5.0,23.6,86.1,98.0,15.0
2024-07-22 21:00:00,KL-IDK-02,Idukki,Highland/Ghats,9.85,76.97,8.1,21.9,89.3,98.0,18.2
2024-07-22 22:00:00,KL-IDK-02,Idukki,Highland/Ghats,9.85,76.97,0.0,24.1,82.3,97.8,12.9
2024-07-22 23:00:00,KL-IDK-02,Idukki,Highland/Ghats,9.85,76.97,7.1,21.9,85.0,98.0,15.7
2024-07-23 00:00:00,KL-IDK-02,Idukki,Highland/Ghats,9.85,76.97,4.4,22.8,88.3,98.0,15.2
2024-07-23 01:00:00,KL-IDK-02,Idukki,Highland/Ghats,9.85,76.97,0.0,23.4,81.5,97.8,15.0
2024-07-23 02:00:00,KL-IDK-02,Idukki,Highland/Ghats,9.85,76.97,0.0,22.6,79.2,97.5,14.6
2024-07-23 03:00:00,KL-IDK-02,Idukki,Highland/Ghats,9.85,76.97,6.6,22.7,85.3,98.0,16.0
2024-07-23 04:00:00,KL-IDK-02,Idukki,Highland/Ghats,9.85,76.97,0.0,24.4,82.3,97.8,10.7
2024-07-23 05:00:00,KL-IDK-02,Idukki,Highland/Ghats,9.85,76.97,14.9,22.8,93.1,98.0,22.4
2024-07-23 06:00:00,KL-IDK-02,Idukki,Highland/Ghats,9.85,76.97,14.1,23.0,96.2,98.0,17.7
2024-07-23 07:00:00,KL-IDK-02,Idukki,Highland/Ghats,9.85,76.97,0.0,25.9,80.8,97.8,16.0
2024-07-23 08:00:00,KL-IDK-02,Idukki,Highland/Ghats,9.85,76.97,0.0,25.8,83.9,97.5,12.6
2024-07-23 09:00:00,KL-IDK-02,Idukki,Highland/Ghats,9.85,76.97,0.0,26.9,80.4,97.2,14.9
2024-07-23 10:00:00,KL-IDK-02,Idukki,Highland/Ghats,9.85,76.97,0.0,26.5,83.3,97.0,13.8
2024-07-23 11:00:00,KL-IDK-02,Idukki,Highland/Ghats,9.85,76.97,5.0,25.7,84.2,98.0,12.9
2024-07-23 12:00:00,KL-IDK-02,Idukki,Highland/Ghats,9.85,76.97,7.7,25.9,87.1,98.0,18.1
2024-07-23 13:00:00,KL-IDK-02,Idukki,Highland/Ghats,9.85,76.97,7.6,26.4,91.0,98.0,17.9
2024-07-23 14:00:00,KL-IDK-02,Idukki,Highland/Ghats,9.85,76.97,21.0,24.0,99.0,98.0,26.5
2024-07-23 15:00:00,KL-IDK-02,Idukki,Highland/Ghats,9.85,76.97,0.0,25.8,84.2,97.8,11.5
2024-07-23 16:00:00,KL-IDK-02,Idukki,Highland/Ghats,9.85,76.97,0.0,26.5,83.6,97.5,14.1
2024-07-23 17:00:00,KL-IDK-02,Idukki,Highland/Ghats,9.85,76.97,0.0,25.6,80.6,97.2,12.5
2024-07-23 18:00:00,KL-IDK-02,Idukki,Highland/Ghats,9.85,76.97,0.0,25.2,84.3,97.0,10.6
2024-07-23 19:00:00,KL-IDK-02,Idukki,Highland/Ghats,9.85,76.97,0.0,24.1,84.6,96.8,12.2
2024-07-23 20:00:00,KL-IDK-02,Idukki,Highland/Ghats,9.85,76.97,0.0,23.7,79.0,96.5,14.6
2024-07-23 21:00:00,KL-IDK-02,Idukki,Highland/Ghats,9.85,76.97,0.0,24.0,81.8,96.2,14.0
2024-07-23 22:00:00,KL-IDK-02,Idukki,Highland/Ghats,9.85,76.97,5.1,22.6,84.4,98.0,15.1
2024-07-23 23:00:00,KL-IDK-02,Idukki,Highland/Ghats,9.85,76.97,10.5,22.0,89.4,98.0,18.7
2024-07-24 00:00:00,KL-IDK-02,Idukki,Highland/Ghats,9.85,76.97,0.0,23.0,81.1,97.8,14.1
2024-07-24 01:00:00,KL-IDK-02,Idukki,Highland/Ghats,9.85,76.97,6.7,22.5,87.1,98.0,14.1
2024-07-24 02:00:00,KL-IDK-02,Idukki,Highland/Ghats,9.85,76.97,0.0,23.2,79.0,97.8,15.7
2024-07-24 03:00:00,KL-IDK-02,Idukki,Highland/Ghats,9.85,76.97,25.2,19.2,99.0,98.0,23.6
2024-07-24 04:00:00,KL-IDK-02,Idukki,Highland/Ghats,9.85,76.97,0.0,23.6,82.9,97.8,11.5
2024-07-24 05:00:00,KL-IDK-02,Idukki,Highland/Ghats,9.85,76.97,34.8,18.7,99.0,98.0,29.2
2024-07-24 06:00:00,KL-IDK-02,Idukki,Highland/Ghats,9.85,76.97,0.0,24.6,82.9,97.8,14.2
2024-07-24 07:00:00,KL-IDK-02,Idukki,Highland/Ghats,9.85,76.97,22.6,21.5,98.4,98.0,25.4
2024-07-24 08:00:00,KL-IDK-02,Idukki,Highland/Ghats,9.85,76.97,32.1,21.7,99.0,98.0,28.6
2024-07-24 09:00:00,KL-IDK-02,Idukki,Highland/Ghats,9.85,76.97,8.6,24.9,90.3,98.0,14.9
2024-07-24 10:00:00,KL-IDK-02,Idukki,Highland/Ghats,9.85,76.97,43.1,19.7,99.0,98.0,36.1
2024-07-24 11:00:00,KL-IDK-02,Idukki,Highland/Ghats,9.85,76.97,50.1,18.8,99.0,98.0,35.1
2024-07-24 12:00:00,KL-IDK-02,Idukki,Highland/Ghats,9.85,76.97,0.0,26.9,83.3,97.8,13.8
2024-07-24 13:00:00,KL-IDK-02,Idukki,Highland/Ghats,9.85,76.97,26.9,23.2,99.0,98.0,24.0
2024-07-24 14:00:00,KL-IDK-02,Idukki,Highland/Ghats,9.85,76.97,45.5,20.1,99.0,98.0,38.5
2024-07-24 15:00:00,KL-IDK-02,Idukki,Highland/Ghats,9.85,76.97,15.1,23.8,91.6,98.0,20.9
2024-07-24 16:00:00,KL-IDK-02,Idukki,Highland/Ghats,9.85,76.97,0.0,26.2,83.7,97.8,14.1
2024-07-24 17:00:00,KL-IDK-02,Idukki,Highland/Ghats,9.85,76.97,0.0,25.8,80.8,97.5,13.1
2024-07-24 18:00:00,KL-IDK-02,Idukki,Highland/Ghats,9.85,76.97,54.3,18.0,99.0,98.0,50.5
2024-07-24 19:00:00,KL-IDK-02,Idukki,Highland/Ghats,9.85,76.97,0.0,24.5,79.7,97.8,21.0
2024-07-24 20:00:00,KL-IDK-02,Idukki,Highland/Ghats,9.85,76.97,0.0,24.0,84.9,97.5,23.9
2024-07-24 21:00:00,KL-IDK-02,Idukki,Highland/Ghats,9.85,76.97,0.0,23.0,84.2,97.2,21.4
2024-07-24 22:00:00,KL-IDK-02,Idukki,Highland/Ghats,9.85,76.97,59.6,18.0,99.0,98.0,52.4
2024-07-24 23:00:00,KL-IDK-02,Idukki,Highland/Ghats,9.85,76.97,15.8,20.3,91.9,98.0,26.3
2024-07-25 00:00:00,KL-IDK-02,Idukki,Highland/Ghats,9.85,76.97,0.0,23.0,82.8,97.8,21.0
2024-07-25 01:00:00,KL-IDK-02,Idukki,Highland/Ghats,9.85,76.97,109.4,18.0,99.0,98.0,74.6
2024-07-25 02:00:00,KL-IDK-02,Idukki,Highland/Ghats,9.85,76.97,29.0,19.0,99.0,98.0,36.3
2024-07-25 03:00:00,KL-IDK-02,Idukki,Highland/Ghats,9.85,76.97,0.0,23.9,79.4,97.8,22.2
2024-07-25 04:00:00,KL-IDK-02,Idukki,Highland/Ghats,9.85,76.97,0.0,24.6,79.3,97.5,18.5
2024-07-25 05:00:00,KL-IDK-02,Idukki,Highland/Ghats,9.85,76.97,55.2,18.0,99.0,98.0,50.0
2024-07-25 06:00:00,KL-IDK-02,Idukki,Highland/Ghats,9.85,76.97,81.1,18.0,99.0,98.0,61.7
2024-07-25 07:00:00,KL-IDK-02,Idukki,Highland/Ghats,9.85,76.97,0.0,25.9,80.0,97.8,18.8
2024-07-25 08:00:00,KL-IDK-02,Idukki,Highland/Ghats,9.85,76.97,0.0,25.6,84.3,97.5,22.6
2024-07-25 09:00:00,KL-IDK-02,Idukki,Highland/Ghats,9.85,76.97,98.3,18.0,99.0,98.0,70.6
2024-07-25 10:00:00,KL-IDK-02,Idukki,Highland/Ghats,9.85,76.97,63.4,18.0,99.0,98.0,51.9
2024-07-25 11:00:00,KL-IDK-02,Idukki,Highland/Ghats,9.85,76.97,26.6,23.3,99.0,98.0,34.4
2024-07-25 12:00:00,KL-IDK-02,Idukki,Highland/Ghats,9.85,76.97,111.3,18.0,99.0,98.0,74.6
2024-07-25 13:00:00,KL-IDK-02,Idukki,Highland/Ghats,9.85,76.97,0.0,27.5,82.3,97.8,23.5
2024-07-25 14:00:00,KL-IDK-02,Idukki,Highland/Ghats,9.85,76.97,64.6,18.0,99.0,98.0,51.9
2024-07-25 15:00:00,KL-IDK-02,Idukki,Highland/Ghats,9.85,76.97,60.2,18.0,99.0,98.0,52.9
2024-07-25 16:00:00,KL-IDK-02,Idukki,Highland/Ghats,9.85,76.97,0.0,26.7,79.4,97.8,20.8
2024-07-25 17:00:00,KL-IDK-02,Idukki,Highland/Ghats,9.85,76.97,118.4,18.0,99.0,98.0,78.4
2024-07-25 18:00:00,KL-IDK-02,Idukki,Highland/Ghats,9.85,76.97,54.1,18.0,99.0,98.0,48.0
2024-07-25 19:00:00,KL-IDK-02,Idukki,Highland/Ghats,9.85,76.97,41.4,18.7,99.0,98.0,38.7
2024-07-25 20:00:00,KL-IDK-02,Idukki,Highland/Ghats,9.85,76.97,46.3,18.0,99.0,98.0,46.9
2024-07-25 21:00:00,KL-IDK-02,Idukki,Highland/Ghats,9.85,76.97,99.2,18.0,99.0,98.0,70.8
2024-07-25 22:00:00,KL-IDK-02,Idukki,Highland/Ghats,9.85,76.97,134.0,18.0,99.0,98.0,90.5
2024-07-25 23:00:00,KL-IDK-02,Idukki,Highland/Ghats,9.85,76.97,0.0,23.1,83.2,97.8,20.2
2024-07-26 00:00:00,KL-IDK-02,Idukki,Highland/Ghats,9.85,76.97,0.0,22.3,79.6,97.5,18.8
2024-07-26 01:00:00,KL-IDK-02,Idukki,Highland/Ghats,9.85,76.97,0.0,22.4,82.4,97.2,20.6
2024-07-26 02:00:00,KL-IDK-02,Idukki,Highland/Ghats,9.85,76.97,0.0,22.8,80.6,97.0,19.9
2024-07-26 03:00:00,KL-IDK-02,Idukki,Highland/Ghats,9.85,76.97,0.0,23.9,83.4,96.8,19.9
2024-07-26 04:00:00,KL-IDK-02,Idukki,Highland/Ghats,9.85,76.97,26.8,20.4,99.0,98.0,32.3
2024-07-26 05:00:00,KL-IDK-02,Idukki,Highland/Ghats,9.85,76.97,74.5,18.0,99.0,98.0,56.5
2024-07-26 06:00:00,KL-IDK-02,Idukki,Highland/Ghats,9.85,76.97,79.1,18.0,99.0,98.0,61.7
2024-07-26 07:00:00,KL-IDK-02,Idukki,Highland/Ghats,9.85,76.97,117.3,18.0,99.0,98.0,78.8
2024-07-26 08:00:00,KL-IDK-02,Idukki,Highland/Ghats,9.85,76.97,97.1,18.0,99.0,98.0,69.0
2024-07-26 09:00:00,KL-IDK-02,Idukki,Highland/Ghats,9.85,76.97,103.9,18.0,99.0,98.0,70.8
2024-07-26 10:00:00,KL-IDK-02,Idukki,Highland/Ghats,9.85,76.97,111.7,18.0,99.0,98.0,76.1
2024-07-26 11:00:00,KL-IDK-02,Idukki,Highland/Ghats,9.85,76.97,88.8,18.0,99.0,98.0,62.5
2024-07-26 12:00:00,KL-IDK-02,Idukki,Highland/Ghats,9.85,76.97,115.7,18.0,99.0,98.0,80.8
2024-07-26 13:00:00,KL-IDK-02,Idukki,Highland/Ghats,9.85,76.97,20.1,23.4,98.5,98.0,33.0
2024-07-26 14:00:00,KL-IDK-02,Idukki,Highland/Ghats,9.85,76.97,18.3,23.5,94.9,98.0,28.3
2024-07-26 15:00:00,KL-IDK-02,Idukki,Highland/Ghats,9.85,76.97,149.8,18.0,99.0,98.0,95.4
2024-07-26 16:00:00,KL-IDK-02,Idukki,Highland/Ghats,9.85,76.97,20.6,22.3,96.7,98.0,33.6
2024-07-26 17:00:00,KL-IDK-02,Idukki,Highland/Ghats,9.85,76.97,75.9,18.0,99.0,98.0,60.6
2024-07-26 18:00:00,KL-IDK-02,Idukki,Highland/Ghats,9.85,76.97,65.5,18.0,99.0,98.0,53.1
2024-07-26 19:00:00,KL-IDK-02,Idukki,Highland/Ghats,9.85,76.97,42.7,18.7,99.0,98.0,39.7
2024-07-26 20:00:00,KL-IDK-02,Idukki,Highland/Ghats,9.85,76.97,0.0,24.0,83.6,97.8,24.0
2024-07-26 21:00:00,KL-IDK-02,Idukki,Highland/Ghats,9.85,76.97,0.0,22.9,82.9,97.5,19.6
2024-07-26 22:00:00,KL-IDK-02,Idukki,Highland/Ghats,9.85,76.97,0.0,23.9,79.3,97.2,24.0
2024-07-26 23:00:00,KL-IDK-02,Idukki,Highland/Ghats,9.85,76.97,80.0,18.0,99.0,98.0,63.1
2024-07-27 00:00:00,KL-IDK-02,Idukki,Highland/Ghats,9.85,76.97,57.3,18.0,99.0,98.0,52.1
2024-07-27 01:00:00,KL-IDK-02,Idukki,Highland/Ghats,9.85,76.97,63.3,18.0,99.0,98.0,53.0
2024-07-27 02:00:00,KL-IDK-02,Idukki,Highland/Ghats,9.85,76.97,81.6,18.0,99.0,98.0,60.7
2024-07-27 03:00:00,KL-IDK-02,Idukki,Highland/Ghats,9.85,76.97,16.1,20.7,93.2,98.0,29.2
2024-07-27 04:00:00,KL-IDK-02,Idukki,Highland/Ghats,9.85,76.97,70.5,18.0,99.0,98.0,57.6
2024-07-27 05:00:00,KL-IDK-02,Idukki,Highland/Ghats,9.85,76.97,0.0,25.0,80.9,97.8,18.1
2024-07-27 06:00:00,KL-IDK-02,Idukki,Highland/Ghats,9.85,76.97,0.0,25.7,83.6,97.5,23.1
2024-07-27 07:00:00,KL-IDK-02,Idukki,Highland/Ghats,9.85,76.97,0.0,26.3,81.2,97.2,15.7
2024-07-27 08:00:00,KL-IDK-02,Idukki,Highland/Ghats,9.85,76.97,13.6,23.6,90.7,98.0,17.7
2024-07-27 09:00:00,KL-IDK-02,Idukki,Highland/Ghats,9.85,76.97,0.0,26.9,84.8,97.8,13.9
2024-07-27 10:00:00,KL-IDK-02,Idukki,Highland/Ghats,9.85,76.97,56.5,18.6,99.0,98.0,43.0
2024-07-27 11:00:00,KL-IDK-02,Idukki,Highland/Ghats,9.85,76.97,35.5,21.1,99.0,98.0,31.9
2024-07-27 12:00:00,KL-IDK-02,Idukki,Highland/Ghats,9.85,76.97,40.3,21.7,99.0,98.0,32.5
2024-07-27 13:00:00,KL-IDK-02,Idukki,Highland/Ghats,9.85,76.97,0.0,27.7,79.2,97.8,13.6
2024-07-27 14:00:00,KL-IDK-02,Idukki,Highland/Ghats,9.85,76.97,0.0,27.5,80.3,97.5,13.4
2024-07-27 15:00:00,KL-IDK-02,Idukki,Highland/Ghats,9.85,76.97,0.0,25.8,83.5,97.2,11.4
2024-07-27 16:00:00,KL-IDK-02,Idukki,Highland/Ghats,9.85,76.97,0.0,25.5,84.3,97.0,10.5
2024-07-27 17:00:00,KL-IDK-02,Idukki,Highland/Ghats,9.85,76.97,0.0,25.7,84.3,96.8,12.7
2024-07-27 18:00:00,KL-IDK-02,Idukki,Highland/Ghats,9.85,76.97,13.7,22.3,91.5,98.0,17.5
2024-07-27 19:00:00,KL-IDK-02,Idukki,Highland/Ghats,9.85,76.97,17.6,22.2,98.9,98.0,24.1
2024-07-27 20:00:00,KL-IDK-02,Idukki,Highland/Ghats,9.85,76.97,0.0,23.8,82.3,97.8,10.6
2024-07-27 21:00:00,KL-IDK-02,Idukki,Highland/Ghats,9.85,76.97,0.0,24.2,82.9,97.5,14.1
2024-07-27 22:00:00,KL-IDK-02,Idukki,Highland/Ghats,9.85,76.97,6.3,22.9,85.8,98.0,15.1
2024-07-27 23:00:00,KL-IDK-02,Idukki,Highland/Ghats,9.85,76.97,0.0,22.4,80.0,97.8,12.3
2024-07-28 00:00:00,KL-IDK-02,Idukki,Highland/Ghats,9.85,76.97,0.0,23.1,84.4,97.5,10.6
2024-07-28 01:00:00,KL-IDK-02,Idukki,Highland/Ghats,9.85,76.97,0.0,23.2,81.9,97.2,10.2
2024-07-28 02:00:00,KL-IDK-02,Idukki,Highland/Ghats,9.85,76.97,0.0,22.7,84.3,97.0,10.9
2024-07-28 03:00:00,KL-IDK-02,Idukki,Highland/Ghats,9.85,76.97,8.2,21.9,89.7,98.0,18.4
2024-07-28 04:00:00,KL-IDK-02,Idukki,Highland/Ghats,9.85,76.97,0.0,23.6,80.7,97.8,11.4
2024-07-28 05:00:00,KL-IDK-02,Idukki,Highland/Ghats,9.85,76.97,15.8,22.7,92.6,98.0,20.1
2024-07-28 06:00:00,KL-IDK-02,Idukki,Highland/Ghats,9.85,76.97,0.0,24.7,83.0,97.8,13.6
2024-07-28 07:00:00,KL-IDK-02,Idukki,Highland/Ghats,9.85,76.97,3.5,24.5,83.6,98.0,12.2
2024-07-28 08:00:00,KL-IDK-02,Idukki,Highland/Ghats,9.85,76.97,0.0,25.7,81.4,97.8,12.9
2024-07-28 09:00:00,KL-IDK-02,Idukki,Highland/Ghats,9.85,76.97,0.0,25.8,82.3,97.5,11.1
2024-07-28 10:00:00,KL-IDK-02,Idukki,Highland/Ghats,9.85,76.97,0.0,26.5,81.7,97.2,11.6
2024-07-28 11:00:00,KL-IDK-02,Idukki,Highland/Ghats,9.85,76.97,0.0,26.5,80.6,97.0,10.4
2024-07-28 12:00:00,KL-IDK-02,Idukki,Highland/Ghats,9.85,76.97,0.0,27.3,79.5,96.8,12.1
2024-07-28 13:00:00,KL-IDK-02,Idukki,Highland/Ghats,9.85,76.97,0.0,27.7,82.5,96.5,13.3
2024-07-28 14:00:00,KL-IDK-02,Idukki,Highland/Ghats,9.85,76.97,0.0,27.2,81.5,96.2,13.2
2024-07-28 15:00:00,KL-IDK-02,Idukki,Highland/Ghats,9.85,76.97,0.0,26.4,84.3,96.0,12.9
2024-07-28 16:00:00,KL-IDK-02,Idukki,Highland/Ghats,9.85,76.97,17.6,23.7,96.1,98.0,24.2
2024-07-28 17:00:00,KL-IDK-02,Idukki,Highland/Ghats,9.85,76.97,0.0,25.8,82.7,97.8,10.7
2024-07-28 18:00:00,KL-IDK-02,Idukki,Highland/Ghats,9.85,76.97,0.0,24.5,84.9,97.5,15.8
2024-07-28 19:00:00,KL-IDK-02,Idukki,Highland/Ghats,9.85,76.97,0.0,23.9,81.5,97.2,15.9
2024-07-28 20:00:00,KL-IDK-02,Idukki,Highland/Ghats,9.85,76.97,0.0,24.8,82.8,97.0,15.0
2024-07-28 21:00:00,KL-IDK-02,Idukki,Highland/Ghats,9.85,76.97,16.7,21.7,92.8,98.0,20.7
2024-07-28 22:00:00,KL-IDK-02,Idukki,Highland/Ghats,9.85,76.97,0.0,23.0,80.7,97.8,12.7
2024-07-28 23:00:00,KL-IDK-02,Idukki,Highland/Ghats,9.85,76.97,0.0,23.5,82.7,97.5,13.1
2024-07-15 00:00:00,KL-EKM-03,Ernakulam,Lowland/Coastal/Riverine,9.9816,76.2999,0.0,27.4,72.5,53.9,14.6
2024-07-15 01:00:00,KL-EKM-03,Ernakulam,Lowland/Coastal/Riverine,9.9816,76.2999,0.0,28.7,72.4,53.7,10.6
2024-07-15 02:00:00,KL-EKM-03,Ernakulam,Lowland/Coastal/Riverine,9.9816,76.2999,8.5,26.7,78.3,56.7,16.5
2024-07-15 03:00:00,KL-EKM-03,Ernakulam,Lowland/Coastal/Riverine,9.9816,76.2999,0.0,28.8,69.2,56.4,11.7
2024-07-15 04:00:00,KL-EKM-03,Ernakulam,Lowland/Coastal/Riverine,9.9816,76.2999,9.5,27.9,76.8,59.7,20.1
2024-07-15 05:00:00,KL-EKM-03,Ernakulam,Lowland/Coastal/Riverine,9.9816,76.2999,4.8,29.2,78.4,61.4,17.8
2024-07-15 06:00:00,KL-EKM-03,Ernakulam,Lowland/Coastal/Riverine,9.9816,76.2999,12.1,27.9,80.4,65.7,19.0
2024-07-15 07:00:00,KL-EKM-03,Ernakulam,Lowland/Coastal/Riverine,9.9816,76.2999,0.0,29.9,74.2,65.4,10.8
2024-07-15 08:00:00,KL-EKM-03,Ernakulam,Lowland/Coastal/Riverine,9.9816,76.2999,0.0,30.9,74.0,65.2,11.6
2024-07-15 09:00:00,KL-EKM-03,Ernakulam,Lowland/Coastal/Riverine,9.9816,76.2999,0.0,31.6,70.1,64.9,11.3
2024-07-15 10:00:00,KL-EKM-03,Ernakulam,Lowland/Coastal/Riverine,9.9816,76.2999,0.0,32.1,73.6,64.7,15.2
2024-07-15 11:00:00,KL-EKM-03,Ernakulam,Lowland/Coastal/Riverine,9.9816,76.2999,0.0,32.0,70.0,64.4,11.9
2024-07-15 12:00:00,KL-EKM-03,Ernakulam,Lowland/Coastal/Riverine,9.9816,76.2999,0.0,31.4,74.1,64.2,15.3
2024-07-15 13:00:00,KL-EKM-03,Ernakulam,Lowland/Coastal/Riverine,9.9816,76.2999,4.2,31.8,77.4,65.6,13.6
2024-07-15 14:00:00,KL-EKM-03,Ernakulam,Lowland/Coastal/Riverine,9.9816,76.2999,0.0,32.4,73.2,65.4,11.6
2024-07-15 15:00:00,KL-EKM-03,Ernakulam,Lowland/Coastal/Riverine,9.9816,76.2999,0.0,31.4,72.8,65.1,10.7
2024-07-15 16:00:00,KL-EKM-03,Ernakulam,Lowland/Coastal/Riverine,9.9816,76.2999,6.5,30.2,75.3,67.4,18.5
2024-07-15 17:00:00,KL-EKM-03,Ernakulam,Lowland/Coastal/Riverine,9.9816,76.2999,0.0,30.3,70.0,67.2,15.4
2024-07-15 18:00:00,KL-EKM-03,Ernakulam,Lowland/Coastal/Riverine,9.9816,76.2999,0.0,30.3,70.7,66.9,12.3
2024-07-15 19:00:00,KL-EKM-03,Ernakulam,Lowland/Coastal/Riverine,9.9816,76.2999,9.0,28.9,81.3,70.1,18.4
2024-07-15 20:00:00,KL-EKM-03,Ernakulam,Lowland/Coastal/Riverine,9.9816,76.2999,0.0,28.6,71.5,69.8,10.1
2024-07-15 21:00:00,KL-EKM-03,Ernakulam,Lowland/Coastal/Riverine,9.9816,76.2999,0.0,29.0,69.1,69.6,15.5
2024-07-15 22:00:00,KL-EKM-03,Ernakulam,Lowland/Coastal/Riverine,9.9816,76.2999,0.0,28.4,69.1,69.3,11.5
2024-07-15 23:00:00,KL-EKM-03,Ernakulam,Lowland/Coastal/Riverine,9.9816,76.2999,0.0,27.8,74.8,69.1,13.9
2024-07-16 00:00:00,KL-EKM-03,Ernakulam,Lowland/Coastal/Riverine,9.9816,76.2999,0.0,27.8,71.1,68.8,11.5
2024-07-16 01:00:00,KL-EKM-03,Ernakulam,Lowland/Coastal/Riverine,9.9816,76.2999,0.0,28.4,73.9,68.6,12.4
2024-07-16 02:00:00,KL-EKM-03,Ernakulam,Lowland/Coastal/Riverine,9.9816,76.2999,8.2,27.3,80.6,71.4,16.3
2024-07-16 03:00:00,KL-EKM-03,Ernakulam,Lowland/Coastal/Riverine,9.9816,76.2999,0.0,28.8,70.8,71.2,10.6
2024-07-16 04:00:00,KL-EKM-03,Ernakulam,Lowland/Coastal/Riverine,9.9816,76.2999,14.3,27.1,85.6,76.2,18.7
2024-07-16 05:00:00,KL-EKM-03,Ernakulam,Lowland/Coastal/Riverine,9.9816,76.2999,0.0,30.1,70.8,75.9,10.9
2024-07-16 06:00:00,KL-EKM-03,Ernakulam,Lowland/Coastal/Riverine,9.9816,76.2999,0.0,30.6,73.8,75.7,14.8
2024-07-16 07:00:00,KL-EKM-03,Ernakulam,Lowland/Coastal/Riverine,9.9816,76.2999,0.0,30.8,73.1,75.4,14.3
2024-07-16 08:00:00,KL-EKM-03,Ernakulam,Lowland/Coastal/Riverine,9.9816,76.2999,0.0,31.8,70.6,75.2,12.5
2024-07-16 09:00:00,KL-EKM-03,Ernakulam,Lowland/Coastal/Riverine,9.9816,76.2999,0.0,30.7,73.2,74.9,13.4
2024-07-16 10:00:00,KL-EKM-03,Ernakulam,Lowland/Coastal/Riverine,9.9816,76.2999,11.0,29.6,81.0,78.8,20.2
2024-07-16 11:00:00,KL-EKM-03,Ernakulam,Lowland/Coastal/Riverine,9.9816,76.2999,0.0,32.2,72.0,78.5,15.1
2024-07-16 12:00:00,KL-EKM-03,Ernakulam,Lowland/Coastal/Riverine,9.9816,76.2999,0.0,32.6,70.1,78.3,10.6
2024-07-16 13:00:00,KL-EKM-03,Ernakulam,Lowland/Coastal/Riverine,9.9816,76.2999,5.1,31.7,77.7,80.1,13.6
2024-07-16 14:00:00,KL-EKM-03,Ernakulam,Lowland/Coastal/Riverine,9.9816,76.2999,0.0,31.5,69.5,79.8,12.1
2024-07-16 15:00:00,KL-EKM-03,Ernakulam,Lowland/Coastal/Riverine,9.9816,76.2999,0.0,31.1,73.7,79.6,12.0
2024-07-16 16:00:00,KL-EKM-03,Ernakulam,Lowland/Coastal/Riverine,9.9816,76.2999,5.5,30.7,76.2,81.5,17.9
2024-07-16 17:00:00,KL-EKM-03,Ernakulam,Lowland/Coastal/Riverine,9.9816,76.2999,0.0,31.2,69.4,81.2,15.3
2024-07-16 18:00:00,KL-EKM-03,Ernakulam,Lowland/Coastal/Riverine,9.9816,76.2999,0.0,30.6,71.3,81.0,11.8
2024-07-16 19:00:00,KL-EKM-03,Ernakulam,Lowland/Coastal/Riverine,9.9816,76.2999,12.6,27.0,80.3,85.4,18.8
2024-07-16 20:00:00,KL-EKM-03,Ernakulam,Lowland/Coastal/Riverine,9.9816,76.2999,0.0,29.7,71.7,85.2,11.9
2024-07-16 21:00:00,KL-EKM-03,Ernakulam,Lowland/Coastal/Riverine,9.9816,76.2999,0.0,29.0,71.9,84.9,13.8
2024-07-16 22:00:00,KL-EKM-03,Ernakulam,Lowland/Coastal/Riverine,9.9816,76.2999,9.9,26.0,78.6,88.4,19.5
2024-07-16 23:00:00,KL-EKM-03,Ernakulam,Lowland/Coastal/Riverine,9.9816,76.2999,11.5,26.3,82.8,92.4,16.3
2024-07-17 00:00:00,KL-EKM-03,Ernakulam,Lowland/Coastal/Riverine,9.9816,76.2999,0.0,28.2,71.4,92.1,15.8
2024-07-17 01:00:00,KL-EKM-03,Ernakulam,Lowland/Coastal/Riverine,9.9816,76.2999,0.0,27.3,70.2,91.9,12.2
2024-07-17 02:00:00,KL-EKM-03,Ernakulam,Lowland/Coastal/Riverine,9.9816,76.2999,6.0,27.9,74.9,94.0,17.1
2024-07-17 03:00:00,KL-EKM-03,Ernakulam,Lowland/Coastal/Riverine,9.9816,76.2999,0.0,28.2,73.2,93.7,12.1
2024-07-17 04:00:00,KL-EKM-03,Ernakulam,Lowland/Coastal/Riverine,9.9816,76.2999,6.8,28.1,75.4,96.1,18.3
2024-07-17 05:00:00,KL-EKM-03,Ernakulam,Lowland/Coastal/Riverine,9.9816,76.2999,5.6,29.0,77.1,98.0,14.8
2024-07-17 06:00:00,KL-EKM-03,Ernakulam,Lowland/Coastal/Riverine,9.9816,76.2999,0.0,30.8,71.1,97.8,15.4
2024-07-17 07:00:00,KL-EKM-03,Ernakulam,Lowland/Coastal/Riverine,9.9816,76.2999,0.0,30.0,74.7,97.5,15.5
2024-07-17 08:00:00,KL-EKM-03,Ernakulam,Lowland/Coastal/Riverine,9.9816,76.2999,0.0,30.6,73.4,97.2,10.8
2024-07-17 09:00:00,KL-EKM-03,Ernakulam,Lowland/Coastal/Riverine,9.9816,76.2999,0.0,31.6,70.0,97.0,12.2
2024-07-17 10:00:00,KL-EKM-03,Ernakulam,Lowland/Coastal/Riverine,9.9816,76.2999,0.0,31.0,74.3,96.8,11.5
2024-07-17 11:00:00,KL-EKM-03,Ernakulam,Lowland/Coastal/Riverine,9.9816,76.2999,0.0,31.2,75.0,96.5,14.0
2024-07-17 12:00:00,KL-EKM-03,Ernakulam,Lowland/Coastal/Riverine,9.9816,76.2999,0.0,31.2,73.1,96.2,12.5
2024-07-17 13:00:00,KL-EKM-03,Ernakulam,Lowland/Coastal/Riverine,9.9816,76.2999,0.0,32.0,71.8,96.0,10.9
2024-07-17 14:00:00,KL-EKM-03,Ernakulam,Lowland/Coastal/Riverine,9.9816,76.2999,0.0,31.9,70.8,95.8,14.0
2024-07-17 15:00:00,KL-EKM-03,Ernakulam,Lowland/Coastal/Riverine,9.9816,76.2999,0.0,31.0,72.6,95.5,10.8
2024-07-17 16:00:00,KL-EKM-03,Ernakulam,Lowland/Coastal/Riverine,9.9816,76.2999,0.0,30.4,73.3,95.2,10.7
2024-07-17 17:00:00,KL-EKM-03,Ernakulam,Lowland/Coastal/Riverine,9.9816,76.2999,3.6,29.5,73.1,96.5,13.4
2024-07-17 18:00:00,KL-EKM-03,Ernakulam,Lowland/Coastal/Riverine,9.9816,76.2999,0.0,29.5,73.2,96.3,11.8
2024-07-17 19:00:00,KL-EKM-03,Ernakulam,Lowland/Coastal/Riverine,9.9816,76.2999,9.5,27.6,82.2,98.0,16.7
2024-07-17 20:00:00,KL-EKM-03,Ernakulam,Lowland/Coastal/Riverine,9.9816,76.2999,12.3,27.8,83.9,98.0,20.2
2024-07-17 21:00:00,KL-EKM-03,Ernakulam,Lowland/Coastal/Riverine,9.9816,76.2999,3.6,28.1,76.2,98.0,12.4
2024-07-17 22:00:00,KL-EKM-03,Ernakulam,Lowland/Coastal/Riverine,9.9816,76.2999,5.9,28.2,75.5,98.0,15.7
2024-07-17 23:00:00,KL-EKM-03,Ernakulam,Lowland/Coastal/Riverine,9.9816,76.2999,5.1,26.6,74.8,98.0,17.4
2024-07-18 00:00:00,KL-EKM-03,Ernakulam,Lowland/Coastal/Riverine,9.9816,76.2999,14.6,25.2,85.2,98.0,17.6
2024-07-18 01:00:00,KL-EKM-03,Ernakulam,Lowland/Coastal/Riverine,9.9816,76.2999,0.0,28.3,70.0,97.8,12.1
2024-07-18 02:00:00,KL-EKM-03,Ernakulam,Lowland/Coastal/Riverine,9.9816,76.2999,0.0,28.5,74.3,97.5,10.6
2024-07-18 03:00:00,KL-EKM-03,Ernakulam,Lowland/Coastal/Riverine,9.9816,76.2999,0.0,28.1,71.4,97.2,15.8
2024-07-18 04:00:00,KL-EKM-03,Ernakulam,Lowland/Coastal/Riverine,9.9816,76.2999,9.8,28.1,81.6,98.0,18.8
2024-07-18 05:00:00,KL-EKM-03,Ernakulam,Lowland/Coastal/Riverine,9.9816,76.2999,0.0,28.9,73.2,97.8,10.4
2024-07-18 06:00:00,KL-EKM-03,Ernakulam,Lowland/Coastal/Riverine,9.9816,76.2999,0.0,29.5,71.5,97.5,13.5
2024-07-18 07:00:00,KL-EKM-03,Ernakulam,Lowland/Coastal/Riverine,9.9816,76.2999,0.0,30.8,70.1,97.2,12.3
2024-07-18 08:00:00,KL-EKM-03,Ernakulam,Lowland/Coastal/Riverine,9.9816,76.2999,3.7,30.7,77.0,98.0,17.7
2024-07-18 09:00:00,KL-EKM-03,Ernakulam,Lowland/Coastal/Riverine,9.9816,76.2999,23.8,27.2,90.5,98.0,22.2
2024-07-18 10:00:00,KL-EKM-03,Ernakulam,Lowland/Coastal/Riverine,9.9816,76.2999,10.6,30.5,81.5,98.0,19.9
2024-07-18 11:00:00,KL-EKM-03,Ernakulam,Lowland/Coastal/Riverine,9.9816,76.2999,0.0,32.0,74.9,97.8,14.0
2024-07-18 12:00:00,KL-EKM-03,Ernakulam,Lowland/Coastal/Riverine,9.9816,76.2999,16.8,29.8,83.0,98.0,22.4
2024-07-18 13:00:00,KL-EKM-03,Ernakulam,Lowland/Coastal/Riverine,9.9816,76.2999,12.9,30.3,81.6,98.0,21.5
2024-07-18 14:00:00,KL-EKM-03,Ernakulam,Lowland/Coastal/Riverine,9.9816,76.2999,0.0,32.5,69.3,97.8,13.9
2024-07-18 15:00:00,KL-EKM-03,Ernakulam,Lowland/Coastal/Riverine,9.9816,76.2999,28.4,27.7,96.9,98.0,24.6
2024-07-18 16:00:00,KL-EKM-03,Ernakulam,Lowland/Coastal/Riverine,9.9816,76.2999,0.0,30.6,74.8,97.8,10.3
2024-07-18 17:00:00,KL-EKM-03,Ernakulam,Lowland/Coastal/Riverine,9.9816,76.2999,24.6,26.7,90.1,98.0,25.1
2024-07-18 18:00:00,KL-EKM-03,Ernakulam,Lowland/Coastal/Riverine,9.9816,76.2999,0.0,29.9,74.1,97.8,12.7
2024-07-18 19:00:00,KL-EKM-03,Ernakulam,Lowland/Coastal/Riverine,9.9816,76.2999,21.8,26.5,87.1,98.0,23.4
2024-07-18 20:00:00,KL-EKM-03,Ernakulam,Lowland/Coastal/Riverine,9.9816,76.2999,0.0,28.2,69.5,97.8,13.6
2024-07-18 21:00:00,KL-EKM-03,Ernakulam,Lowland/Coastal/Riverine,9.9816,76.2999,0.0,28.3,72.1,97.5,11.2
2024-07-18 22:00:00,KL-EKM-03,Ernakulam,Lowland/Coastal/Riverine,9.9816,76.2999,0.0,29.0,71.2,97.2,10.3
2024-07-18 23:00:00,KL-EKM-03,Ernakulam,Lowland/Coastal/Riverine,9.9816,76.2999,24.0,24.6,91.9,98.0,24.8
2024-07-19 00:00:00,KL-EKM-03,Ernakulam,Lowland/Coastal/Riverine,9.9816,76.2999,0.0,28.3,69.7,97.8,14.6
2024-07-19 01:00:00,KL-EKM-03,Ernakulam,Lowland/Coastal/Riverine,9.9816,76.2999,21.0,25.4,91.6,98.0,22.3
2024-07-19 02:00:00,KL-EKM-03,Ernakulam,Lowland/Coastal/Riverine,9.9816,76.2999,38.0,21.8,99.0,98.0,29.8
2024-07-19 03:00:00,KL-EKM-03,Ernakulam,Lowland/Coastal/Riverine,9.9816,76.2999,0.0,28.9,69.6,97.8,13.7
2024-07-19 04:00:00,KL-EKM-03,Ernakulam,Lowland/Coastal/Riverine,9.9816,76.2999,51.8,21.1,99.0,98.0,40.6
2024-07-19 05:00:00,KL-EKM-03,Ernakulam,Lowland/Coastal/Riverine,9.9816,76.2999,0.0,28.9,71.5,97.8,15.6
2024-07-19 06:00:00,KL-EKM-03,Ernakulam,Lowland/Coastal/Riverine,9.9816,76.2999,0.0,30.1,73.6,97.5,12.7
2024-07-19 07:00:00,KL-EKM-03,Ernakulam,Lowland/Coastal/Riverine,9.9816,76.2999,58.4,21.2,99.0,98.0,42.4
2024-07-19 08:00:00,KL-EKM-03,Ernakulam,Lowland/Coastal/Riverine,9.9816,76.2999,59.0,22.7,99.0,98.0,42.5
2024-07-19 09:00:00,KL-EKM-03,Ernakulam,Lowland/Coastal/Riverine,9.9816,76.2999,0.0,30.9,72.5,97.8,14.4
2024-07-19 10:00:00,KL-EKM-03,Ernakulam,Lowland/Coastal/Riverine,9.9816,76.2999,30.6,27.3,98.8,98.0,28.3
2024-07-19 11:00:00,KL-EKM-03,Ernakulam,Lowland/Coastal/Riverine,9.9816,76.2999,66.5,22.6,99.0,98.0,44.9
2024-07-19 12:00:00,KL-EKM-03,Ernakulam,Lowland/Coastal/Riverine,9.9816,76.2999,0.0,32.8,71.7,97.8,10.8
2024-07-19 13:00:00,KL-EKM-03,Ernakulam,Lowland/Coastal/Riverine,9.9816,76.2999,52.2,24.5,99.0,98.0,40.3
2024-07-19 14:00:00,KL-EKM-03,Ernakulam,Lowland/Coastal/Riverine,9.9816,76.2999,0.0,32.1,74.6,97.8,13.8
2024-07-19 15:00:00,KL-EKM-03,Ernakulam,Lowland/Coastal/Riverine,9.9816,76.2999,49.3,23.7,99.0,98.0,38.7
2024-07-19 16:00:00,KL-EKM-03,Ernakulam,Lowland/Coastal/Riverine,9.9816,76.2999,0.0,31.2,74.7,97.8,13.0
2024-07-19 17:00:00,KL-EKM-03,Ernakulam,Lowland/Coastal/Riverine,9.9816,76.2999,30.8,25.3,95.8,98.0,28.3
2024-07-19 18:00:00,KL-EKM-03,Ernakulam,Lowland/Coastal/Riverine,9.9816,76.2999,54.3,21.7,99.0,98.0,42.2
2024-07-19 19:00:00,KL-EKM-03,Ernakulam,Lowland/Coastal/Riverine,9.9816,76.2999,67.0,19.9,99.0,98.0,43.7
2024-07-19 20:00:00,KL-EKM-03,Ernakulam,Lowland/Coastal/Riverine,9.9816,76.2999,55.5,20.2,99.0,98.0,38.7
2024-07-19 21:00:00,KL-EKM-03,Ernakulam,Lowland/Coastal/Riverine,9.9816,76.2999,27.0,25.1,94.7,98.0,25.3
2024-07-19 22:00:00,KL-EKM-03,Ernakulam,Lowland/Coastal/Riverine,9.9816,76.2999,12.1,27.0,79.3,98.0,21.3
2024-07-19 23:00:00,KL-EKM-03,Ernakulam,Lowland/Coastal/Riverine,9.9816,76.2999,69.8,18.0,99.0,98.0,46.3
2024-07-20 00:00:00,KL-EKM-03,Ernakulam,Lowland/Coastal/Riverine,9.9816,76.2999,65.3,18.0,99.0,98.0,48.2
2024-07-20 01:00:00,KL-EKM-03,Ernakulam,Lowland/Coastal/Riverine,9.9816,76.2999,76.1,18.0,99.0,98.0,51.4
2024-07-20 02:00:00,KL-EKM-03,Ernakulam,Lowland/Coastal/Riverine,9.9816,76.2999,27.2,24.4,95.4,98.0,28.8
2024-07-20 03:00:00,KL-EKM-03,Ernakulam,Lowland/Coastal/Riverine,9.9816,76.2999,0.0,29.2,73.2,97.8,13.9
2024-07-20 04:00:00,KL-EKM-03,Ernakulam,Lowland/Coastal/Riverine,9.9816,76.2999,47.1,22.1,99.0,98.0,39.3
2024-07-20 05:00:00,KL-EKM-03,Ernakulam,Lowland/Coastal/Riverine,9.9816,76.2999,21.7,26.5,87.5,98.0,21.9
2024-07-20 06:00:00,KL-EKM-03,Ernakulam,Lowland/Coastal/Riverine,9.9816,76.2999,34.8,24.7,99.0,98.0,28.2
2024-07-20 07:00:00,KL-EKM-03,Ernakulam,Lowland/Coastal/Riverine,9.9816,76.2999,26.3,26.3,94.3,98.0,24.1
2024-07-20 08:00:00,KL-EKM-03,Ernakulam,Lowland/Coastal/Riverine,9.9816,76.2999,30.4,25.7,98.9,98.0,28.9
2024-07-20 09:00:00,KL-EKM-03,Ernakulam,Lowland/Coastal/Riverine,9.9816,76.2999,40.7,25.4,99.0,98.0,35.1
2024-07-20 10:00:00,KL-EKM-03,Ernakulam,Lowland/Coastal/Riverine,9.9816,76.2999,22.9,27.8,87.7,98.0,24.5
2024-07-20 11:00:00,KL-EKM-03,Ernakulam,Lowland/Coastal/Riverine,9.9816,76.2999,42.1,25.0,99.0,98.0,32.3
2024-07-20 12:00:00,KL-EKM-03,Ernakulam,Lowland/Coastal/Riverine,9.9816,76.2999,30.5,27.0,97.9,98.0,28.4
2024-07-20 13:00:00,KL-EKM-03,Ernakulam,Lowland/Coastal/Riverine,9.9816,76.2999,0.0,32.4,74.9,97.8,10.1
2024-07-20 14:00:00,KL-EKM-03,Ernakulam,Lowland/Coastal/Riverine,9.9816,76.2999,34.0,27.3,99.0,98.0,30.7
2024-07-20 15:00:00,KL-EKM-03,Ernakulam,Lowland/Coastal/Riverine,9.9816,76.2999,0.0,31.7,70.9,97.8,15.5
2024-07-20 16:00:00,KL-EKM-03,Ernakulam,Lowland/Coastal/Riverine,9.9816,76.2999,0.0,30.8,72.2,97.5,11.7
2024-07-20 17:00:00,KL-EKM-03,Ernakulam,Lowland/Coastal/Riverine,9.9816,76.2999,0.0,31.0,71.2,97.2,14.8
2024-07-20 18:00:00,KL-EKM-03,Ernakulam,Lowland/Coastal/Riverine,9.9816,76.2999,9.6,29.2,77.8,98.0,17.9
2024-07-20 19:00:00,KL-EKM-03,Ernakulam,Lowland/Coastal/Riverine,9.9816,76.2999,0.0,29.0,74.7,97.8,13.2
2024-07-20 20:00:00,KL-EKM-03,Ernakulam,Lowland/Coastal/Riverine,9.9816,76.2999,10.1,27.8,81.7,98.0,20.2
2024-07-20 21:00:00,KL-EKM-03,Ernakulam,Lowland/Coastal/Riverine,9.9816,76.2999,11.5,26.9,82.4,98.0,21.6
2024-07-20 22:00:00,KL-EKM-03,Ernakulam,Lowland/Coastal/Riverine,9.9816,76.2999,0.0,28.5,74.6,97.8,14.5
2024-07-20 23:00:00,KL-EKM-03,Ernakulam,Lowland/Coastal/Riverine,9.9816,76.2999,26.1,23.9,90.4,98.0,23.4
2024-07-21 00:00:00,KL-EKM-03,Ernakulam,Lowland/Coastal/Riverine,9.9816,76.2999,0.0,28.1,72.4,97.8,11.4
2024-07-21 01:00:00,KL-EKM-03,Ernakulam,Lowland/Coastal/Riverine,9.9816,76.2999,21.3,25.1,88.6,98.0,20.8
2024-07-21 02:00:00,KL-EKM-03,Ernakulam,Lowland/Coastal/Riverine,9.9816,76.2999,0.0,28.3,72.8,97.8,13.7
2024-07-21 03:00:00,KL-EKM-03,Ernakulam,Lowland/Coastal/Riverine,9.9816,76.2999,0.0,28.7,73.2,97.5,10.4
2024-07-21 04:00:00,KL-EKM-03,Ernakulam,Lowland/Coastal/Riverine,9.9816,76.2999,0.0,28.4,73.7,97.2,11.8
2024-07-21 05:00:00,KL-EKM-03,Ernakulam,Lowland/Coastal/Riverine,9.9816,76.2999,30.9,24.7,96.1,98.0,29.4
2024-07-21 06:00:00,KL-EKM-03,Ernakulam,Lowland/Coastal/Riverine,9.9816,76.2999,22.1,26.1,89.0,98.0,25.8
2024-07-21 07:00:00,KL-EKM-03,Ernakulam,Lowland/Coastal/Riverine,9.9816,76.2999,0.0,31.3,69.9,97.8,14.1
2024-07-21 08:00:00,KL-EKM-03,Ernakulam,Lowland/Coastal/Riverine,9.9816,76.2999,0.0,31.5,73.4,97.5,12.2
2024-07-21 09:00:00,KL-EKM-03,Ernakulam,Lowland/Coastal/Riverine,9.9816,76.2999,0.0,31.5,72.3,97.2,10.7
2024-07-21 10:00:00,KL-EKM-03,Ernakulam,Lowland/Coastal/Riverine,9.9816,76.2999,20.3,28.7,90.9,98.0,22.0
2024-07-21 11:00:00,KL-EKM-03,Ernakulam,Lowland/Coastal/Riverine,9.9816,76.2999,0.0,32.6,71.1,97.8,12.5
2024-07-21 12:00:00,KL-EKM-03,Ernakulam,Lowland/Coastal/Riverine,9.9816,76.2999,0.0,32.0,70.0,97.5,11.3
2024-07-21 13:00:00,KL-EKM-03,Ernakulam,Lowland/Coastal/Riverine,9.9816,76.2999,0.0,31.4,70.1,97.2,14.8
2024-07-21 14:00:00,KL-EKM-03,Ernakulam,Lowland/Coastal/Riverine,9.9816,76.2999,0.0,32.3,74.6,97.0,16.0
2024-07-21 15:00:00,KL-EKM-03,Ernakulam,Lowland/Coastal/Riverine,9.9816,76.2999,0.0,31.5,70.7,96.8,10.4
2024-07-21 16:00:00,KL-EKM-03,Ernakulam,Lowland/Coastal/Riverine,9.9816,76.2999,18.7,28.2,85.9,98.0,20.1
2024-07-21 17:00:00,KL-EKM-03,Ernakulam,Lowland/Coastal/Riverine,9.9816,76.2999,0.0,29.9,72.7,97.8,15.4
2024-07-21 18:00:00,KL-EKM-03,Ernakulam,Lowland/Coastal/Riverine,9.9816,76.2999,11.8,28.4,80.3,98.0,19.4
2024-07-21 19:00:00,KL-EKM-03,Ernakulam,Lowland/Coastal/Riverine,9.9816,76.2999,0.0,29.3,70.9,97.8,12.6
2024-07-21 20:00:00,KL-EKM-03,Ernakulam,Lowland/Coastal/Riverine,9.9816,76.2999,7.3,27.5,79.3,98.0,16.3
2024-07-21 21:00:00,KL-EKM-03,Ernakulam,Lowland/Coastal/Riverine,9.9816,76.2999,0.0,28.0,73.4,97.8,15.3
2024-07-21 22:00:00,KL-EKM-03,Ernakulam,Lowland/Coastal/Riverine,9.9816,76.2999,0.0,28.0,70.8,97.5,13.3
2024-07-21 23:00:00,KL-EKM-03,Ernakulam,Lowland/Coastal/Riverine,9.9816,76.2999,12.7,26.7,84.3,98.0,17.2
2024-07-22 00:00:00,KL-EKM-03,Ernakulam,Lowland/Coastal/Riverine,9.9816,76.2999,0.0,27.6,74.3,97.8,10.5
2024-07-22 01:00:00,KL-EKM-03,Ernakulam,Lowland/Coastal/Riverine,9.9816,76.2999,2.6,27.7,71.3,98.0,14.8
2024-07-22 02:00:00,KL-EKM-03,Ernakulam,Lowland/Coastal/Riverine,9.9816,76.2999,0.0,28.4,74.4,97.8,13.3
2024-07-22 03:00:00,KL-EKM-03,Ernakulam,Lowland/Coastal/Riverine,9.9816,76.2999,0.0,29.4,71.8,97.5,14.7
2024-07-22 04:00:00,KL-EKM-03,Ernakulam,Lowland/Coastal/Riverine,9.9816,76.2999,5.5,28.6,77.8,98.0,14.5
2024-07-22 05:00:00,KL-EKM-03,Ernakulam,Lowland/Coastal/Riverine,9.9816,76.2999,0.0,29.5,71.4,97.8,13.0
2024-07-22 06:00:00,KL-EKM-03,Ernakulam,Lowland/Coastal/Riverine,9.9816,76.2999,0.0,30.6,73.8,97.5,13.7
2024-07-22 07:00:00,KL-EKM-03,Ernakulam,Lowland/Coastal/Riverine,9.9816,76.2999,9.4,29.0,77.6,98.0,20.4
2024-07-22 08:00:00,KL-EKM-03,Ernakulam,Lowland/Coastal/Riverine,9.9816,76.2999,0.0,31.7,73.4,97.8,12.9
2024-07-22 09:00:00,KL-EKM-03,Ernakulam,Lowland/Coastal/Riverine,9.9816,76.2999,5.1,30.6,73.5,98.0,14.8
2024-07-22 10:00:00,KL-EKM-03,Ernakulam,Lowland/Coastal/Riverine,9.9816,76.2999,4.8,31.7,75.0,98.0,15.2
2024-07-22 11:00:00,KL-EKM-03,Ernakulam,Lowland/Coastal/Riverine,9.9816,76.2999,0.0,31.2,74.9,97.8,11.9
2024-07-22 12:00:00,KL-EKM-03,Ernakulam,Lowland/Coastal/Riverine,9.9816,76.2999,0.0,32.0,74.0,97.5,15.0
2024-07-22 13:00:00,KL-EKM-03,Ernakulam,Lowland/Coastal/Riverine,9.9816,76.2999,9.3,30.0,80.4,98.0,16.8
2024-07-22 14:00:00,KL-EKM-03,Ernakulam,Lowland/Coastal/Riverine,9.9816,76.2999,0.0,32.3,72.1,97.8,12.3
2024-07-22 15:00:00,KL-EKM-03,Ernakulam,Lowland/Coastal/Riverine,9.9816,76.2999,0.0,31.4,71.1,97.5,15.2
2024-07-22 16:00:00,KL-EKM-03,Ernakulam,Lowland/Coastal/Riverine,9.9816,76.2999,0.0,31.0,72.6,97.2,13.0
2024-07-22 17:00:00,KL-EKM-03,Ernakulam,Lowland/Coastal/Riverine,9.9816,76.2999,4.1,29.2,76.1,98.0,13.3
2024-07-22 18:00:00,KL-EKM-03,Ernakulam,Lowland/Coastal/Riverine,9.9816,76.2999,6.7,29.3,75.1,98.0,14.7
2024-07-22 19:00:00,KL-EKM-03,Ernakulam,Lowland/Coastal/Riverine,9.9816,76.2999,0.0,29.8,71.9,97.8,12.9
2024-07-22 20:00:00,KL-EKM-03,Ernakulam,Lowland/Coastal/Riverine,9.9816,76.2999,4.0,28.9,72.3,98.0,12.3
2024-07-22 21:00:00,KL-EKM-03,Ernakulam,Lowland/Coastal/Riverine,9.9816,76.2999,0.0,28.0,72.8,97.8,10.2
2024-07-22 22:00:00,KL-EKM-03,Ernakulam,Lowland/Coastal/Riverine,9.9816,76.2999,0.0,27.6,70.5,97.5,11.1
2024-07-22 23:00:00,KL-EKM-03,Ernakulam,Lowland/Coastal/Riverine,9.9816,76.2999,0.0,28.2,72.4,97.2,10.1
2024-07-23 00:00:00,KL-EKM-03,Ernakulam,Lowland/Coastal/Riverine,9.9816,76.2999,0.0,28.3,70.7,97.0,10.5
2024-07-23 01:00:00,KL-EKM-03,Ernakulam,Lowland/Coastal/Riverine,9.9816,76.2999,0.0,28.9,74.2,96.8,11.0
2024-07-23 02:00:00,KL-EKM-03,Ernakulam,Lowland/Coastal/Riverine,9.9816,76.2999,0.0,28.4,73.8,96.5,14.9
2024-07-23 03:00:00,KL-EKM-03,Ernakulam,Lowland/Coastal/Riverine,9.9816,76.2999,10.9,26.6,82.1,98.0,17.5
2024-07-23 04:00:00,KL-EKM-03,Ernakulam,Lowland/Coastal/Riverine,9.9816,76.2999,0.0,29.1,70.4,97.8,12.3
2024-07-23 05:00:00,KL-EKM-03,Ernakulam,Lowland/Coastal/Riverine,9.9816,76.2999,4.8,29.3,75.9,98.0,14.9
2024-07-23 06:00:00,KL-EKM-03,Ernakulam,Lowland/Coastal/Riverine,9.9816,76.2999,3.4,29.5,75.4,98.0,11.9
2024-07-23 07:00:00,KL-EKM-03,Ernakulam,Lowland/Coastal/Riverine,9.9816,76.2999,0.0,30.5,69.7,97.8,12.9
2024-07-23 08:00:00,KL-EKM-03,Ernakulam,Lowland/Coastal/Riverine,9.9816,76.2999,10.8,29.9,83.0,98.0,20.0
2024-07-23 09:00:00,KL-EKM-03,Ernakulam,Lowland/Coastal/Riverine,9.9816,76.2999,0.0,31.4,71.2,97.8,10.3
2024-07-23 10:00:00,KL-EKM-03,Ernakulam,Lowland/Coastal/Riverine,9.9816,76.2999,0.0,31.3,73.8,97.5,14.7
2024-07-23 11:00:00,KL-EKM-03,Ernakulam,Lowland/Coastal/Riverine,9.9816,76.2999,0.0,32.1,73.4,97.2,14.6
2024-07-23 12:00:00,KL-EKM-03,Ernakulam,Lowland/Coastal/Riverine,9.9816,76.2999,0.0,31.4,69.8,97.0,12.9
2024-07-23 13:00:00,KL-EKM-03,Ernakulam,Lowland/Coastal/Riverine,9.9816,76.2999,15.9,29.2,87.0,98.0,20.4
2024-07-23 14:00:00,KL-EKM-03,Ernakulam,Lowland/Coastal/Riverine,9.9816,76.2999,13.9,30.1,83.6,98.0,17.7
2024-07-23 15:00:00,KL-EKM-03,Ernakulam,Lowland/Coastal/Riverine,9.9816,76.2999,13.3,29.7,81.5,98.0,18.8
2024-07-23 16:00:00,KL-EKM-03,Ernakulam,Lowland/Coastal/Riverine,9.9816,76.2999,13.7,28.6,85.1,98.0,19.4
2024-07-23 17:00:00,KL-EKM-03,Ernakulam,Lowland/Coastal/Riverine,9.9816,76.2999,7.4,29.7,79.4,98.0,16.2
2024-07-23 18:00:00,KL-EKM-03,Ernakulam,Lowland/Coastal/Riverine,9.9816,76.2999,0.0,30.0,71.2,97.8,13.3
2024-07-23 19:00:00,KL-EKM-03,Ernakulam,Lowland/Coastal/Riverine,9.9816,76.2999,8.5,28.0,80.0,98.0,18.7
2024-07-23 20:00:00,KL-EKM-03,Ernakulam,Lowland/Coastal/Riverine,9.9816,76.2999,0.0,29.3,73.5,97.8,12.7
2024-07-23 21:00:00,KL-EKM-03,Ernakulam,Lowland/Coastal/Riverine,9.9816,76.2999,0.0,28.0,70.3,97.5,12.4
2024-07-23 22:00:00,KL-EKM-03,Ernakulam,Lowland/Coastal/Riverine,9.9816,76.2999,14.6,26.4,84.9,98.0,18.3
2024-07-23 23:00:00,KL-EKM-03,Ernakulam,Lowland/Coastal/Riverine,9.9816,76.2999,0.0,27.3,69.5,97.8,10.9
2024-07-24 00:00:00,KL-EKM-03,Ernakulam,Lowland/Coastal/Riverine,9.9816,76.2999,0.0,27.9,69.4,97.5,11.3
2024-07-24 01:00:00,KL-EKM-03,Ernakulam,Lowland/Coastal/Riverine,9.9816,76.2999,4.3,27.2,78.3,98.0,15.8
2024-07-24 02:00:00,KL-EKM-03,Ernakulam,Lowland/Coastal/Riverine,9.9816,76.2999,0.0,28.6,72.6,97.8,15.7
2024-07-24 03:00:00,KL-EKM-03,Ernakulam,Lowland/Coastal/Riverine,9.9816,76.2999,0.0,28.8,71.6,97.5,11.2
2024-07-24 04:00:00,KL-EKM-03,Ernakulam,Lowland/Coastal/Riverine,9.9816,76.2999,0.0,29.5,70.7,97.2,10.2
2024-07-24 05:00:00,KL-EKM-03,Ernakulam,Lowland/Coastal/Riverine,9.9816,76.2999,0.0,29.5,70.4,97.0,11.0
2024-07-24 06:00:00,KL-EKM-03,Ernakulam,Lowland/Coastal/Riverine,9.9816,76.2999,11.4,27.5,79.1,98.0,21.7
2024-07-24 07:00:00,KL-EKM-03,Ernakulam,Lowland/Coastal/Riverine,9.9816,76.2999,0.0,30.3,71.4,97.8,13.5
2024-07-24 08:00:00,KL-EKM-03,Ernakulam,Lowland/Coastal/Riverine,9.9816,76.2999,0.0,31.4,69.4,97.5,10.5
2024-07-24 09:00:00,KL-EKM-03,Ernakulam,Lowland/Coastal/Riverine,9.9816,76.2999,33.5,27.1,97.9,98.0,32.5
2024-07-24 10:00:00,KL-EKM-03,Ernakulam,Lowland/Coastal/Riverine,9.9816,76.2999,27.0,27.2,96.2,98.0,26.9
2024-07-24 11:00:00,KL-EKM-03,Ernakulam,Lowland/Coastal/Riverine,9.9816,76.2999,20.8,28.2,86.1,98.0,22.2
2024-07-24 12:00:00,KL-EKM-03,Ernakulam,Lowland/Coastal/Riverine,9.9816,76.2999,0.0,32.5,74.7,97.8,15.3
2024-07-24 13:00:00,KL-EKM-03,Ernakulam,Lowland/Coastal/Riverine,9.9816,76.2999,0.0,32.1,73.2,97.5,15.8
2024-07-24 14:00:00,KL-EKM-03,Ernakulam,Lowland/Coastal/Riverine,9.9816,76.2999,0.0,32.2,73.5,97.2,15.8
2024-07-24 15:00:00,KL-EKM-03,Ernakulam,Lowland/Coastal/Riverine,9.9816,76.2999,27.6,27.4,91.2,98.0,24.5
2024-07-24 16:00:00,KL-EKM-03,Ernakulam,Lowland/Coastal/Riverine,9.9816,76.2999,37.1,26.2,99.0,98.0,29.9
2024-07-24 17:00:00,KL-EKM-03,Ernakulam,Lowland/Coastal/Riverine,9.9816,76.2999,54.9,22.3,99.0,98.0,42.4
2024-07-24 18:00:00,KL-EKM-03,Ernakulam,Lowland/Coastal/Riverine,9.9816,76.2999,12.3,28.4,83.8,98.0,24.6
2024-07-24 19:00:00,KL-EKM-03,Ernakulam,Lowland/Coastal/Riverine,9.9816,76.2999,0.0,29.4,71.1,97.8,23.4
2024-07-24 20:00:00,KL-EKM-03,Ernakulam,Lowland/Coastal/Riverine,9.9816,76.2999,62.1,20.0,99.0,98.0,52.0
2024-07-24 21:00:00,KL-EKM-03,Ernakulam,Lowland/Coastal/Riverine,9.9816,76.2999,52.2,21.4,99.0,98.0,45.3
2024-07-24 22:00:00,KL-EKM-03,Ernakulam,Lowland/Coastal/Riverine,9.9816,76.2999,47.1,20.7,99.0,98.0,47.1
2024-07-24 23:00:00,KL-EKM-03,Ernakulam,Lowland/Coastal/Riverine,9.9816,76.2999,0.0,28.3,72.7,97.8,22.6
2024-07-25 00:00:00,KL-EKM-03,Ernakulam,Lowland/Coastal/Riverine,9.9816,76.2999,12.4,26.1,82.6,98.0,27.2
2024-07-25 01:00:00,KL-EKM-03,Ernakulam,Lowland/Coastal/Riverine,9.9816,76.2999,0.0,28.7,74.2,97.8,20.9
2024-07-25 02:00:00,KL-EKM-03,Ernakulam,Lowland/Coastal/Riverine,9.9816,76.2999,0.0,28.9,70.7,97.5,19.3
2024-07-25 03:00:00,KL-EKM-03,Ernakulam,Lowland/Coastal/Riverine,9.9816,76.2999,14.6,26.4,83.9,98.0,28.3
2024-07-25 04:00:00,KL-EKM-03,Ernakulam,Lowland/Coastal/Riverine,9.9816,76.2999,63.7,20.2,99.0,98.0,52.6
2024-07-25 05:00:00,KL-EKM-03,Ernakulam,Lowland/Coastal/Riverine,9.9816,76.2999,0.0,28.7,70.3,97.8,21.5
2024-07-25 06:00:00,KL-EKM-03,Ernakulam,Lowland/Coastal/Riverine,9.9816,76.2999,61.8,20.8,99.0,98.0,51.7
2024-07-25 07:00:00,KL-EKM-03,Ernakulam,Lowland/Coastal/Riverine,9.9816,76.2999,42.8,23.6,99.0,98.0,41.6
2024-07-25 08:00:00,KL-EKM-03,Ernakulam,Lowland/Coastal/Riverine,9.9816,76.2999,0.0,30.6,70.1,97.8,18.8
2024-07-25 09:00:00,KL-EKM-03,Ernakulam,Lowland/Coastal/Riverine,9.9816,76.2999,66.0,21.1,99.0,98.0,53.3
2024-07-25 10:00:00,KL-EKM-03,Ernakulam,Lowland/Coastal/Riverine,9.9816,76.2999,149.3,18.0,99.0,98.0,98.6
2024-07-25 11:00:00,KL-EKM-03,Ernakulam,Lowland/Coastal/Riverine,9.9816,76.2999,0.0,32.0,73.3,97.8,22.7
2024-07-25 12:00:00,KL-EKM-03,Ernakulam,Lowland/Coastal/Riverine,9.9816,76.2999,66.9,21.8,99.0,98.0,51.8
2024-07-25 13:00:00,KL-EKM-03,Ernakulam,Lowland/Coastal/Riverine,9.9816,76.2999,0.0,31.9,72.8,97.8,20.7
2024-07-25 14:00:00,KL-EKM-03,Ernakulam,Lowland/Coastal/Riverine,9.9816,76.2999,49.6,25.0,99.0,98.0,42.9
2024-07-25 15:00:00,KL-EKM-03,Ernakulam,Lowland/Coastal/Riverine,9.9816,76.2999,101.0,18.0,99.0,98.0,72.4
2024-07-25 16:00:00,KL-EKM-03,Ernakulam,Lowland/Coastal/Riverine,9.9816,76.2999,93.6,18.0,99.0,98.0,69.2
2024-07-25 17:00:00,KL-EKM-03,Ernakulam,Lowland/Coastal/Riverine,9.9816,76.2999,0.0,30.3,70.7,97.8,21.8
2024-07-25 18:00:00,KL-EKM-03,Ernakulam,Lowland/Coastal/Riverine,9.9816,76.2999,32.2,24.9,98.5,98.0,37.5
2024-07-25 19:00:00,KL-EKM-03,Ernakulam,Lowland/Coastal/Riverine,9.9816,76.2999,0.0,28.8,70.0,97.8,19.4
2024-07-25 20:00:00,KL-EKM-03,Ernakulam,Lowland/Coastal/Riverine,9.9816,76.2999,45.9,22.3,99.0,98.0,43.6
2024-07-25 21:00:00,KL-EKM-03,Ernakulam,Lowland/Coastal/Riverine,9.9816,76.2999,0.0,28.4,72.5,97.8,23.8
2024-07-25 22:00:00,KL-EKM-03,Ernakulam,Lowland/Coastal/Riverine,9.9816,76.2999,81.7,18.0,99.0,98.0,63.1
2024-07-25 23:00:00,KL-EKM-03,Ernakulam,Lowland/Coastal/Riverine,9.9816,76.2999,60.0,19.7,99.0,98.0,48.2
2024-07-26 00:00:00,KL-EKM-03,Ernakulam,Lowland/Coastal/Riverine,9.9816,76.2999,130.1,18.0,99.0,98.0,88.4
2024-07-26 01:00:00,KL-EKM-03,Ernakulam,Lowland/Coastal/Riverine,9.9816,76.2999,41.8,22.0,99.0,98.0,43.9
2024-07-26 02:00:00,KL-EKM-03,Ernakulam,Lowland/Coastal/Riverine,9.9816,76.2999,86.1,18.0,99.0,98.0,66.9
2024-07-26 03:00:00,KL-EKM-03,Ernakulam,Lowland/Coastal/Riverine,9.9816,76.2999,44.1,22.7,99.0,98.0,41.1
2024-07-26 04:00:00,KL-EKM-03,Ernakulam,Lowland/Coastal/Riverine,9.9816,76.2999,81.8,18.0,99.0,98.0,62.7
2024-07-26 05:00:00,KL-EKM-03,Ernakulam,Lowland/Coastal/Riverine,9.9816,76.2999,51.4,22.3,99.0,98.0,45.9
2024-07-26 06:00:00,KL-EKM-03,Ernakulam,Lowland/Coastal/Riverine,9.9816,76.2999,95.9,18.0,99.0,98.0,68.8
2024-07-26 07:00:00,KL-EKM-03,Ernakulam,Lowland/Coastal/Riverine,9.9816,76.2999,109.4,18.0,99.0,98.0,75.3
2024-07-26 08:00:00,KL-EKM-03,Ernakulam,Lowland/Coastal/Riverine,9.9816,76.2999,74.1,19.7,99.0,98.0,57.4
2024-07-26 09:00:00,KL-EKM-03,Ernakulam,Lowland/Coastal/Riverine,9.9816,76.2999,88.0,18.0,99.0,98.0,64.5
2024-07-26 10:00:00,KL-EKM-03,Ernakulam,Lowland/Coastal/Riverine,9.9816,76.2999,89.3,18.8,99.0,98.0,64.4
2024-07-26 11:00:00,KL-EKM-03,Ernakulam,Lowland/Coastal/Riverine,9.9816,76.2999,92.0,18.7,99.0,98.0,65.7
2024-07-26 12:00:00,KL-EKM-03,Ernakulam,Lowland/Coastal/Riverine,9.9816,76.2999,72.1,21.4,99.0,98.0,54.2
2024-07-26 13:00:00,KL-EKM-03,Ernakulam,Lowland/Coastal/Riverine,9.9816,76.2999,63.0,21.8,99.0,98.0,53.8
2024-07-26 14:00:00,KL-EKM-03,Ernakulam,Lowland/Coastal/Riverine,9.9816,76.2999,0.0,31.3,69.9,97.8,21.0
2024-07-26 15:00:00,KL-EKM-03,Ernakulam,Lowland/Coastal/Riverine,9.9816,76.2999,40.3,26.2,99.0,98.0,42.9
2024-07-26 16:00:00,KL-EKM-03,Ernakulam,Lowland/Coastal/Riverine,9.9816,76.2999,85.2,18.0,99.0,98.0,61.0
2024-07-26 17:00:00,KL-EKM-03,Ernakulam,Lowland/Coastal/Riverine,9.9816,76.2999,28.2,26.8,96.5,98.0,32.8
2024-07-26 18:00:00,KL-EKM-03,Ernakulam,Lowland/Coastal/Riverine,9.9816,76.2999,0.0,29.6,73.6,97.8,20.7
2024-07-26 19:00:00,KL-EKM-03,Ernakulam,Lowland/Coastal/Riverine,9.9816,76.2999,0.0,28.7,71.8,97.5,22.6
2024-07-26 20:00:00,KL-EKM-03,Ernakulam,Lowland/Coastal/Riverine,9.9816,76.2999,86.5,18.0,99.0,98.0,63.2
2024-07-26 21:00:00,KL-EKM-03,Ernakulam,Lowland/Coastal/Riverine,9.9816,76.2999,13.8,26.5,81.6,98.0,28.7
2024-07-26 22:00:00,KL-EKM-03,Ernakulam,Lowland/Coastal/Riverine,9.9816,76.2999,74.0,18.0,99.0,98.0,58.8
2024-07-26 23:00:00,KL-EKM-03,Ernakulam,Lowland/Coastal/Riverine,9.9816,76.2999,21.5,24.2,90.9,98.0,28.8
2024-07-27 00:00:00,KL-EKM-03,Ernakulam,Lowland/Coastal/Riverine,9.9816,76.2999,61.9,18.7,99.0,98.0,51.2
2024-07-27 01:00:00,KL-EKM-03,Ernakulam,Lowland/Coastal/Riverine,9.9816,76.2999,19.3,24.5,88.2,98.0,33.2
2024-07-27 02:00:00,KL-EKM-03,Ernakulam,Lowland/Coastal/Riverine,9.9816,76.2999,0.0,28.5,69.4,97.8,21.9
2024-07-27 03:00:00,KL-EKM-03,Ernakulam,Lowland/Coastal/Riverine,9.9816,76.2999,0.0,29.1,69.8,97.5,19.4
2024-07-27 04:00:00,KL-EKM-03,Ernakulam,Lowland/Coastal/Riverine,9.9816,76.2999,0.0,29.5,73.5,97.2,22.8
2024-07-27 05:00:00,KL-EKM-03,Ernakulam,Lowland/Coastal/Riverine,9.9816,76.2999,18.3,27.0,85.8,98.0,28.0
2024-07-27 06:00:00,KL-EKM-03,Ernakulam,Lowland/Coastal/Riverine,9.9816,76.2999,0.0,30.0,71.6,97.8,19.8
2024-07-27 07:00:00,KL-EKM-03,Ernakulam,Lowland/Coastal/Riverine,9.9816,76.2999,0.0,30.0,70.1,97.5,12.1
2024-07-27 08:00:00,KL-EKM-03,Ernakulam,Lowland/Coastal/Riverine,9.9816,76.2999,0.0,30.6,74.0,97.2,15.5
2024-07-27 09:00:00,KL-EKM-03,Ernakulam,Lowland/Coastal/Riverine,9.9816,76.2999,0.0,30.7,69.9,97.0,11.8
2024-07-27 10:00:00,KL-EKM-03,Ernakulam,Lowland/Coastal/Riverine,9.9816,76.2999,22.2,27.6,90.6,98.0,23.4
2024-07-27 11:00:00,KL-EKM-03,Ernakulam,Lowland/Coastal/Riverine,9.9816,76.2999,6.7,31.5,79.0,98.0,14.8
2024-07-27 12:00:00,KL-EKM-03,Ernakulam,Lowland/Coastal/Riverine,9.9816,76.2999,0.0,32.3,72.2,97.8,12.3
2024-07-27 13:00:00,KL-EKM-03,Ernakulam,Lowland/Coastal/Riverine,9.9816,76.2999,0.0,31.9,72.3,97.5,13.7
2024-07-27 14:00:00,KL-EKM-03,Ernakulam,Lowland/Coastal/Riverine,9.9816,76.2999,28.3,26.9,94.8,98.0,24.6
2024-07-27 15:00:00,KL-EKM-03,Ernakulam,Lowland/Coastal/Riverine,9.9816,76.2999,0.0,30.8,74.2,97.8,11.2
2024-07-27 16:00:00,KL-EKM-03,Ernakulam,Lowland/Coastal/Riverine,9.9816,76.2999,0.0,30.4,72.4,97.5,15.0
2024-07-27 17:00:00,KL-EKM-03,Ernakulam,Lowland/Coastal/Riverine,9.9816,76.2999,0.0,30.6,73.2,97.2,11.5
2024-07-27 18:00:00,KL-EKM-03,Ernakulam,Lowland/Coastal/Riverine,9.9816,76.2999,22.3,26.0,92.4,98.0,22.4
2024-07-27 19:00:00,KL-EKM-03,Ernakulam,Lowland/Coastal/Riverine,9.9816,76.2999,0.0,30.1,69.5,97.8,14.8
2024-07-27 20:00:00,KL-EKM-03,Ernakulam,Lowland/Coastal/Riverine,9.9816,76.2999,19.1,26.8,86.8,98.0,21.8
2024-07-27 21:00:00,KL-EKM-03,Ernakulam,Lowland/Coastal/Riverine,9.9816,76.2999,0.0,29.1,70.6,97.8,10.2
2024-07-27 22:00:00,KL-EKM-03,Ernakulam,Lowland/Coastal/Riverine,9.9816,76.2999,11.1,27.3,83.6,98.0,16.1
2024-07-27 23:00:00,KL-EKM-03,Ernakulam,Lowland/Coastal/Riverine,9.9816,76.2999,0.0,28.1,70.1,97.8,13.2
2024-07-28 00:00:00,KL-EKM-03,Ernakulam,Lowland/Coastal/Riverine,9.9816,76.2999,17.5,24.9,87.5,98.0,21.2
2024-07-28 01:00:00,KL-EKM-03,Ernakulam,Lowland/Coastal/Riverine,9.9816,76.2999,17.1,25.3,85.4,98.0,22.5
2024-07-28 02:00:00,KL-EKM-03,Ernakulam,Lowland/Coastal/Riverine,9.9816,76.2999,0.0,27.7,70.1,97.8,12.4
2024-07-28 03:00:00,KL-EKM-03,Ernakulam,Lowland/Coastal/Riverine,9.9816,76.2999,6.1,28.5,76.5,98.0,15.2
2024-07-28 04:00:00,KL-EKM-03,Ernakulam,Lowland/Coastal/Riverine,9.9816,76.2999,22.2,25.4,89.0,98.0,25.7
2024-07-28 05:00:00,KL-EKM-03,Ernakulam,Lowland/Coastal/Riverine,9.9816,76.2999,0.0,29.8,72.7,97.8,13.4
2024-07-28 06:00:00,KL-EKM-03,Ernakulam,Lowland/Coastal/Riverine,9.9816,76.2999,16.6,28.2,83.8,98.0,24.1
2024-07-28 07:00:00,KL-EKM-03,Ernakulam,Lowland/Coastal/Riverine,9.9816,76.2999,0.0,30.4,73.4,97.8,15.9
2024-07-28 08:00:00,KL-EKM-03,Ernakulam,Lowland/Coastal/Riverine,9.9816,76.2999,0.0,31.0,75.0,97.5,11.8
2024-07-28 09:00:00,KL-EKM-03,Ernakulam,Lowland/Coastal/Riverine,9.9816,76.2999,6.1,31.1,74.0,98.0,18.0
2024-07-28 10:00:00,KL-EKM-03,Ernakulam,Lowland/Coastal/Riverine,9.9816,76.2999,0.0,31.4,72.3,97.8,13.3
2024-07-28 11:00:00,KL-EKM-03,Ernakulam,Lowland/Coastal/Riverine,9.9816,76.2999,0.0,31.4,69.2,97.5,12.1
2024-07-28 12:00:00,KL-EKM-03,Ernakulam,Lowland/Coastal/Riverine,9.9816,76.2999,7.9,30.9,76.7,98.0,18.8
2024-07-28 13:00:00,KL-EKM-03,Ernakulam,Lowland/Coastal/Riverine,9.9816,76.2999,8.3,31.4,80.0,98.0,18.5
2024-07-28 14:00:00,KL-EKM-03,Ernakulam,Lowland/Coastal/Riverine,9.9816,76.2999,0.0,31.2,74.0,97.8,14.1
2024-07-28 15:00:00,KL-EKM-03,Ernakulam,Lowland/Coastal/Riverine,9.9816,76.2999,0.0,32.1,72.6,97.5,11.8
2024-07-28 16:00:00,KL-EKM-03,Ernakulam,Lowland/Coastal/Riverine,9.9816,76.2999,0.0,31.1,69.5,97.2,10.3
2024-07-28 17:00:00,KL-EKM-03,Ernakulam,Lowland/Coastal/Riverine,9.9816,76.2999,0.0,30.3,73.9,97.0,12.5
2024-07-28 18:00:00,KL-EKM-03,Ernakulam,Lowland/Coastal/Riverine,9.9816,76.2999,0.0,30.6,70.4,96.8,13.9
2024-07-28 19:00:00,KL-EKM-03,Ernakulam,Lowland/Coastal/Riverine,9.9816,76.2999,0.0,28.7,73.7,96.5,12.3
2024-07-28 20:00:00,KL-EKM-03,Ernakulam,Lowland/Coastal/Riverine,9.9816,76.2999,2.5,28.7,71.9,97.4,14.3
2024-07-28 21:00:00,KL-EKM-03,Ernakulam,Lowland/Coastal/Riverine,9.9816,76.2999,2.6,28.6,73.4,98.0,14.0
2024-07-28 22:00:00,KL-EKM-03,Ernakulam,Lowland/Coastal/Riverine,9.9816,76.2999,0.0,28.3,70.3,97.8,11.7
2024-07-28 23:00:00,KL-EKM-03,Ernakulam,Lowland/Coastal/Riverine,9.9816,76.2999,0.0,27.5,69.5,97.5,13.4
2024-07-15 00:00:00,KL-PTA-04,Pathanamthitta,Midland/Riverine,9.2648,76.787,0.0,27.3,72.0,50.2,14.6
2024-07-15 01:00:00,KL-PTA-04,Pathanamthitta,Midland/Riverine,9.2648,76.787,3.5,27.6,74.7,51.5,15.7
2024-07-15 02:00:00,KL-PTA-04,Pathanamthitta,Midland/Riverine,9.2648,76.787,9.6,27.2,78.2,54.8,15.2
2024-07-15 03:00:00,KL-PTA-04,Pathanamthitta,Midland/Riverine,9.2648,76.787,0.0,28.3,74.5,54.6,10.5
2024-07-15 04:00:00,KL-PTA-04,Pathanamthitta,Midland/Riverine,9.2648,76.787,0.0,28.9,71.1,54.3,11.9
2024-07-15 05:00:00,KL-PTA-04,Pathanamthitta,Midland/Riverine,9.2648,76.787,0.0,28.7,70.8,54.1,15.9
2024-07-15 06:00:00,KL-PTA-04,Pathanamthitta,Midland/Riverine,9.2648,76.787,0.0,30.8,71.7,53.8,10.9
2024-07-15 07:00:00,KL-PTA-04,Pathanamthitta,Midland/Riverine,9.2648,76.787,12.1,28.2,80.9,58.1,20.6
2024-07-15 08:00:00,KL-PTA-04,Pathanamthitta,Midland/Riverine,9.2648,76.787,0.0,30.4,69.3,57.8,15.7
2024-07-15 09:00:00,KL-PTA-04,Pathanamthitta,Midland/Riverine,9.2648,76.787,0.0,32.0,73.9,57.6,10.1
2024-07-15 10:00:00,KL-PTA-04,Pathanamthitta,Midland/Riverine,9.2648,76.787,0.0,31.1,71.7,57.3,10.1
2024-07-15 11:00:00,KL-PTA-04,Pathanamthitta,Midland/Riverine,9.2648,76.787,8.6,30.2,79.0,60.3,15.9
2024-07-15 12:00:00,KL-PTA-04,Pathanamthitta,Midland/Riverine,9.2648,76.787,0.0,32.4,69.8,60.1,14.2
2024-07-15 13:00:00,KL-PTA-04,Pathanamthitta,Midland/Riverine,9.2648,76.787,9.1,30.8,76.5,63.3,15.6
2024-07-15 14:00:00,KL-PTA-04,Pathanamthitta,Midland/Riverine,9.2648,76.787,11.7,30.2,78.7,67.4,19.8
2024-07-15 15:00:00,KL-PTA-04,Pathanamthitta,Midland/Riverine,9.2648,76.787,6.7,30.0,79.5,69.7,17.3
2024-07-15 16:00:00,KL-PTA-04,Pathanamthitta,Midland/Riverine,9.2648,76.787,0.0,30.2,74.2,69.4,13.9
2024-07-15 17:00:00,KL-PTA-04,Pathanamthitta,Midland/Riverine,9.2648,76.787,6.6,30.3,74.9,71.8,15.2
2024-07-15 18:00:00,KL-PTA-04,Pathanamthitta,Midland/Riverine,9.2648,76.787,0.0,30.1,70.1,71.5,13.0
2024-07-15 19:00:00,KL-PTA-04,Pathanamthitta,Midland/Riverine,9.2648,76.787,0.0,30.2,69.1,71.3,11.5
2024-07-15 20:00:00,KL-PTA-04,Pathanamthitta,Midland/Riverine,9.2648,76.787,0.0,28.7,71.4,71.0,10.9
2024-07-15 21:00:00,KL-PTA-04,Pathanamthitta,Midland/Riverine,9.2648,76.787,6.2,27.9,75.4,73.2,19.0
2024-07-15 22:00:00,KL-PTA-04,Pathanamthitta,Midland/Riverine,9.2648,76.787,0.0,28.8,72.8,72.9,15.3
2024-07-15 23:00:00,KL-PTA-04,Pathanamthitta,Midland/Riverine,9.2648,76.787,0.0,28.6,69.2,72.7,13.3
2024-07-16 00:00:00,KL-PTA-04,Pathanamthitta,Midland/Riverine,9.2648,76.787,3.7,28.1,75.9,74.0,12.4
2024-07-16 01:00:00,KL-PTA-04,Pathanamthitta,Midland/Riverine,9.2648,76.787,0.0,28.8,72.7,73.7,13.8
2024-07-16 02:00:00,KL-PTA-04,Pathanamthitta,Midland/Riverine,9.2648,76.787,4.8,27.0,78.7,75.4,17.9
2024-07-16 03:00:00,KL-PTA-04,Pathanamthitta,Midland/Riverine,9.2648,76.787,8.6,26.8,76.7,78.4,17.5
2024-07-16 04:00:00,KL-PTA-04,Pathanamthitta,Midland/Riverine,9.2648,76.787,0.0,29.6,70.9,78.2,14.2
2024-07-16 05:00:00,KL-PTA-04,Pathanamthitta,Midland/Riverine,9.2648,76.787,0.0,28.9,75.0,77.9,15.9
2024-07-16 06:00:00,KL-PTA-04,Pathanamthitta,Midland/Riverine,9.2648,76.787,13.6,28.6,81.8,82.7,20.1
2024-07-16 07:00:00,KL-PTA-04,Pathanamthitta,Midland/Riverine,9.2648,76.787,0.0,29.9,70.9,82.4,15.3
2024-07-16 08:00:00,KL-PTA-04,Pathanamthitta,Midland/Riverine,9.2648,76.787,0.0,31.4,74.3,82.2,12.5
2024-07-16 09:00:00,KL-PTA-04,Pathanamthitta,Midland/Riverine,9.2648,76.787,0.0,31.3,74.6,81.9,15.4
2024-07-16 10:00:00,KL-PTA-04,Pathanamthitta,Midland/Riverine,9.2648,76.787,0.0,31.4,73.7,81.7,10.6
2024-07-16 11:00:00,KL-PTA-04,Pathanamthitta,Midland/Riverine,9.2648,76.787,11.4,30.4,79.7,85.7,19.1
2024-07-16 12:00:00,KL-PTA-04,Pathanamthitta,Midland/Riverine,9.2648,76.787,4.7,31.6,74.9,87.3,16.5
2024-07-16 13:00:00,KL-PTA-04,Pathanamthitta,Midland/Riverine,9.2648,76.787,0.0,31.9,72.6,87.1,14.3
2024-07-16 14:00:00,KL-PTA-04,Pathanamthitta,Midland/Riverine,9.2648,76.787,0.0,32.3,71.9,86.8,10.8
2024-07-16 15:00:00,KL-PTA-04,Pathanamthitta,Midland/Riverine,9.2648,76.787,2.2,31.5,70.9,87.6,12.7
2024-07-16 16:00:00,KL-PTA-04,Pathanamthitta,Midland/Riverine,9.2648,76.787,0.0,31.4,74.9,87.3,14.5
2024-07-16 17:00:00,KL-PTA-04,Pathanamthitta,Midland/Riverine,9.2648,76.787,13.5,29.3,85.0,92.1,19.7
2024-07-16 18:00:00,KL-PTA-04,Pathanamthitta,Midland/Riverine,9.2648,76.787,7.6,28.5,77.5,94.7,14.1
2024-07-16 19:00:00,KL-PTA-04,Pathanamthitta,Midland/Riverine,9.2648,76.787,0.0,29.3,70.9,94.5,13.7
2024-07-16 20:00:00,KL-PTA-04,Pathanamthitta,Midland/Riverine,9.2648,76.787,0.0,29.2,72.2,94.2,15.3
2024-07-16 21:00:00,KL-PTA-04,Pathanamthitta,Midland/Riverine,9.2648,76.787,0.0,28.6,71.7,94.0,15.0
2024-07-16 22:00:00,KL-PTA-04,Pathanamthitta,Midland/Riverine,9.2648,76.787,14.5,26.1,83.0,98.0,21.7
2024-07-16 23:00:00,KL-PTA-04,Pathanamthitta,Midland/Riverine,9.2648,76.787,0.0,28.1,72.8,97.8,10.3
2024-07-17 00:00:00,KL-PTA-04,Pathanamthitta,Midland/Riverine,9.2648,76.787,6.9,26.7,79.5,98.0,16.2
2024-07-17 01:00:00,KL-PTA-04,Pathanamthitta,Midland/Riverine,9.2648,76.787,0.0,28.2,69.3,97.8,13.1
2024-07-17 02:00:00,KL-PTA-04,Pathanamthitta,Midland/Riverine,9.2648,76.787,12.4,26.3,83.3,98.0,16.9
2024-07-17 03:00:00,KL-PTA-04,Pathanamthitta,Midland/Riverine,9.2648,76.787,0.0,29.3,73.2,97.8,10.8
2024-07-17 04:00:00,KL-PTA-04,Pathanamthitta,Midland/Riverine,9.2648,76.787,0.0,28.9,70.1,97.5,13.5
2024-07-17 05:00:00,KL-PTA-04,Pathanamthitta,Midland/Riverine,9.2648,76.787,0.0,29.0,71.7,97.2,11.5
2024-07-17 06:00:00,KL-PTA-04,Pathanamthitta,Midland/Riverine,9.2648,76.787,0.0,30.7,73.8,97.0,14.3
2024-07-17 07:00:00,KL-PTA-04,Pathanamthitta,Midland/Riverine,9.2648,76.787,3.3,29.9,73.8,98.0,14.8
2024-07-17 08:00:00,KL-PTA-04,Pathanamthitta,Midland/Riverine,9.2648,76.787,0.0,31.5,72.1,97.8,15.7
2024-07-17 09:00:00,KL-PTA-04,Pathanamthitta,Midland/Riverine,9.2648,76.787,0.0,31.2,73.6,97.5,15.5
2024-07-17 10:00:00,KL-PTA-04,Pathanamthitta,Midland/Riverine,9.2648,76.787,0.0,32.0,69.9,97.2,15.2
2024-07-17 11:00:00,KL-PTA-04,Pathanamthitta,Midland/Riverine,9.2648,76.787,11.4,30.1,80.0,98.0,20.3
2024-07-17 12:00:00,KL-PTA-04,Pathanamthitta,Midland/Riverine,9.2648,76.787,0.0,32.2,69.7,97.8,10.8
2024-07-17 13:00:00,KL-PTA-04,Pathanamthitta,Midland/Riverine,9.2648,76.787,10.4,30.0,80.1,98.0,20.3
2024-07-17 14:00:00,KL-PTA-04,Pathanamthitta,Midland/Riverine,9.2648,76.787,0.0,30.9,74.3,97.8,11.4
2024-07-17 15:00:00,KL-PTA-04,Pathanamthitta,Midland/Riverine,9.2648,76.787,0.0,31.4,71.5,97.5,10.5
2024-07-17 16:00:00,KL-PTA-04,Pathanamthitta,Midland/Riverine,9.2648,76.787,0.0,30.6,72.3,97.2,13.7
2024-07-17 17:00:00,KL-PTA-04,Pathanamthitta,Midland/Riverine,9.2648,76.787,0.0,31.0,69.3,97.0,10.9
2024-07-17 18:00:00,KL-PTA-04,Pathanamthitta,Midland/Riverine,9.2648,76.787,0.0,29.3,74.1,96.8,14.0
2024-07-17 19:00:00,KL-PTA-04,Pathanamthitta,Midland/Riverine,9.2648,76.787,0.0,29.2,74.5,96.5,10.3
2024-07-17 20:00:00,KL-PTA-04,Pathanamthitta,Midland/Riverine,9.2648,76.787,0.0,28.5,73.0,96.2,13.7
2024-07-17 21:00:00,KL-PTA-04,Pathanamthitta,Midland/Riverine,9.2648,76.787,0.0,28.7,73.7,96.0,11.1
2024-07-17 22:00:00,KL-PTA-04,Pathanamthitta,Midland/Riverine,9.2648,76.787,0.0,28.4,74.6,95.8,10.6
2024-07-17 23:00:00,KL-PTA-04,Pathanamthitta,Midland/Riverine,9.2648,76.787,8.2,26.6,76.0,98.0,16.7
2024-07-18 00:00:00,KL-PTA-04,Pathanamthitta,Midland/Riverine,9.2648,76.787,0.0,27.7,69.8,97.8,14.2
2024-07-18 01:00:00,KL-PTA-04,Pathanamthitta,Midland/Riverine,9.2648,76.787,11.4,26.4,82.3,98.0,19.4
2024-07-18 02:00:00,KL-PTA-04,Pathanamthitta,Midland/Riverine,9.2648,76.787,15.3,26.2,87.2,98.0,20.6
2024-07-18 03:00:00,KL-PTA-04,Pathanamthitta,Midland/Riverine,9.2648,76.787,0.0,29.3,74.9,97.8,11.7
2024-07-18 04:00:00,KL-PTA-04,Pathanamthitta,Midland/Riverine,9.2648,76.787,0.0,28.7,72.2,97.5,16.0
2024-07-18 05:00:00,KL-PTA-04,Pathanamthitta,Midland/Riverine,9.2648,76.787,5.3,28.8,76.4,98.0,16.4
2024-07-18 06:00:00,KL-PTA-04,Pathanamthitta,Midland/Riverine,9.2648,76.787,0.0,29.5,72.7,97.8,14.3
2024-07-18 07:00:00,KL-PTA-04,Pathanamthitta,Midland/Riverine,9.2648,76.787,0.0,29.7,69.1,97.5,13.8
2024-07-18 08:00:00,KL-PTA-04,Pathanamthitta,Midland/Riverine,9.2648,76.787,21.3,28.3,92.0,98.0,23.1
2024-07-18 09:00:00,KL-PTA-04,Pathanamthitta,Midland/Riverine,9.2648,76.787,15.7,29.3,81.6,98.0,19.1
2024-07-18 10:00:00,KL-PTA-04,Pathanamthitta,Midland/Riverine,9.2648,76.787,21.7,28.2,89.4,98.0,22.8
2024-07-18 11:00:00,KL-PTA-04,Pathanamthitta,Midland/Riverine,9.2648,76.787,20.1,28.7,89.4,98.0,23.7
2024-07-18 12:00:00,KL-PTA-04,Pathanamthitta,Midland/Riverine,9.2648,76.787,8.0,30.5,77.4,98.0,18.0
2024-07-18 13:00:00,KL-PTA-04,Pathanamthitta,Midland/Riverine,9.2648,76.787,0.0,32.4,72.9,97.8,12.9
2024-07-18 14:00:00,KL-PTA-04,Pathanamthitta,Midland/Riverine,9.2648,76.787,0.0,32.4,72.2,97.5,12.0
2024-07-18 15:00:00,KL-PTA-04,Pathanamthitta,Midland/Riverine,9.2648,76.787,0.0,31.3,73.5,97.2,15.0
2024-07-18 16:00:00,KL-PTA-04,Pathanamthitta,Midland/Riverine,9.2648,76.787,26.0,26.8,93.0,98.0,24.2
2024-07-18 17:00:00,KL-PTA-04,Pathanamthitta,Midland/Riverine,9.2648,76.787,0.0,31.0,74.3,97.8,12.1
2024-07-18 18:00:00,KL-PTA-04,Pathanamthitta,Midland/Riverine,9.2648,76.787,0.0,29.6,69.2,97.5,15.9
2024-07-18 19:00:00,KL-PTA-04,Pathanamthitta,Midland/Riverine,9.2648,76.787,0.0,30.0,72.4,97.2,12.3
2024-07-18 20:00:00,KL-PTA-04,Pathanamthitta,Midland/Riverine,9.2648,76.787,0.0,29.6,73.5,97.0,14.2
2024-07-18 21:00:00,KL-PTA-04,Pathanamthitta,Midland/Riverine,9.2648,76.787,6.5,27.5,77.2,98.0,14.7
2024-07-18 22:00:00,KL-PTA-04,Pathanamthitta,Midland/Riverine,9.2648,76.787,42.1,21.5,99.0,98.0,31.7
2024-07-18 23:00:00,KL-PTA-04,Pathanamthitta,Midland/Riverine,9.2648,76.787,0.0,28.5,74.5,97.8,12.7
2024-07-19 00:00:00,KL-PTA-04,Pathanamthitta,Midland/Riverine,9.2648,76.787,26.1,24.1,91.0,98.0,28.6
2024-07-19 01:00:00,KL-PTA-04,Pathanamthitta,Midland/Riverine,9.2648,76.787,0.0,28.1,73.7,97.8,10.9
2024-07-19 02:00:00,KL-PTA-04,Pathanamthitta,Midland/Riverine,9.2648,76.787,0.0,28.8,74.6,97.5,14.1
2024-07-19 03:00:00,KL-PTA-04,Pathanamthitta,Midland/Riverine,9.2648,76.787,40.5,22.4,99.0,98.0,33.4
2024-07-19 04:00:00,KL-PTA-04,Pathanamthitta,Midland/Riverine,9.2648,76.787,51.9,21.5,99.0,98.0,36.5
2024-07-19 05:00:00,KL-PTA-04,Pathanamthitta,Midland/Riverine,9.2648,76.787,9.4,28.1,80.5,98.0,16.6
2024-07-19 06:00:00,KL-PTA-04,Pathanamthitta,Midland/Riverine,9.2648,76.787,23.5,27.1,89.7,98.0,22.9
2024-07-19 07:00:00,KL-PTA-04,Pathanamthitta,Midland/Riverine,9.2648,76.787,24.6,26.7,89.4,98.0,23.2
2024-07-19 08:00:00,KL-PTA-04,Pathanamthitta,Midland/Riverine,9.2648,76.787,8.7,29.9,79.0,98.0,15.6
2024-07-19 09:00:00,KL-PTA-04,Pathanamthitta,Midland/Riverine,9.2648,76.787,26.0,26.9,94.0,98.0,24.7
2024-07-19 10:00:00,KL-PTA-04,Pathanamthitta,Midland/Riverine,9.2648,76.787,12.4,30.1,81.0,98.0,18.9
2024-07-19 11:00:00,KL-PTA-04,Pathanamthitta,Midland/Riverine,9.2648,76.787,36.3,26.8,98.7,98.0,28.5
2024-07-19 12:00:00,KL-PTA-04,Pathanamthitta,Midland/Riverine,9.2648,76.787,19.5,29.2,88.2,98.0,24.8
2024-07-19 13:00:00,KL-PTA-04,Pathanamthitta,Midland/Riverine,9.2648,76.787,47.0,24.6,99.0,98.0,37.8
2024-07-19 14:00:00,KL-PTA-04,Pathanamthitta,Midland/Riverine,9.2648,76.787,42.7,26.1,99.0,98.0,34.1
2024-07-19 15:00:00,KL-PTA-04,Pathanamthitta,Midland/Riverine,9.2648,76.787,61.4,22.9,99.0,98.0,43.4
2024-07-19 16:00:00,KL-PTA-04,Pathanamthitta,Midland/Riverine,9.2648,76.787,55.7,22.6,99.0,98.0,39.2
2024-07-19 17:00:00,KL-PTA-04,Pathanamthitta,Midland/Riverine,9.2648,76.787,0.0,30.7,74.5,97.8,12.4
2024-07-19 18:00:00,KL-PTA-04,Pathanamthitta,Midland/Riverine,9.2648,76.787,54.1,22.3,99.0,98.0,39.8
2024-07-19 19:00:00,KL-PTA-04,Pathanamthitta,Midland/Riverine,9.2648,76.787,41.8,23.0,99.0,98.0,31.9
2024-07-19 20:00:00,KL-PTA-04,Pathanamthitta,Midland/Riverine,9.2648,76.787,51.0,20.8,99.0,98.0,40.4
2024-07-19 21:00:00,KL-PTA-04,Pathanamthitta,Midland/Riverine,9.2648,76.787,0.0,28.3,72.9,97.8,14.8
2024-07-19 22:00:00,KL-PTA-04,Pathanamthitta,Midland/Riverine,9.2648,76.787,37.5,22.5,99.0,98.0,32.0
2024-07-19 23:00:00,KL-PTA-04,Pathanamthitta,Midland/Riverine,9.2648,76.787,0.0,27.9,71.0,97.8,14.9
2024-07-20 00:00:00,KL-PTA-04,Pathanamthitta,Midland/Riverine,9.2648,76.787,64.3,18.3,99.0,98.0,45.4
2024-07-20 01:00:00,KL-PTA-04,Pathanamthitta,Midland/Riverine,9.2648,76.787,55.8,19.0,99.0,98.0,41.3
2024-07-20 02:00:00,KL-PTA-04,Pathanamthitta,Midland/Riverine,9.2648,76.787,50.7,20.6,99.0,98.0,40.3
2024-07-20 03:00:00,KL-PTA-04,Pathanamthitta,Midland/Riverine,9.2648,76.787,75.5,18.0,99.0,98.0,52.6
2024-07-20 04:00:00,KL-PTA-04,Pathanamthitta,Midland/Riverine,9.2648,76.787,35.6,23.7,99.0,98.0,28.3
2024-07-20 05:00:00,KL-PTA-04,Pathanamthitta,Midland/Riverine,9.2648,76.787,0.0,30.1,74.4,97.8,13.8
2024-07-20 06:00:00,KL-PTA-04,Pathanamthitta,Midland/Riverine,9.2648,76.787,19.4,26.5,87.7,98.0,22.0
2024-07-20 07:00:00,KL-PTA-04,Pathanamthitta,Midland/Riverine,9.2648,76.787,22.4,27.4,88.8,98.0,24.6
2024-07-20 08:00:00,KL-PTA-04,Pathanamthitta,Midland/Riverine,9.2648,76.787,0.0,30.7,74.7,97.8,12.6
2024-07-20 09:00:00,KL-PTA-04,Pathanamthitta,Midland/Riverine,9.2648,76.787,0.0,31.2,69.5,97.5,10.0
2024-07-20 10:00:00,KL-PTA-04,Pathanamthitta,Midland/Riverine,9.2648,76.787,0.0,31.6,69.8,97.2,11.8
2024-07-20 11:00:00,KL-PTA-04,Pathanamthitta,Midland/Riverine,9.2648,76.787,42.8,24.8,99.0,98.0,36.3
2024-07-20 12:00:00,KL-PTA-04,Pathanamthitta,Midland/Riverine,9.2648,76.787,60.8,23.5,99.0,98.0,44.6
2024-07-20 13:00:00,KL-PTA-04,Pathanamthitta,Midland/Riverine,9.2648,76.787,27.3,27.6,93.1,98.0,26.9
2024-07-20 14:00:00,KL-PTA-04,Pathanamthitta,Midland/Riverine,9.2648,76.787,35.7,25.9,99.0,98.0,33.4
2024-07-20 15:00:00,KL-PTA-04,Pathanamthitta,Midland/Riverine,9.2648,76.787,0.0,30.9,75.0,97.8,14.0
2024-07-20 16:00:00,KL-PTA-04,Pathanamthitta,Midland/Riverine,9.2648,76.787,11.8,28.5,82.8,98.0,18.8
2024-07-20 17:00:00,KL-PTA-04,Pathanamthitta,Midland/Riverine,9.2648,76.787,60.3,20.8,99.0,98.0,42.6
2024-07-20 18:00:00,KL-PTA-04,Pathanamthitta,Midland/Riverine,9.2648,76.787,48.1,23.0,99.0,98.0,35.1
2024-07-20 19:00:00,KL-PTA-04,Pathanamthitta,Midland/Riverine,9.2648,76.787,34.7,24.2,98.9,98.0,28.5
2024-07-20 20:00:00,KL-PTA-04,Pathanamthitta,Midland/Riverine,9.2648,76.787,34.8,24.3,98.3,98.0,30.4
2024-07-20 21:00:00,KL-PTA-04,Pathanamthitta,Midland/Riverine,9.2648,76.787,32.1,23.6,99.0,98.0,29.5
2024-07-20 22:00:00,KL-PTA-04,Pathanamthitta,Midland/Riverine,9.2648,76.787,0.0,27.6,71.9,97.8,14.1
2024-07-20 23:00:00,KL-PTA-04,Pathanamthitta,Midland/Riverine,9.2648,76.787,37.9,23.2,99.0,98.0,33.6
2024-07-21 00:00:00,KL-PTA-04,Pathanamthitta,Midland/Riverine,9.2648,76.787,9.2,27.2,76.9,98.0,17.4
2024-07-21 01:00:00,KL-PTA-04,Pathanamthitta,Midland/Riverine,9.2648,76.787,0.0,28.8,69.5,97.8,13.8
2024-07-21 02:00:00,KL-PTA-04,Pathanamthitta,Midland/Riverine,9.2648,76.787,0.0,28.0,69.3,97.5,12.1
2024-07-21 03:00:00,KL-PTA-04,Pathanamthitta,Midland/Riverine,9.2648,76.787,0.0,28.5,72.1,97.2,12.8
2024-07-21 04:00:00,KL-PTA-04,Pathanamthitta,Midland/Riverine,9.2648,76.787,0.0,28.9,74.8,97.0,14.8
2024-07-21 05:00:00,KL-PTA-04,Pathanamthitta,Midland/Riverine,9.2648,76.787,6.1,29.2,78.4,98.0,17.4
2024-07-21 06:00:00,KL-PTA-04,Pathanamthitta,Midland/Riverine,9.2648,76.787,0.0,29.3,71.8,97.8,11.0
2024-07-21 07:00:00,KL-PTA-04,Pathanamthitta,Midland/Riverine,9.2648,76.787,35.4,25.7,99.0,98.0,29.4
2024-07-21 08:00:00,KL-PTA-04,Pathanamthitta,Midland/Riverine,9.2648,76.787,19.4,28.7,86.2,98.0,20.5
2024-07-21 09:00:00,KL-PTA-04,Pathanamthitta,Midland/Riverine,9.2648,76.787,28.7,26.3,92.6,98.0,25.4
2024-07-21 10:00:00,KL-PTA-04,Pathanamthitta,Midland/Riverine,9.2648,76.787,0.0,31.2,71.7,97.8,14.8
2024-07-21 11:00:00,KL-PTA-04,Pathanamthitta,Midland/Riverine,9.2648,76.787,22.2,28.6,91.6,98.0,26.3
2024-07-21 12:00:00,KL-PTA-04,Pathanamthitta,Midland/Riverine,9.2648,76.787,5.7,30.6,79.2,98.0,13.8
2024-07-21 13:00:00,KL-PTA-04,Pathanamthitta,Midland/Riverine,9.2648,76.787,0.0,32.7,73.6,97.8,11.4
2024-07-21 14:00:00,KL-PTA-04,Pathanamthitta,Midland/Riverine,9.2648,76.787,0.0,32.0,70.3,97.5,14.4
2024-07-21 15:00:00,KL-PTA-04,Pathanamthitta,Midland/Riverine,9.2648,76.787,17.5,29.2,83.7,98.0,19.8
2024-07-21 16:00:00,KL-PTA-04,Pathanamthitta,Midland/Riverine,9.2648,76.787,9.6,30.0,81.2,98.0,18.0
2024-07-21 17:00:00,KL-PTA-04,Pathanamthitta,Midland/Riverine,9.2648,76.787,17.6,27.8,84.0,98.0,24.0
2024-07-21 18:00:00,KL-PTA-04,Pathanamthitta,Midland/Riverine,9.2648,76.787,21.4,26.7,90.2,98.0,26.5
2024-07-21 19:00:00,KL-PTA-04,Pathanamthitta,Midland/Riverine,9.2648,76.787,0.0,28.7,74.5,97.8,13.8
2024-07-21 20:00:00,KL-PTA-04,Pathanamthitta,Midland/Riverine,9.2648,76.787,0.0,28.9,74.5,97.5,15.2
2024-07-21 21:00:00,KL-PTA-04,Pathanamthitta,Midland/Riverine,9.2648,76.787,7.4,26.8,78.8,98.0,16.0
2024-07-21 22:00:00,KL-PTA-04,Pathanamthitta,Midland/Riverine,9.2648,76.787,0.0,28.7,73.4,97.8,13.5
2024-07-21 23:00:00,KL-PTA-04,Pathanamthitta,Midland/Riverine,9.2648,76.787,8.2,27.1,76.6,98.0,17.4
2024-07-22 00:00:00,KL-PTA-04,Pathanamthitta,Midland/Riverine,9.2648,76.787,0.0,28.5,69.1,97.8,10.6
2024-07-22 01:00:00,KL-PTA-04,Pathanamthitta,Midland/Riverine,9.2648,76.787,9.5,26.2,78.3,98.0,15.9
2024-07-22 02:00:00,KL-PTA-04,Pathanamthitta,Midland/Riverine,9.2648,76.787,3.7,28.4,75.9,98.0,16.9
2024-07-22 03:00:00,KL-PTA-04,Pathanamthitta,Midland/Riverine,9.2648,76.787,0.0,28.8,73.2,97.8,10.7
2024-07-22 04:00:00,KL-PTA-04,Pathanamthitta,Midland/Riverine,9.2648,76.787,0.0,28.4,72.9,97.5,15.4
2024-07-22 05:00:00,KL-PTA-04,Pathanamthitta,Midland/Riverine,9.2648,76.787,0.0,30.2,74.4,97.2,14.2
2024-07-22 06:00:00,KL-PTA-04,Pathanamthitta,Midland/Riverine,9.2648,76.787,8.9,29.4,80.0,98.0,20.0
2024-07-22 07:00:00,KL-PTA-04,Pathanamthitta,Midland/Riverine,9.2648,76.787,8.2,29.9,80.2,98.0,16.0
2024-07-22 08:00:00,KL-PTA-04,Pathanamthitta,Midland/Riverine,9.2648,76.787,3.1,31.0,73.8,98.0,13.5
2024-07-22 09:00:00,KL-PTA-04,Pathanamthitta,Midland/Riverine,9.2648,76.787,15.4,28.7,84.0,98.0,20.7
2024-07-22 10:00:00,KL-PTA-04,Pathanamthitta,Midland/Riverine,9.2648,76.787,0.0,31.9,70.1,97.8,13.0
2024-07-22 11:00:00,KL-PTA-04,Pathanamthitta,Midland/Riverine,9.2648,76.787,12.5,29.6,82.9,98.0,21.7
2024-07-22 12:00:00,KL-PTA-04,Pathanamthitta,Midland/Riverine,9.2648,76.787,0.0,31.4,69.4,97.8,13.4
2024-07-22 13:00:00,KL-PTA-04,Pathanamthitta,Midland/Riverine,9.2648,76.787,7.9,31.4,76.2,98.0,17.8
2024-07-22 14:00:00,KL-PTA-04,Pathanamthitta,Midland/Riverine,9.2648,76.787,0.0,32.0,70.6,97.8,14.2
2024-07-22 15:00:00,KL-PTA-04,Pathanamthitta,Midland/Riverine,9.2648,76.787,0.0,31.5,72.1,97.5,15.6
2024-07-22 16:00:00,KL-PTA-04,Pathanamthitta,Midland/Riverine,9.2648,76.787,0.0,30.9,74.1,97.2,14.7
2024-07-22 17:00:00,KL-PTA-04,Pathanamthitta,Midland/Riverine,9.2648,76.787,0.0,30.6,69.0,97.0,15.7
2024-07-22 18:00:00,KL-PTA-04,Pathanamthitta,Midland/Riverine,9.2648,76.787,0.0,30.0,72.4,96.8,15.6
2024-07-22 19:00:00,KL-PTA-04,Pathanamthitta,Midland/Riverine,9.2648,76.787,0.0,29.8,71.4,96.5,13.8
2024-07-22 20:00:00,KL-PTA-04,Pathanamthitta,Midland/Riverine,9.2648,76.787,0.0,28.3,72.2,96.2,15.8
2024-07-22 21:00:00,KL-PTA-04,Pathanamthitta,Midland/Riverine,9.2648,76.787,8.0,27.8,79.3,98.0,15.1
2024-07-22 22:00:00,KL-PTA-04,Pathanamthitta,Midland/Riverine,9.2648,76.787,7.0,26.7,78.8,98.0,18.9
2024-07-22 23:00:00,KL-PTA-04,Pathanamthitta,Midland/Riverine,9.2648,76.787,0.0,27.8,69.5,97.8,13.8
2024-07-23 00:00:00,KL-PTA-04,Pathanamthitta,Midland/Riverine,9.2648,76.787,0.0,27.4,70.2,97.5,14.3
2024-07-23 01:00:00,KL-PTA-04,Pathanamthitta,Midland/Riverine,9.2648,76.787,0.0,28.1,69.4,97.2,13.2
2024-07-23 02:00:00,KL-PTA-04,Pathanamthitta,Midland/Riverine,9.2648,76.787,9.2,27.4,79.1,98.0,20.6
2024-07-23 03:00:00,KL-PTA-04,Pathanamthitta,Midland/Riverine,9.2648,76.787,2.7,28.6,71.4,98.0,12.1
2024-07-23 04:00:00,KL-PTA-04,Pathanamthitta,Midland/Riverine,9.2648,76.787,0.0,29.3,71.8,97.8,14.1
2024-07-23 05:00:00,KL-PTA-04,Pathanamthitta,Midland/Riverine,9.2648,76.787,0.0,28.9,72.5,97.5,15.5
2024-07-23 06:00:00,KL-PTA-04,Pathanamthitta,Midland/Riverine,9.2648,76.787,4.0,29.6,75.0,98.0,17.5
2024-07-23 07:00:00,KL-PTA-04,Pathanamthitta,Midland/Riverine,9.2648,76.787,12.0,28.1,79.6,98.0,16.3
2024-07-23 08:00:00,KL-PTA-04,Pathanamthitta,Midland/Riverine,9.2648,76.787,13.5,28.9,80.8,98.0,20.3
2024-07-23 09:00:00,KL-PTA-04,Pathanamthitta,Midland/Riverine,9.2648,76.787,0.0,30.8,72.0,97.8,14.8
2024-07-23 10:00:00,KL-PTA-04,Pathanamthitta,Midland/Riverine,9.2648,76.787,14.2,29.5,85.2,98.0,23.0
2024-07-23 11:00:00,KL-PTA-04,Pathanamthitta,Midland/Riverine,9.2648,76.787,0.0,31.7,74.9,97.8,13.5
2024-07-23 12:00:00,KL-PTA-04,Pathanamthitta,Midland/Riverine,9.2648,76.787,15.2,30.2,85.7,98.0,21.2
2024-07-23 13:00:00,KL-PTA-04,Pathanamthitta,Midland/Riverine,9.2648,76.787,4.2,30.7,74.9,98.0,16.3
2024-07-23 14:00:00,KL-PTA-04,Pathanamthitta,Midland/Riverine,9.2648,76.787,0.0,31.6,74.6,97.8,10.2
2024-07-23 15:00:00,KL-PTA-04,Pathanamthitta,Midland/Riverine,9.2648,76.787,16.6,29.1,86.9,98.0,18.4
2024-07-23 16:00:00,KL-PTA-04,Pathanamthitta,Midland/Riverine,9.2648,76.787,0.0,30.2,70.1,97.8,10.5
2024-07-23 17:00:00,KL-PTA-04,Pathanamthitta,Midland/Riverine,9.2648,76.787,0.0,31.1,71.5,97.5,14.8
2024-07-23 18:00:00,KL-PTA-04,Pathanamthitta,Midland/Riverine,9.2648,76.787,0.0,30.3,70.2,97.2,13.8
2024-07-23 19:00:00,KL-PTA-04,Pathanamthitta,Midland/Riverine,9.2648,76.787,0.0,29.3,74.6,97.0,13.7
2024-07-23 20:00:00,KL-PTA-04,Pathanamthitta,Midland/Riverine,9.2648,76.787,6.3,28.1,79.7,98.0,16.9
2024-07-23 21:00:00,KL-PTA-04,Pathanamthitta,Midland/Riverine,9.2648,76.787,0.0,28.3,69.0,97.8,11.4
2024-07-23 22:00:00,KL-PTA-04,Pathanamthitta,Midland/Riverine,9.2648,76.787,14.2,25.5,82.5,98.0,21.7
2024-07-23 23:00:00,KL-PTA-04,Pathanamthitta,Midland/Riverine,9.2648,76.787,0.0,27.6,73.6,97.8,14.0
2024-07-24 00:00:00,KL-PTA-04,Pathanamthitta,Midland/Riverine,9.2648,76.787,7.7,27.3,79.3,98.0,19.7
2024-07-24 01:00:00,KL-PTA-04,Pathanamthitta,Midland/Riverine,9.2648,76.787,0.0,27.6,73.0,97.8,10.3
2024-07-24 02:00:00,KL-PTA-04,Pathanamthitta,Midland/Riverine,9.2648,76.787,0.0,27.9,71.6,97.5,12.0
2024-07-24 03:00:00,KL-PTA-04,Pathanamthitta,Midland/Riverine,9.2648,76.787,0.0,29.0,69.3,97.2,14.4
2024-07-24 04:00:00,KL-PTA-04,Pathanamthitta,Midland/Riverine,9.2648,76.787,0.0,28.5,73.7,97.0,12.9
2024-07-24 05:00:00,KL-PTA-04,Pathanamthitta,Midland/Riverine,9.2648,76.787,29.6,25.4,96.2,98.0,26.8
2024-07-24 06:00:00,KL-PTA-04,Pathanamthitta,Midland/Riverine,9.2648,76.787,24.5,26.0,93.3,98.0,24.2
2024-07-24 07:00:00,KL-PTA-04,Pathanamthitta,Midland/Riverine,9.2648,76.787,27.5,27.0,93.3,98.0,25.1
2024-07-24 08:00:00,KL-PTA-04,Pathanamthitta,Midland/Riverine,9.2648,76.787,0.0,31.0,74.3,97.8,10.9
2024-07-24 09:00:00,KL-PTA-04,Pathanamthitta,Midland/Riverine,9.2648,76.787,0.0,31.3,71.3,97.5,10.8
2024-07-24 10:00:00,KL-PTA-04,Pathanamthitta,Midland/Riverine,9.2648,76.787,0.0,31.9,74.9,97.2,11.2
2024-07-24 11:00:00,KL-PTA-04,Pathanamthitta,Midland/Riverine,9.2648,76.787,31.6,26.5,95.1,98.0,30.9
2024-07-24 12:00:00,KL-PTA-04,Pathanamthitta,Midland/Riverine,9.2648,76.787,12.5,29.9,84.3,98.0,19.9
2024-07-24 13:00:00,KL-PTA-04,Pathanamthitta,Midland/Riverine,9.2648,76.787,0.0,32.2,72.7,97.8,11.0
2024-07-24 14:00:00,KL-PTA-04,Pathanamthitta,Midland/Riverine,9.2648,76.787,0.0,32.3,69.5,97.5,15.1
2024-07-24 15:00:00,KL-PTA-04,Pathanamthitta,Midland/Riverine,9.2648,76.787,52.0,23.8,99.0,98.0,37.7
2024-07-24 16:00:00,KL-PTA-04,Pathanamthitta,Midland/Riverine,9.2648,76.787,0.0,31.4,70.5,97.8,12.0
2024-07-24 17:00:00,KL-PTA-04,Pathanamthitta,Midland/Riverine,9.2648,76.787,0.0,31.1,72.6,97.5,10.9
2024-07-24 18:00:00,KL-PTA-04,Pathanamthitta,Midland/Riverine,9.2648,76.787,0.0,29.2,74.9,97.2,18.2
2024-07-24 19:00:00,KL-PTA-04,Pathanamthitta,Midland/Riverine,9.2648,76.787,49.8,21.3,99.0,98.0,45.8
2024-07-24 20:00:00,KL-PTA-04,Pathanamthitta,Midland/Riverine,9.2648,76.787,0.0,29.5,71.7,97.8,19.4
2024-07-24 21:00:00,KL-PTA-04,Pathanamthitta,Midland/Riverine,9.2648,76.787,9.2,27.6,82.1,98.0,23.4
2024-07-24 22:00:00,KL-PTA-04,Pathanamthitta,Midland/Riverine,9.2648,76.787,48.9,20.3,99.0,98.0,44.3
2024-07-24 23:00:00,KL-PTA-04,Pathanamthitta,Midland/Riverine,9.2648,76.787,0.0,28.6,73.5,97.8,18.1
2024-07-25 00:00:00,KL-PTA-04,Pathanamthitta,Midland/Riverine,9.2648,76.787,61.1,19.4,99.0,98.0,53.3
2024-07-25 01:00:00,KL-PTA-04,Pathanamthitta,Midland/Riverine,9.2648,76.787,42.1,22.3,99.0,98.0,44.4
2024-07-25 02:00:00,KL-PTA-04,Pathanamthitta,Midland/Riverine,9.2648,76.787,12.6,26.0,84.8,98.0,27.6
2024-07-25 03:00:00,KL-PTA-04,Pathanamthitta,Midland/Riverine,9.2648,76.787,0.0,29.0,69.5,97.8,23.3
2024-07-25 04:00:00,KL-PTA-04,Pathanamthitta,Midland/Riverine,9.2648,76.787,0.0,28.3,74.7,97.5,22.0
2024-07-25 05:00:00,KL-PTA-04,Pathanamthitta,Midland/Riverine,9.2648,76.787,0.0,28.9,71.2,97.2,21.7
2024-07-25 06:00:00,KL-PTA-04,Pathanamthitta,Midland/Riverine,9.2648,76.787,26.0,25.4,94.1,98.0,32.2
2024-07-25 07:00:00,KL-PTA-04,Pathanamthitta,Midland/Riverine,9.2648,76.787,0.0,30.1,69.7,97.8,20.9
2024-07-25 08:00:00,KL-PTA-04,Pathanamthitta,Midland/Riverine,9.2648,76.787,0.0,31.1,74.8,97.5,19.3
2024-07-25 09:00:00,KL-PTA-04,Pathanamthitta,Midland/Riverine,9.2648,76.787,0.0,31.0,71.1,97.2,19.6
2024-07-25 10:00:00,KL-PTA-04,Pathanamthitta,Midland/Riverine,9.2648,76.787,73.5,20.7,99.0,98.0,55.5
2024-07-25 11:00:00,KL-PTA-04,Pathanamthitta,Midland/Riverine,9.2648,76.787,76.3,20.2,99.0,98.0,60.9
2024-07-25 12:00:00,KL-PTA-04,Pathanamthitta,Midland/Riverine,9.2648,76.787,0.0,32.5,74.6,97.8,18.4
2024-07-25 13:00:00,KL-PTA-04,Pathanamthitta,Midland/Riverine,9.2648,76.787,0.0,31.9,69.5,97.5,23.4
2024-07-25 14:00:00,KL-PTA-04,Pathanamthitta,Midland/Riverine,9.2648,76.787,141.5,18.0,99.0,98.0,94.0
2024-07-25 15:00:00,KL-PTA-04,Pathanamthitta,Midland/Riverine,9.2648,76.787,77.0,20.6,99.0,98.0,57.3
2024-07-25 16:00:00,KL-PTA-04,Pathanamthitta,Midland/Riverine,9.2648,76.787,59.5,21.7,99.0,98.0,53.0
2024-07-25 17:00:00,KL-PTA-04,Pathanamthitta,Midland/Riverine,9.2648,76.787,112.0,18.0,99.0,98.0,77.9
2024-07-25 18:00:00,KL-PTA-04,Pathanamthitta,Midland/Riverine,9.2648,76.787,76.5,19.1,99.0,98.0,58.1
2024-07-25 19:00:00,KL-PTA-04,Pathanamthitta,Midland/Riverine,9.2648,76.787,97.7,18.0,99.0,98.0,72.7
2024-07-25 20:00:00,KL-PTA-04,Pathanamthitta,Midland/Riverine,9.2648,76.787,20.1,25.9,86.1,98.0,33.6
2024-07-25 21:00:00,KL-PTA-04,Pathanamthitta,Midland/Riverine,9.2648,76.787,45.5,22.3,99.0,98.0,44.7
2024-07-25 22:00:00,KL-PTA-04,Pathanamthitta,Midland/Riverine,9.2648,76.787,75.1,18.0,99.0,98.0,56.7
2024-07-25 23:00:00,KL-PTA-04,Pathanamthitta,Midland/Riverine,9.2648,76.787,19.0,25.0,86.4,98.0,30.7
2024-07-26 00:00:00,KL-PTA-04,Pathanamthitta,Midland/Riverine,9.2648,76.787,47.6,20.7,99.0,98.0,42.7
2024-07-26 01:00:00,KL-PTA-04,Pathanamthitta,Midland/Riverine,9.2648,76.787,96.8,18.0,99.0,98.0,70.6
2024-07-26 02:00:00,KL-PTA-04,Pathanamthitta,Midland/Riverine,9.2648,76.787,46.2,22.1,99.0,98.0,42.0
2024-07-26 03:00:00,KL-PTA-04,Pathanamthitta,Midland/Riverine,9.2648,76.787,111.6,18.0,99.0,98.0,79.2
2024-07-26 04:00:00,KL-PTA-04,Pathanamthitta,Midland/Riverine,9.2648,76.787,73.3,18.0,99.0,98.0,57.3
2024-07-26 05:00:00,KL-PTA-04,Pathanamthitta,Midland/Riverine,9.2648,76.787,20.7,26.5,86.9,98.0,34.0
2024-07-26 06:00:00,KL-PTA-04,Pathanamthitta,Midland/Riverine,9.2648,76.787,17.2,27.3,86.8,98.0,27.1
2024-07-26 07:00:00,KL-PTA-04,Pathanamthitta,Midland/Riverine,9.2648,76.787,34.7,25.5,99.0,98.0,40.8
2024-07-26 08:00:00,KL-PTA-04,Pathanamthitta,Midland/Riverine,9.2648,76.787,29.5,26.4,94.8,98.0,34.5
2024-07-26 09:00:00,KL-PTA-04,Pathanamthitta,Midland/Riverine,9.2648,76.787,112.0,18.0,99.0,98.0,76.7
2024-07-26 10:00:00,KL-PTA-04,Pathanamthitta,Midland/Riverine,9.2648,76.787,0.0,32.2,70.7,97.8,22.8
2024-07-26 11:00:00,KL-PTA-04,Pathanamthitta,Midland/Riverine,9.2648,76.787,0.0,31.8,74.4,97.5,18.8
2024-07-26 12:00:00,KL-PTA-04,Pathanamthitta,Midland/Riverine,9.2648,76.787,21.7,28.7,91.6,98.0,34.8
2024-07-26 13:00:00,KL-PTA-04,Pathanamthitta,Midland/Riverine,9.2648,76.787,102.4,18.0,99.0,98.0,74.7
2024-07-26 14:00:00,KL-PTA-04,Pathanamthitta,Midland/Riverine,9.2648,76.787,63.5,22.6,99.0,98.0,50.9
2024-07-26 15:00:00,KL-PTA-04,Pathanamthitta,Midland/Riverine,9.2648,76.787,111.6,18.0,99.0,98.0,77.2
2024-07-26 16:00:00,KL-PTA-04,Pathanamthitta,Midland/Riverine,9.2648,76.787,47.6,24.6,99.0,98.0,44.6
2024-07-26 17:00:00,KL-PTA-04,Pathanamthitta,Midland/Riverine,9.2648,76.787,87.1,18.0,99.0,98.0,63.0
2024-07-26 18:00:00,KL-PTA-04,Pathanamthitta,Midland/Riverine,9.2648,76.787,34.3,24.2,99.0,98.0,38.6
2024-07-26 19:00:00,KL-PTA-04,Pathanamthitta,Midland/Riverine,9.2648,76.787,80.2,18.0,99.0,98.0,58.8
2024-07-26 20:00:00,KL-PTA-04,Pathanamthitta,Midland/Riverine,9.2648,76.787,55.2,20.2,99.0,98.0,47.5
2024-07-26 21:00:00,KL-PTA-04,Pathanamthitta,Midland/Riverine,9.2648,76.787,0.0,28.0,70.0,97.8,19.6
2024-07-26 22:00:00,KL-PTA-04,Pathanamthitta,Midland/Riverine,9.2648,76.787,75.8,18.0,99.0,98.0,61.5
2024-07-26 23:00:00,KL-PTA-04,Pathanamthitta,Midland/Riverine,9.2648,76.787,63.0,18.0,99.0,98.0,52.8
2024-07-27 00:00:00,KL-PTA-04,Pathanamthitta,Midland/Riverine,9.2648,76.787,0.0,28.5,73.1,97.8,19.8
2024-07-27 01:00:00,KL-PTA-04,Pathanamthitta,Midland/Riverine,9.2648,76.787,0.0,28.4,69.6,97.5,21.5
2024-07-27 02:00:00,KL-PTA-04,Pathanamthitta,Midland/Riverine,9.2648,76.787,0.0,27.5,72.1,97.2,20.2
2024-07-27 03:00:00,KL-PTA-04,Pathanamthitta,Midland/Riverine,9.2648,76.787,28.7,24.9,92.6,98.0,33.3
2024-07-27 04:00:00,KL-PTA-04,Pathanamthitta,Midland/Riverine,9.2648,76.787,18.9,26.8,87.8,98.0,32.4
2024-07-27 05:00:00,KL-PTA-04,Pathanamthitta,Midland/Riverine,9.2648,76.787,36.8,24.0,99.0,98.0,37.1
2024-07-27 06:00:00,KL-PTA-04,Pathanamthitta,Midland/Riverine,9.2648,76.787,11.5,28.8,83.7,98.0,26.6
2024-07-27 07:00:00,KL-PTA-04,Pathanamthitta,Midland/Riverine,9.2648,76.787,25.3,27.2,94.6,98.0,26.2
2024-07-27 08:00:00,KL-PTA-04,Pathanamthitta,Midland/Riverine,9.2648,76.787,0.0,30.7,73.3,97.8,10.2
2024-07-27 09:00:00,KL-PTA-04,Pathanamthitta,Midland/Riverine,9.2648,76.787,0.0,31.0,74.1,97.5,10.9
2024-07-27 10:00:00,KL-PTA-04,Pathanamthitta,Midland/Riverine,9.2648,76.787,11.7,29.4,78.8,98.0,20.0
2024-07-27 11:00:00,KL-PTA-04,Pathanamthitta,Midland/Riverine,9.2648,76.787,0.0,31.3,73.6,97.8,14.5
2024-07-27 12:00:00,KL-PTA-04,Pathanamthitta,Midland/Riverine,9.2648,76.787,9.9,31.0,80.0,98.0,15.3
2024-07-27 13:00:00,KL-PTA-04,Pathanamthitta,Midland/Riverine,9.2648,76.787,15.0,29.0,85.0,98.0,22.0
2024-07-27 14:00:00,KL-PTA-04,Pathanamthitta,Midland/Riverine,9.2648,76.787,0.0,32.4,70.2,97.8,15.4
2024-07-27 15:00:00,KL-PTA-04,Pathanamthitta,Midland/Riverine,9.2648,76.787,17.0,28.2,87.7,98.0,24.2
2024-07-27 16:00:00,KL-PTA-04,Pathanamthitta,Midland/Riverine,9.2648,76.787,0.0,30.8,70.0,97.8,13.0
2024-07-27 17:00:00,KL-PTA-04,Pathanamthitta,Midland/Riverine,9.2648,76.787,0.0,30.1,72.4,97.5,10.6
2024-07-27 18:00:00,KL-PTA-04,Pathanamthitta,Midland/Riverine,9.2648,76.787,0.0,29.2,70.3,97.2,11.1
2024-07-27 19:00:00,KL-PTA-04,Pathanamthitta,Midland/Riverine,9.2648,76.787,29.8,25.1,98.7,98.0,25.5
2024-07-27 20:00:00,KL-PTA-04,Pathanamthitta,Midland/Riverine,9.2648,76.787,17.6,26.7,85.3,98.0,22.3
2024-07-27 21:00:00,KL-PTA-04,Pathanamthitta,Midland/Riverine,9.2648,76.787,0.0,29.3,70.1,97.8,12.1
2024-07-27 22:00:00,KL-PTA-04,Pathanamthitta,Midland/Riverine,9.2648,76.787,8.9,26.5,76.8,98.0,20.4
2024-07-27 23:00:00,KL-PTA-04,Pathanamthitta,Midland/Riverine,9.2648,76.787,6.0,26.6,78.4,98.0,17.2
2024-07-28 00:00:00,KL-PTA-04,Pathanamthitta,Midland/Riverine,9.2648,76.787,0.0,27.3,71.0,97.8,10.7
2024-07-28 01:00:00,KL-PTA-04,Pathanamthitta,Midland/Riverine,9.2648,76.787,16.3,25.3,87.9,98.0,20.8
2024-07-28 02:00:00,KL-PTA-04,Pathanamthitta,Midland/Riverine,9.2648,76.787,0.0,27.9,74.1,97.8,11.1
2024-07-28 03:00:00,KL-PTA-04,Pathanamthitta,Midland/Riverine,9.2648,76.787,20.0,25.5,89.1,98.0,21.1
2024-07-28 04:00:00,KL-PTA-04,Pathanamthitta,Midland/Riverine,9.2648,76.787,0.0,29.0,69.6,97.8,12.6
2024-07-28 05:00:00,KL-PTA-04,Pathanamthitta,Midland/Riverine,9.2648,76.787,0.0,28.8,69.9,97.5,12.4
2024-07-28 06:00:00,KL-PTA-04,Pathanamthitta,Midland/Riverine,9.2648,76.787,0.0,29.4,74.6,97.2,15.9
2024-07-28 07:00:00,KL-PTA-04,Pathanamthitta,Midland/Riverine,9.2648,76.787,19.8,27.3,88.4,98.0,25.8
2024-07-28 08:00:00,KL-PTA-04,Pathanamthitta,Midland/Riverine,9.2648,76.787,16.9,28.8,84.2,98.0,22.7
2024-07-28 09:00:00,KL-PTA-04,Pathanamthitta,Midland/Riverine,9.2648,76.787,0.0,31.1,73.7,97.8,13.9
2024-07-28 10:00:00,KL-PTA-04,Pathanamthitta,Midland/Riverine,9.2648,76.787,0.0,31.7,72.6,97.5,12.4
2024-07-28 11:00:00,KL-PTA-04,Pathanamthitta,Midland/Riverine,9.2648,76.787,0.0,31.6,73.6,97.2,10.6
2024-07-28 12:00:00,KL-PTA-04,Pathanamthitta,Midland/Riverine,9.2648,76.787,9.9,30.7,77.7,98.0,15.5
2024-07-28 13:00:00,KL-PTA-04,Pathanamthitta,Midland/Riverine,9.2648,76.787,3.2,31.7,77.4,98.0,13.9
2024-07-28 14:00:00,KL-PTA-04,Pathanamthitta,Midland/Riverine,9.2648,76.787,0.0,31.2,72.7,97.8,10.6
2024-07-28 15:00:00,KL-PTA-04,Pathanamthitta,Midland/Riverine,9.2648,76.787,13.1,29.9,84.2,98.0,17.8
2024-07-28 16:00:00,KL-PTA-04,Pathanamthitta,Midland/Riverine,9.2648,76.787,0.0,31.0,70.6,97.8,12.1
2024-07-28 17:00:00,KL-PTA-04,Pathanamthitta,Midland/Riverine,9.2648,76.787,0.0,30.6,74.7,97.5,10.2
2024-07-28 18:00:00,KL-PTA-04,Pathanamthitta,Midland/Riverine,9.2648,76.787,0.0,30.7,71.3,97.2,11.9
2024-07-28 19:00:00,KL-PTA-04,Pathanamthitta,Midland/Riverine,9.2648,76.787,0.0,29.4,69.2,97.0,13.3
2024-07-28 20:00:00,KL-PTA-04,Pathanamthitta,Midland/Riverine,9.2648,76.787,0.0,28.7,73.2,96.8,12.9
2024-07-28 21:00:00,KL-PTA-04,Pathanamthitta,Midland/Riverine,9.2648,76.787,11.6,26.8,78.9,98.0,19.9
2024-07-28 22:00:00,KL-PTA-04,Pathanamthitta,Midland/Riverine,9.2648,76.787,0.0,28.6,72.4,97.8,12.9
2024-07-28 23:00:00,KL-PTA-04,Pathanamthitta,Midland/Riverine,9.2648,76.787,0.0,28.1,71.3,97.5,13.0
2024-07-15 00:00:00,KL-ALP-05,Alappuzha,Lowland/Backwaters,9.4981,76.3388,0.0,27.8,74.9,59.5,11.9
2024-07-15 01:00:00,KL-ALP-05,Alappuzha,Lowland/Backwaters,9.4981,76.3388,2.4,28.2,73.0,60.3,15.7
2024-07-15 02:00:00,KL-ALP-05,Alappuzha,Lowland/Backwaters,9.4981,76.3388,13.0,26.1,80.0,64.8,18.6
2024-07-15 03:00:00,KL-ALP-05,Alappuzha,Lowland/Backwaters,9.4981,76.3388,0.0,28.3,73.0,64.6,11.5
2024-07-15 04:00:00,KL-ALP-05,Alappuzha,Lowland/Backwaters,9.4981,76.3388,0.0,29.1,74.5,64.3,10.4
2024-07-15 05:00:00,KL-ALP-05,Alappuzha,Lowland/Backwaters,9.4981,76.3388,6.1,27.8,75.8,66.5,15.8
2024-07-15 06:00:00,KL-ALP-05,Alappuzha,Lowland/Backwaters,9.4981,76.3388,0.0,30.1,74.4,66.2,11.6
2024-07-15 07:00:00,KL-ALP-05,Alappuzha,Lowland/Backwaters,9.4981,76.3388,0.0,30.7,74.9,66.0,12.3
2024-07-15 08:00:00,KL-ALP-05,Alappuzha,Lowland/Backwaters,9.4981,76.3388,0.0,31.1,73.8,65.7,10.6
2024-07-15 09:00:00,KL-ALP-05,Alappuzha,Lowland/Backwaters,9.4981,76.3388,0.0,31.2,72.0,65.5,14.6
2024-07-15 10:00:00,KL-ALP-05,Alappuzha,Lowland/Backwaters,9.4981,76.3388,9.5,30.1,79.2,68.8,17.7
2024-07-15 11:00:00,KL-ALP-05,Alappuzha,Lowland/Backwaters,9.4981,76.3388,0.0,32.4,74.0,68.6,13.2
2024-07-15 12:00:00,KL-ALP-05,Alappuzha,Lowland/Backwaters,9.4981,76.3388,2.4,32.4,73.3,69.4,12.6
2024-07-15 13:00:00,KL-ALP-05,Alappuzha,Lowland/Backwaters,9.4981,76.3388,0.0,31.3,74.1,69.1,10.6
2024-07-15 14:00:00,KL-ALP-05,Alappuzha,Lowland/Backwaters,9.4981,76.3388,2.6,31.8,73.9,70.1,12.6
2024-07-15 15:00:00,KL-ALP-05,Alappuzha,Lowland/Backwaters,9.4981,76.3388,0.0,31.7,70.8,69.8,14.8
2024-07-15 16:00:00,KL-ALP-05,Alappuzha,Lowland/Backwaters,9.4981,76.3388,0.0,31.1,70.2,69.6,12.4
2024-07-15 17:00:00,KL-ALP-05,Alappuzha,Lowland/Backwaters,9.4981,76.3388,0.0,30.4,73.6,69.3,11.1
2024-07-15 18:00:00,KL-ALP-05,Alappuzha,Lowland/Backwaters,9.4981,76.3388,10.7,29.0,81.0,73.1,16.6
2024-07-15 19:00:00,KL-ALP-05,Alappuzha,Lowland/Backwaters,9.4981,76.3388,0.0,29.9,71.8,72.8,15.6
2024-07-15 20:00:00,KL-ALP-05,Alappuzha,Lowland/Backwaters,9.4981,76.3388,0.0,29.2,73.6,72.6,12.6
2024-07-15 21:00:00,KL-ALP-05,Alappuzha,Lowland/Backwaters,9.4981,76.3388,0.0,28.8,72.1,72.3,12.2
2024-07-15 22:00:00,KL-ALP-05,Alappuzha,Lowland/Backwaters,9.4981,76.3388,3.7,28.0,73.8,73.6,14.5
2024-07-15 23:00:00,KL-ALP-05,Alappuzha,Lowland/Backwaters,9.4981,76.3388,12.3,25.5,80.1,77.9,18.6
2024-07-16 00:00:00,KL-ALP-05,Alappuzha,Lowland/Backwaters,9.4981,76.3388,0.0,28.2,70.5,77.7,13.6
2024-07-16 01:00:00,KL-ALP-05,Alappuzha,Lowland/Backwaters,9.4981,76.3388,0.0,27.4,70.2,77.4,11.5
2024-07-16 02:00:00,KL-ALP-05,Alappuzha,Lowland/Backwaters,9.4981,76.3388,0.0,28.2,72.4,77.2,12.6
2024-07-16 03:00:00,KL-ALP-05,Alappuzha,Lowland/Backwaters,9.4981,76.3388,0.0,27.8,70.0,76.9,10.8
2024-07-16 04:00:00,KL-ALP-05,Alappuzha,Lowland/Backwaters,9.4981,76.3388,11.9,27.5,79.6,81.1,21.1
2024-07-16 05:00:00,KL-ALP-05,Alappuzha,Lowland/Backwaters,9.4981,76.3388,0.0,29.5,69.1,80.8,15.2
2024-07-16 06:00:00,KL-ALP-05,Alappuzha,Lowland/Backwaters,9.4981,76.3388,9.4,29.2,81.9,84.1,17.1
2024-07-16 07:00:00,KL-ALP-05,Alappuzha,Lowland/Backwaters,9.4981,76.3388,0.0,30.8,69.5,83.9,15.7
2024-07-16 08:00:00,KL-ALP-05,Alappuzha,Lowland/Backwaters,9.4981,76.3388,0.0,30.4,69.7,83.6,14.4
2024-07-16 09:00:00,KL-ALP-05,Alappuzha,Lowland/Backwaters,9.4981,76.3388,0.0,31.4,74.0,83.4,15.7
2024-07-16 10:00:00,KL-ALP-05,Alappuzha,Lowland/Backwaters,9.4981,76.3388,0.0,31.3,74.3,83.1,11.4
2024-07-16 11:00:00,KL-ALP-05,Alappuzha,Lowland/Backwaters,9.4981,76.3388,12.0,29.9,82.1,87.3,18.3
2024-07-16 12:00:00,KL-ALP-05,Alappuzha,Lowland/Backwaters,9.4981,76.3388,0.0,31.6,71.5,87.1,10.9
2024-07-16 13:00:00,KL-ALP-05,Alappuzha,Lowland/Backwaters,9.4981,76.3388,14.0,29.7,81.7,92.0,20.5
2024-07-16 14:00:00,KL-ALP-05,Alappuzha,Lowland/Backwaters,9.4981,76.3388,0.0,31.5,74.7,91.7,11.9
2024-07-16 15:00:00,KL-ALP-05,Alappuzha,Lowland/Backwaters,9.4981,76.3388,0.0,31.7,74.8,91.5,15.3
2024-07-16 16:00:00,KL-ALP-05,Alappuzha,Lowland/Backwaters,9.4981,76.3388,0.0,30.8,73.3,91.2,14.9
2024-07-16 17:00:00,KL-ALP-05,Alappuzha,Lowland/Backwaters,9.4981,76.3388,14.0,28.6,85.2,96.1,21.0
2024-07-16 18:00:00,KL-ALP-05,Alappuzha,Lowland/Backwaters,9.4981,76.3388,0.0,30.3,73.7,95.9,11.4
2024-07-16 19:00:00,KL-ALP-05,Alappuzha,Lowland/Backwaters,9.4981,76.3388,0.0,29.2,74.8,95.6,12.2
2024-07-16 20:00:00,KL-ALP-05,Alappuzha,Lowland/Backwaters,9.4981,76.3388,0.0,28.4,74.2,95.4,15.1
2024-07-16 21:00:00,KL-ALP-05,Alappuzha,Lowland/Backwaters,9.4981,76.3388,0.0,29.2,71.4,95.1,15.9
2024-07-16 22:00:00,KL-ALP-05,Alappuzha,Lowland/Backwaters,9.4981,76.3388,3.0,28.3,72.8,96.2,12.8
2024-07-16 23:00:00,KL-ALP-05,Alappuzha,Lowland/Backwaters,9.4981,76.3388,0.0,28.7,72.8,95.9,15.3
2024-07-17 00:00:00,KL-ALP-05,Alappuzha,Lowland/Backwaters,9.4981,76.3388,0.0,27.9,69.2,95.7,15.2
2024-07-17 01:00:00,KL-ALP-05,Alappuzha,Lowland/Backwaters,9.4981,76.3388,0.0,28.8,71.8,95.4,12.5
2024-07-17 02:00:00,KL-ALP-05,Alappuzha,Lowland/Backwaters,9.4981,76.3388,0.0,28.6,74.3,95.2,14.9
2024-07-17 03:00:00,KL-ALP-05,Alappuzha,Lowland/Backwaters,9.4981,76.3388,0.0,28.9,72.0,94.9,12.1
2024-07-17 04:00:00,KL-ALP-05,Alappuzha,Lowland/Backwaters,9.4981,76.3388,0.0,29.5,73.4,94.7,12.7
2024-07-17 05:00:00,KL-ALP-05,Alappuzha,Lowland/Backwaters,9.4981,76.3388,2.5,29.3,74.8,95.5,16.0
2024-07-17 06:00:00,KL-ALP-05,Alappuzha,Lowland/Backwaters,9.4981,76.3388,7.0,29.2,76.5,98.0,14.0
2024-07-17 07:00:00,KL-ALP-05,Alappuzha,Lowland/Backwaters,9.4981,76.3388,8.6,30.0,80.9,98.0,18.9
2024-07-17 08:00:00,KL-ALP-05,Alappuzha,Lowland/Backwaters,9.4981,76.3388,0.0,31.3,73.8,97.8,11.9
2024-07-17 09:00:00,KL-ALP-05,Alappuzha,Lowland/Backwaters,9.4981,76.3388,0.0,31.8,70.6,97.5,14.1
2024-07-17 10:00:00,KL-ALP-05,Alappuzha,Lowland/Backwaters,9.4981,76.3388,0.0,32.2,70.2,97.2,12.5
2024-07-17 11:00:00,KL-ALP-05,Alappuzha,Lowland/Backwaters,9.4981,76.3388,13.6,30.6,85.2,98.0,18.1
2024-07-17 12:00:00,KL-ALP-05,Alappuzha,Lowland/Backwaters,9.4981,76.3388,0.0,32.7,72.9,97.8,13.8
2024-07-17 13:00:00,KL-ALP-05,Alappuzha,Lowland/Backwaters,9.4981,76.3388,0.0,32.7,70.2,97.5,14.2
2024-07-17 14:00:00,KL-ALP-05,Alappuzha,Lowland/Backwaters,9.4981,76.3388,7.5,30.5,76.6,98.0,14.3
2024-07-17 15:00:00,KL-ALP-05,Alappuzha,Lowland/Backwaters,9.4981,76.3388,0.0,32.1,69.7,97.8,14.3
2024-07-17 16:00:00,KL-ALP-05,Alappuzha,Lowland/Backwaters,9.4981,76.3388,0.0,31.7,71.7,97.5,14.0
2024-07-17 17:00:00,KL-ALP-05,Alappuzha,Lowland/Backwaters,9.4981,76.3388,12.3,28.2,84.0,98.0,20.8
2024-07-17 18:00:00,KL-ALP-05,Alappuzha,Lowland/Backwaters,9.4981,76.3388,9.3,28.0,81.6,98.0,18.3
2024-07-17 19:00:00,KL-ALP-05,Alappuzha,Lowland/Backwaters,9.4981,76.3388,0.0,29.1,73.1,97.8,12.5
2024-07-17 20:00:00,KL-ALP-05,Alappuzha,Lowland/Backwaters,9.4981,76.3388,0.0,28.4,70.7,97.5,11.6
2024-07-17 21:00:00,KL-ALP-05,Alappuzha,Lowland/Backwaters,9.4981,76.3388,0.0,29.2,71.2,97.2,14.1
2024-07-17 22:00:00,KL-ALP-05,Alappuzha,Lowland/Backwaters,9.4981,76.3388,0.0,27.5,69.8,97.0,11.9
2024-07-17 23:00:00,KL-ALP-05,Alappuzha,Lowland/Backwaters,9.4981,76.3388,0.0,28.4,73.3,96.8,14.3
2024-07-18 00:00:00,KL-ALP-05,Alappuzha,Lowland/Backwaters,9.4981,76.3388,0.0,27.6,69.6,96.5,10.4
2024-07-18 01:00:00,KL-ALP-05,Alappuzha,Lowland/Backwaters,9.4981,76.3388,6.4,27.8,80.1,98.0,18.8
2024-07-18 02:00:00,KL-ALP-05,Alappuzha,Lowland/Backwaters,9.4981,76.3388,0.0,28.4,73.5,97.8,10.3
2024-07-18 03:00:00,KL-ALP-05,Alappuzha,Lowland/Backwaters,9.4981,76.3388,13.8,26.2,82.4,98.0,19.1
2024-07-18 04:00:00,KL-ALP-05,Alappuzha,Lowland/Backwaters,9.4981,76.3388,0.0,29.1,72.5,97.8,11.6
2024-07-18 05:00:00,KL-ALP-05,Alappuzha,Lowland/Backwaters,9.4981,76.3388,0.0,30.2,74.3,97.5,10.8
2024-07-18 06:00:00,KL-ALP-05,Alappuzha,Lowland/Backwaters,9.4981,76.3388,13.4,27.4,80.4,98.0,17.0
2024-07-18 07:00:00,KL-ALP-05,Alappuzha,Lowland/Backwaters,9.4981,76.3388,21.0,27.9,90.3,98.0,26.1
2024-07-18 08:00:00,KL-ALP-05,Alappuzha,Lowland/Backwaters,9.4981,76.3388,21.9,27.9,91.1,98.0,22.5
2024-07-18 09:00:00,KL-ALP-05,Alappuzha,Lowland/Backwaters,9.4981,76.3388,23.1,27.7,93.4,98.0,26.1
2024-07-18 10:00:00,KL-ALP-05,Alappuzha,Lowland/Backwaters,9.4981,76.3388,23.2,28.5,92.3,98.0,21.9
2024-07-18 11:00:00,KL-ALP-05,Alappuzha,Lowland/Backwaters,9.4981,76.3388,9.0,29.8,77.8,98.0,18.7
2024-07-18 12:00:00,KL-ALP-05,Alappuzha,Lowland/Backwaters,9.4981,76.3388,28.7,28.4,92.2,98.0,26.5
2024-07-18 13:00:00,KL-ALP-05,Alappuzha,Lowland/Backwaters,9.4981,76.3388,0.0,31.9,72.0,97.8,15.1
2024-07-18 14:00:00,KL-ALP-05,Alappuzha,Lowland/Backwaters,9.4981,76.3388,0.0,31.1,69.6,97.5,15.2
2024-07-18 15:00:00,KL-ALP-05,Alappuzha,Lowland/Backwaters,9.4981,76.3388,8.9,30.1,77.8,98.0,19.8
2024-07-18 16:00:00,KL-ALP-05,Alappuzha,Lowland/Backwaters,9.4981,76.3388,0.0,31.1,74.8,97.8,13.2
2024-07-18 17:00:00,KL-ALP-05,Alappuzha,Lowland/Backwaters,9.4981,76.3388,0.0,30.4,69.5,97.5,14.6
2024-07-18 18:00:00,KL-ALP-05,Alappuzha,Lowland/Backwaters,9.4981,76.3388,0.0,30.6,69.2,97.2,14.1
2024-07-18 19:00:00,KL-ALP-05,Alappuzha,Lowland/Backwaters,9.4981,76.3388,0.0,29.3,72.5,97.0,15.7
2024-07-18 20:00:00,KL-ALP-05,Alappuzha,Lowland/Backwaters,9.4981,76.3388,0.0,28.4,69.5,96.8,15.0
2024-07-18 21:00:00,KL-ALP-05,Alappuzha,Lowland/Backwaters,9.4981,76.3388,0.0,28.5,74.7,96.5,13.6
2024-07-18 22:00:00,KL-ALP-05,Alappuzha,Lowland/Backwaters,9.4981,76.3388,42.9,22.1,99.0,98.0,33.4
2024-07-18 23:00:00,KL-ALP-05,Alappuzha,Lowland/Backwaters,9.4981,76.3388,0.0,28.4,74.7,97.8,13.4
2024-07-19 00:00:00,KL-ALP-05,Alappuzha,Lowland/Backwaters,9.4981,76.3388,8.0,27.0,77.3,98.0,14.3
2024-07-19 01:00:00,KL-ALP-05,Alappuzha,Lowland/Backwaters,9.4981,76.3388,47.4,20.8,99.0,98.0,34.8
2024-07-19 02:00:00,KL-ALP-05,Alappuzha,Lowland/Backwaters,9.4981,76.3388,0.0,28.9,69.5,97.8,15.1
2024-07-19 03:00:00,KL-ALP-05,Alappuzha,Lowland/Backwaters,9.4981,76.3388,43.0,21.8,99.0,98.0,35.4
2024-07-19 04:00:00,KL-ALP-05,Alappuzha,Lowland/Backwaters,9.4981,76.3388,30.6,24.3,98.3,98.0,27.2
2024-07-19 05:00:00,KL-ALP-05,Alappuzha,Lowland/Backwaters,9.4981,76.3388,0.0,28.9,73.0,97.8,15.0
2024-07-19 06:00:00,KL-ALP-05,Alappuzha,Lowland/Backwaters,9.4981,76.3388,32.6,25.7,97.9,98.0,29.7
2024-07-19 07:00:00,KL-ALP-05,Alappuzha,Lowland/Backwaters,9.4981,76.3388,47.8,23.8,99.0,98.0,36.5
2024-07-19 08:00:00,KL-ALP-05,Alappuzha,Lowland/Backwaters,9.4981,76.3388,10.0,29.2,79.8,98.0,16.3
2024-07-19 09:00:00,KL-ALP-05,Alappuzha,Lowland/Backwaters,9.4981,76.3388,16.8,28.9,86.2,98.0,21.5
2024-07-19 10:00:00,KL-ALP-05,Alappuzha,Lowland/Backwaters,9.4981,76.3388,33.5,27.4,98.7,98.0,27.6
2024-07-19 11:00:00,KL-ALP-05,Alappuzha,Lowland/Backwaters,9.4981,76.3388,61.9,23.2,99.0,98.0,42.7
2024-07-19 12:00:00,KL-ALP-05,Alappuzha,Lowland/Backwaters,9.4981,76.3388,13.3,29.3,80.3,98.0,19.2
2024-07-19 13:00:00,KL-ALP-05,Alappuzha,Lowland/Backwaters,9.4981,76.3388,49.7,24.6,99.0,98.0,36.4
2024-07-19 14:00:00,KL-ALP-05,Alappuzha,Lowland/Backwaters,9.4981,76.3388,40.8,25.0,99.0,98.0,31.5
2024-07-19 15:00:00,KL-ALP-05,Alappuzha,Lowland/Backwaters,9.4981,76.3388,34.4,25.6,99.0,98.0,29.0
2024-07-19 16:00:00,KL-ALP-05,Alappuzha,Lowland/Backwaters,9.4981,76.3388,39.0,25.4,99.0,98.0,31.1
2024-07-19 17:00:00,KL-ALP-05,Alappuzha,Lowland/Backwaters,9.4981,76.3388,0.0,31.1,70.1,97.8,11.1
2024-07-19 18:00:00,KL-ALP-05,Alappuzha,Lowland/Backwaters,9.4981,76.3388,50.0,23.1,99.0,98.0,38.2
2024-07-19 19:00:00,KL-ALP-05,Alappuzha,Lowland/Backwaters,9.4981,76.3388,17.6,26.3,85.9,98.0,23.0
2024-07-19 20:00:00,KL-ALP-05,Alappuzha,Lowland/Backwaters,9.4981,76.3388,0.0,29.7,72.6,97.8,12.9
2024-07-19 21:00:00,KL-ALP-05,Alappuzha,Lowland/Backwaters,9.4981,76.3388,76.7,18.0,99.0,98.0,52.5
2024-07-19 22:00:00,KL-ALP-05,Alappuzha,Lowland/Backwaters,9.4981,76.3388,30.8,23.0,93.7,98.0,26.1
2024-07-19 23:00:00,KL-ALP-05,Alappuzha,Lowland/Backwaters,9.4981,76.3388,77.1,18.0,99.0,98.0,52.4
2024-07-20 00:00:00,KL-ALP-05,Alappuzha,Lowland/Backwaters,9.4981,76.3388,40.1,22.2,99.0,98.0,31.2
2024-07-20 01:00:00,KL-ALP-05,Alappuzha,Lowland/Backwaters,9.4981,76.3388,42.0,21.7,99.0,98.0,32.0
2024-07-20 02:00:00,KL-ALP-05,Alappuzha,Lowland/Backwaters,9.4981,76.3388,58.4,20.3,99.0,98.0,44.4
2024-07-20 03:00:00,KL-ALP-05,Alappuzha,Lowland/Backwaters,9.4981,76.3388,23.7,25.1,93.0,98.0,22.2
2024-07-20 04:00:00,KL-ALP-05,Alappuzha,Lowland/Backwaters,9.4981,76.3388,52.8,21.4,99.0,98.0,41.5
2024-07-20 05:00:00,KL-ALP-05,Alappuzha,Lowland/Backwaters,9.4981,76.3388,50.0,22.1,99.0,98.0,37.9
2024-07-20 06:00:00,KL-ALP-05,Alappuzha,Lowland/Backwaters,9.4981,76.3388,49.2,22.8,99.0,98.0,39.5
2024-07-20 07:00:00,KL-ALP-05,Alappuzha,Lowland/Backwaters,9.4981,76.3388,56.7,22.1,99.0,98.0,40.2
2024-07-20 08:00:00,KL-ALP-05,Alappuzha,Lowland/Backwaters,9.4981,76.3388,67.6,20.7,99.0,98.0,46.8
2024-07-20 09:00:00,KL-ALP-05,Alappuzha,Lowland/Backwaters,9.4981,76.3388,0.0,31.2,73.2,97.8,10.1
2024-07-20 10:00:00,KL-ALP-05,Alappuzha,Lowland/Backwaters,9.4981,76.3388,21.1,28.3,87.3,98.0,21.9
2024-07-20 11:00:00,KL-ALP-05,Alappuzha,Lowland/Backwaters,9.4981,76.3388,0.0,31.7,72.6,97.8,15.1
2024-07-20 12:00:00,KL-ALP-05,Alappuzha,Lowland/Backwaters,9.4981,76.3388,16.6,29.2,86.5,98.0,24.1
2024-07-20 13:00:00,KL-ALP-05,Alappuzha,Lowland/Backwaters,9.4981,76.3388,0.0,32.2,73.4,97.8,14.8
2024-07-20 14:00:00,KL-ALP-05,Alappuzha,Lowland/Backwaters,9.4981,76.3388,0.0,32.3,72.7,97.5,11.7
2024-07-20 15:00:00,KL-ALP-05,Alappuzha,Lowland/Backwaters,9.4981,76.3388,0.0,31.7,69.8,97.2,11.2
2024-07-20 16:00:00,KL-ALP-05,Alappuzha,Lowland/Backwaters,9.4981,76.3388,13.3,28.9,85.6,98.0,18.5
2024-07-20 17:00:00,KL-ALP-05,Alappuzha,Lowland/Backwaters,9.4981,76.3388,10.1,28.2,82.4,98.0,17.2
2024-07-20 18:00:00,KL-ALP-05,Alappuzha,Lowland/Backwaters,9.4981,76.3388,50.1,23.1,99.0,98.0,35.4
2024-07-20 19:00:00,KL-ALP-05,Alappuzha,Lowland/Backwaters,9.4981,76.3388,38.0,23.2,99.0,98.0,30.5
2024-07-20 20:00:00,KL-ALP-05,Alappuzha,Lowland/Backwaters,9.4981,76.3388,24.1,24.7,93.5,98.0,23.7
2024-07-20 21:00:00,KL-ALP-05,Alappuzha,Lowland/Backwaters,9.4981,76.3388,38.8,22.8,99.0,98.0,33.6
2024-07-20 22:00:00,KL-ALP-05,Alappuzha,Lowland/Backwaters,9.4981,76.3388,0.0,28.2,71.7,97.8,15.0
2024-07-20 23:00:00,KL-ALP-05,Alappuzha,Lowland/Backwaters,9.4981,76.3388,10.8,26.6,82.3,98.0,21.1
2024-07-21 00:00:00,KL-ALP-05,Alappuzha,Lowland/Backwaters,9.4981,76.3388,0.0,27.3,69.6,97.8,13.8
2024-07-21 01:00:00,KL-ALP-05,Alappuzha,Lowland/Backwaters,9.4981,76.3388,0.0,28.7,69.9,97.5,11.8
2024-07-21 02:00:00,KL-ALP-05,Alappuzha,Lowland/Backwaters,9.4981,76.3388,25.0,24.9,89.6,98.0,26.4
2024-07-21 03:00:00,KL-ALP-05,Alappuzha,Lowland/Backwaters,9.4981,76.3388,10.4,27.6,80.0,98.0,17.7
2024-07-21 04:00:00,KL-ALP-05,Alappuzha,Lowland/Backwaters,9.4981,76.3388,0.0,28.6,73.9,97.8,12.0
2024-07-21 05:00:00,KL-ALP-05,Alappuzha,Lowland/Backwaters,9.4981,76.3388,7.8,28.1,79.8,98.0,16.1
2024-07-21 06:00:00,KL-ALP-05,Alappuzha,Lowland/Backwaters,9.4981,76.3388,0.0,29.4,73.5,97.8,12.5
2024-07-21 07:00:00,KL-ALP-05,Alappuzha,Lowland/Backwaters,9.4981,76.3388,29.5,26.0,95.1,98.0,27.5
2024-07-21 08:00:00,KL-ALP-05,Alappuzha,Lowland/Backwaters,9.4981,76.3388,0.0,31.5,71.2,97.8,10.2
2024-07-21 09:00:00,KL-ALP-05,Alappuzha,Lowland/Backwaters,9.4981,76.3388,4.4,31.2,78.2,98.0,12.7
2024-07-21 10:00:00,KL-ALP-05,Alappuzha,Lowland/Backwaters,9.4981,76.3388,30.9,26.6,94.1,98.0,30.0
2024-07-21 11:00:00,KL-ALP-05,Alappuzha,Lowland/Backwaters,9.4981,76.3388,0.0,32.2,74.4,97.8,10.3
2024-07-21 12:00:00,KL-ALP-05,Alappuzha,Lowland/Backwaters,9.4981,76.3388,0.0,32.3,73.0,97.5,13.1
2024-07-21 13:00:00,KL-ALP-05,Alappuzha,Lowland/Backwaters,9.4981,76.3388,13.2,30.2,82.9,98.0,18.4
2024-07-21 14:00:00,KL-ALP-05,Alappuzha,Lowland/Backwaters,9.4981,76.3388,0.0,32.4,69.0,97.8,11.7
2024-07-21 15:00:00,KL-ALP-05,Alappuzha,Lowland/Backwaters,9.4981,76.3388,0.0,32.1,73.2,97.5,12.7
2024-07-21 16:00:00,KL-ALP-05,Alappuzha,Lowland/Backwaters,9.4981,76.3388,14.8,29.2,84.8,98.0,21.6
2024-07-21 17:00:00,KL-ALP-05,Alappuzha,Lowland/Backwaters,9.4981,76.3388,0.0,31.0,71.4,97.8,11.2
2024-07-21 18:00:00,KL-ALP-05,Alappuzha,Lowland/Backwaters,9.4981,76.3388,3.6,29.2,76.2,98.0,16.2
2024-07-21 19:00:00,KL-ALP-05,Alappuzha,Lowland/Backwaters,9.4981,76.3388,21.9,25.9,87.1,98.0,24.3
2024-07-21 20:00:00,KL-ALP-05,Alappuzha,Lowland/Backwaters,9.4981,76.3388,0.0,29.4,70.0,97.8,10.2
2024-07-21 21:00:00,KL-ALP-05,Alappuzha,Lowland/Backwaters,9.4981,76.3388,0.0,28.7,70.4,97.5,14.6
2024-07-21 22:00:00,KL-ALP-05,Alappuzha,Lowland/Backwaters,9.4981,76.3388,0.0,29.0,69.7,97.2,10.4
2024-07-21 23:00:00,KL-ALP-05,Alappuzha,Lowland/Backwaters,9.4981,76.3388,13.1,25.9,79.8,98.0,20.5
2024-07-22 00:00:00,KL-ALP-05,Alappuzha,Lowland/Backwaters,9.4981,76.3388,7.3,27.3,77.6,98.0,19.5
2024-07-22 01:00:00,KL-ALP-05,Alappuzha,Lowland/Backwaters,9.4981,76.3388,0.0,28.9,72.4,97.8,15.4
2024-07-22 02:00:00,KL-ALP-05,Alappuzha,Lowland/Backwaters,9.4981,76.3388,0.0,28.3,72.6,97.5,12.1
2024-07-22 03:00:00,KL-ALP-05,Alappuzha,Lowland/Backwaters,9.4981,76.3388,14.3,26.8,84.5,98.0,21.4
2024-07-22 04:00:00,KL-ALP-05,Alappuzha,Lowland/Backwaters,9.4981,76.3388,0.0,28.6,71.0,97.8,13.5
2024-07-22 05:00:00,KL-ALP-05,Alappuzha,Lowland/Backwaters,9.4981,76.3388,0.0,29.3,69.6,97.5,14.3
2024-07-22 06:00:00,KL-ALP-05,Alappuzha,Lowland/Backwaters,9.4981,76.3388,0.0,29.3,69.4,97.2,15.3
2024-07-22 07:00:00,KL-ALP-05,Alappuzha,Lowland/Backwaters,9.4981,76.3388,0.0,30.4,71.2,97.0,13.2
2024-07-22 08:00:00,KL-ALP-05,Alappuzha,Lowland/Backwaters,9.4981,76.3388,0.0,31.0,71.4,96.8,11.6
2024-07-22 09:00:00,KL-ALP-05,Alappuzha,Lowland/Backwaters,9.4981,76.3388,0.0,31.3,71.6,96.5,15.6
2024-07-22 10:00:00,KL-ALP-05,Alappuzha,Lowland/Backwaters,9.4981,76.3388,0.0,32.5,73.9,96.2,10.9
2024-07-22 11:00:00,KL-ALP-05,Alappuzha,Lowland/Backwaters,9.4981,76.3388,11.7,29.6,82.6,98.0,21.0
2024-07-22 12:00:00,KL-ALP-05,Alappuzha,Lowland/Backwaters,9.4981,76.3388,4.8,31.2,77.3,98.0,18.1
2024-07-22 13:00:00,KL-ALP-05,Alappuzha,Lowland/Backwaters,9.4981,76.3388,0.0,32.7,72.6,97.8,12.5
2024-07-22 14:00:00,KL-ALP-05,Alappuzha,Lowland/Backwaters,9.4981,76.3388,9.6,29.6,77.6,98.0,17.0
2024-07-22 15:00:00,KL-ALP-05,Alappuzha,Lowland/Backwaters,9.4981,76.3388,0.0,31.1,71.9,97.8,14.7
2024-07-22 16:00:00,KL-ALP-05,Alappuzha,Lowland/Backwaters,9.4981,76.3388,9.7,28.8,82.1,98.0,20.2
2024-07-22 17:00:00,KL-ALP-05,Alappuzha,Lowland/Backwaters,9.4981,76.3388,12.8,28.6,80.0,98.0,18.5
2024-07-22 18:00:00,KL-ALP-05,Alappuzha,Lowland/Backwaters,9.4981,76.3388,0.0,29.9,72.4,97.8,13.4
2024-07-22 19:00:00,KL-ALP-05,Alappuzha,Lowland/Backwaters,9.4981,76.3388,0.0,29.9,71.9,97.5,14.3
2024-07-22 20:00:00,KL-ALP-05,Alappuzha,Lowland/Backwaters,9.4981,76.3388,0.0,29.4,72.0,97.2,12.8
2024-07-22 21:00:00,KL-ALP-05,Alappuzha,Lowland/Backwaters,9.4981,76.3388,0.0,28.5,74.2,97.0,12.0
2024-07-22 22:00:00,KL-ALP-05,Alappuzha,Lowland/Backwaters,9.4981,76.3388,0.0,28.5,71.5,96.8,11.4
2024-07-22 23:00:00,KL-ALP-05,Alappuzha,Lowland/Backwaters,9.4981,76.3388,0.0,28.1,74.7,96.5,15.3
2024-07-23 00:00:00,KL-ALP-05,Alappuzha,Lowland/Backwaters,9.4981,76.3388,0.0,28.2,74.2,96.2,14.2
2024-07-23 01:00:00,KL-ALP-05,Alappuzha,Lowland/Backwaters,9.4981,76.3388,0.0,28.5,73.2,96.0,13.4
2024-07-23 02:00:00,KL-ALP-05,Alappuzha,Lowland/Backwaters,9.4981,76.3388,9.5,26.4,80.3,98.0,18.2
2024-07-23 03:00:00,KL-ALP-05,Alappuzha,Lowland/Backwaters,9.4981,76.3388,9.7,26.6,79.6,98.0,20.2
2024-07-23 04:00:00,KL-ALP-05,Alappuzha,Lowland/Backwaters,9.4981,76.3388,14.9,26.3,81.0,98.0,22.2
2024-07-23 05:00:00,KL-ALP-05,Alappuzha,Lowland/Backwaters,9.4981,76.3388,11.8,28.3,81.1,98.0,20.7
2024-07-23 06:00:00,KL-ALP-05,Alappuzha,Lowland/Backwaters,9.4981,76.3388,0.0,29.8,69.3,97.8,15.2
2024-07-23 07:00:00,KL-ALP-05,Alappuzha,Lowland/Backwaters,9.4981,76.3388,8.3,29.1,80.8,98.0,16.1
2024-07-23 08:00:00,KL-ALP-05,Alappuzha,Lowland/Backwaters,9.4981,76.3388,3.7,29.8,73.0,98.0,12.7
2024-07-23 09:00:00,KL-ALP-05,Alappuzha,Lowland/Backwaters,9.4981,76.3388,3.4,30.6,74.2,98.0,12.7
2024-07-23 10:00:00,KL-ALP-05,Alappuzha,Lowland/Backwaters,9.4981,76.3388,0.0,31.5,69.2,97.8,10.4
2024-07-23 11:00:00,KL-ALP-05,Alappuzha,Lowland/Backwaters,9.4981,76.3388,0.0,31.6,71.5,97.5,11.9
2024-07-23 12:00:00,KL-ALP-05,Alappuzha,Lowland/Backwaters,9.4981,76.3388,0.0,32.5,69.7,97.2,11.2
2024-07-23 13:00:00,KL-ALP-05,Alappuzha,Lowland/Backwaters,9.4981,76.3388,0.0,32.1,72.0,97.0,14.5
2024-07-23 14:00:00,KL-ALP-05,Alappuzha,Lowland/Backwaters,9.4981,76.3388,0.0,31.1,69.4,96.8,12.8
2024-07-23 15:00:00,KL-ALP-05,Alappuzha,Lowland/Backwaters,9.4981,76.3388,0.0,31.4,71.4,96.5,11.4
2024-07-23 16:00:00,KL-ALP-05,Alappuzha,Lowland/Backwaters,9.4981,76.3388,0.0,30.6,74.8,96.2,14.1
2024-07-23 17:00:00,KL-ALP-05,Alappuzha,Lowland/Backwaters,9.4981,76.3388,12.4,29.1,80.7,98.0,18.6
2024-07-23 18:00:00,KL-ALP-05,Alappuzha,Lowland/Backwaters,9.4981,76.3388,14.2,27.4,86.2,98.0,19.3
2024-07-23 19:00:00,KL-ALP-05,Alappuzha,Lowland/Backwaters,9.4981,76.3388,0.0,29.9,72.2,97.8,12.5
2024-07-23 20:00:00,KL-ALP-05,Alappuzha,Lowland/Backwaters,9.4981,76.3388,0.0,28.9,69.0,97.5,12.8
2024-07-23 21:00:00,KL-ALP-05,Alappuzha,Lowland/Backwaters,9.4981,76.3388,0.0,28.2,74.8,97.2,10.0
2024-07-23 22:00:00,KL-ALP-05,Alappuzha,Lowland/Backwaters,9.4981,76.3388,0.0,28.2,72.6,97.0,15.0
2024-07-23 23:00:00,KL-ALP-05,Alappuzha,Lowland/Backwaters,9.4981,76.3388,10.8,26.7,81.2,98.0,18.5
2024-07-24 00:00:00,KL-ALP-05,Alappuzha,Lowland/Backwaters,9.4981,76.3388,20.1,25.1,86.9,98.0,22.4
2024-07-24 01:00:00,KL-ALP-05,Alappuzha,Lowland/Backwaters,9.4981,76.3388,6.7,27.2,76.0,98.0,15.9
2024-07-24 02:00:00,KL-ALP-05,Alappuzha,Lowland/Backwaters,9.4981,76.3388,0.0,29.0,70.9,97.8,14.1
2024-07-24 03:00:00,KL-ALP-05,Alappuzha,Lowland/Backwaters,9.4981,76.3388,10.5,27.4,80.1,98.0,16.7
2024-07-24 04:00:00,KL-ALP-05,Alappuzha,Lowland/Backwaters,9.4981,76.3388,0.0,28.7,71.8,97.8,13.6
2024-07-24 05:00:00,KL-ALP-05,Alappuzha,Lowland/Backwaters,9.4981,76.3388,23.8,26.1,88.1,98.0,24.8
2024-07-24 06:00:00,KL-ALP-05,Alappuzha,Lowland/Backwaters,9.4981,76.3388,0.0,30.3,71.5,97.8,15.4
2024-07-24 07:00:00,KL-ALP-05,Alappuzha,Lowland/Backwaters,9.4981,76.3388,0.0,30.9,72.2,97.5,14.7
2024-07-24 08:00:00,KL-ALP-05,Alappuzha,Lowland/Backwaters,9.4981,76.3388,0.0,30.3,69.2,97.2,15.0
2024-07-24 09:00:00,KL-ALP-05,Alappuzha,Lowland/Backwaters,9.4981,76.3388,0.0,31.7,71.1,97.0,14.9
2024-07-24 10:00:00,KL-ALP-05,Alappuzha,Lowland/Backwaters,9.4981,76.3388,0.0,31.5,70.1,96.8,14.6
2024-07-24 11:00:00,KL-ALP-05,Alappuzha,Lowland/Backwaters,9.4981,76.3388,0.0,31.1,71.8,96.5,15.6
2024-07-24 12:00:00,KL-ALP-05,Alappuzha,Lowland/Backwaters,9.4981,76.3388,14.5,29.1,82.3,98.0,22.8
2024-07-24 13:00:00,KL-ALP-05,Alappuzha,Lowland/Backwaters,9.4981,76.3388,9.7,30.7,78.6,98.0,19.2
2024-07-24 14:00:00,KL-ALP-05,Alappuzha,Lowland/Backwaters,9.4981,76.3388,27.8,27.3,92.9,98.0,29.3
2024-07-24 15:00:00,KL-ALP-05,Alappuzha,Lowland/Backwaters,9.4981,76.3388,0.0,30.9,70.2,97.8,14.9
2024-07-24 16:00:00,KL-ALP-05,Alappuzha,Lowland/Backwaters,9.4981,76.3388,48.4,23.9,99.0,98.0,37.5
2024-07-24 17:00:00,KL-ALP-05,Alappuzha,Lowland/Backwaters,9.4981,76.3388,0.0,30.6,73.1,97.8,13.4
2024-07-24 18:00:00,KL-ALP-05,Alappuzha,Lowland/Backwaters,9.4981,76.3388,14.2,27.2,81.9,98.0,28.5
2024-07-24 19:00:00,KL-ALP-05,Alappuzha,Lowland/Backwaters,9.4981,76.3388,36.4,24.5,99.0,98.0,40.3
2024-07-24 20:00:00,KL-ALP-05,Alappuzha,Lowland/Backwaters,9.4981,76.3388,0.0,29.3,72.2,97.8,19.5
2024-07-24 21:00:00,KL-ALP-05,Alappuzha,Lowland/Backwaters,9.4981,76.3388,35.4,24.0,99.0,98.0,41.4
2024-07-24 22:00:00,KL-ALP-05,Alappuzha,Lowland/Backwaters,9.4981,76.3388,66.9,18.1,99.0,98.0,53.1
2024-07-24 23:00:00,KL-ALP-05,Alappuzha,Lowland/Backwaters,9.4981,76.3388,0.0,28.0,71.2,97.8,22.6
2024-07-25 00:00:00,KL-ALP-05,Alappuzha,Lowland/Backwaters,9.4981,76.3388,0.0,27.6,70.7,97.5,20.5
2024-07-25 01:00:00,KL-ALP-05,Alappuzha,Lowland/Backwaters,9.4981,76.3388,10.3,25.9,80.7,98.0,23.3
2024-07-25 02:00:00,KL-ALP-05,Alappuzha,Lowland/Backwaters,9.4981,76.3388,0.0,29.0,71.5,97.8,18.4
2024-07-25 03:00:00,KL-ALP-05,Alappuzha,Lowland/Backwaters,9.4981,76.3388,22.9,25.4,87.9,98.0,32.3
2024-07-25 04:00:00,KL-ALP-05,Alappuzha,Lowland/Backwaters,9.4981,76.3388,0.0,29.1,72.8,97.8,20.0
2024-07-25 05:00:00,KL-ALP-05,Alappuzha,Lowland/Backwaters,9.4981,76.3388,19.9,26.2,85.2,98.0,30.0
2024-07-25 06:00:00,KL-ALP-05,Alappuzha,Lowland/Backwaters,9.4981,76.3388,0.0,30.7,73.7,97.8,21.7
2024-07-25 07:00:00,KL-ALP-05,Alappuzha,Lowland/Backwaters,9.4981,76.3388,0.0,30.7,72.5,97.5,18.5
2024-07-25 08:00:00,KL-ALP-05,Alappuzha,Lowland/Backwaters,9.4981,76.3388,15.2,29.3,81.6,98.0,26.4
2024-07-25 09:00:00,KL-ALP-05,Alappuzha,Lowland/Backwaters,9.4981,76.3388,0.0,31.3,70.8,97.8,21.8
2024-07-25 10:00:00,KL-ALP-05,Alappuzha,Lowland/Backwaters,9.4981,76.3388,74.5,20.2,99.0,98.0,55.8
2024-07-25 11:00:00,KL-ALP-05,Alappuzha,Lowland/Backwaters,9.4981,76.3388,0.0,31.5,72.6,97.8,22.0
2024-07-25 12:00:00,KL-ALP-05,Alappuzha,Lowland/Backwaters,9.4981,76.3388,50.0,25.1,99.0,98.0,45.0
2024-07-25 13:00:00,KL-ALP-05,Alappuzha,Lowland/Backwaters,9.4981,76.3388,0.0,32.4,71.7,97.8,20.0
2024-07-25 14:00:00,KL-ALP-05,Alappuzha,Lowland/Backwaters,9.4981,76.3388,24.2,27.4,93.1,98.0,31.3
2024-07-25 15:00:00,KL-ALP-05,Alappuzha,Lowland/Backwaters,9.4981,76.3388,78.0,19.6,99.0,98.0,59.7
2024-07-25 16:00:00,KL-ALP-05,Alappuzha,Lowland/Backwaters,9.4981,76.3388,129.7,18.0,99.0,98.0,87.4
2024-07-25 17:00:00,KL-ALP-05,Alappuzha,Lowland/Backwaters,9.4981,76.3388,105.6,18.0,99.0,98.0,72.9
2024-07-25 18:00:00,KL-ALP-05,Alappuzha,Lowland/Backwaters,9.4981,76.3388,15.7,27.9,81.9,98.0,28.9
2024-07-25 19:00:00,KL-ALP-05,Alappuzha,Lowland/Backwaters,9.4981,76.3388,0.0,30.1,71.5,97.8,19.2
2024-07-25 20:00:00,KL-ALP-05,Alappuzha,Lowland/Backwaters,9.4981,76.3388,111.1,18.0,99.0,98.0,77.7
2024-07-25 21:00:00,KL-ALP-05,Alappuzha,Lowland/Backwaters,9.4981,76.3388,0.0,28.7,71.0,97.8,21.5
2024-07-25 22:00:00,KL-ALP-05,Alappuzha,Lowland/Backwaters,9.4981,76.3388,0.0,28.5,71.5,97.5,19.0
2024-07-25 23:00:00,KL-ALP-05,Alappuzha,Lowland/Backwaters,9.4981,76.3388,131.3,18.0,99.0,98.0,85.0
2024-07-26 00:00:00,KL-ALP-05,Alappuzha,Lowland/Backwaters,9.4981,76.3388,40.9,22.6,99.0,98.0,42.9
2024-07-26 01:00:00,KL-ALP-05,Alappuzha,Lowland/Backwaters,9.4981,76.3388,35.0,22.6,97.4,98.0,35.7
2024-07-26 02:00:00,KL-ALP-05,Alappuzha,Lowland/Backwaters,9.4981,76.3388,46.3,21.5,99.0,98.0,41.4
2024-07-26 03:00:00,KL-ALP-05,Alappuzha,Lowland/Backwaters,9.4981,76.3388,36.2,23.8,99.0,98.0,38.1
2024-07-26 04:00:00,KL-ALP-05,Alappuzha,Lowland/Backwaters,9.4981,76.3388,84.3,18.0,99.0,98.0,64.2
2024-07-26 05:00:00,KL-ALP-05,Alappuzha,Lowland/Backwaters,9.4981,76.3388,150.6,18.0,99.0,98.0,98.2
2024-07-26 06:00:00,KL-ALP-05,Alappuzha,Lowland/Backwaters,9.4981,76.3388,112.6,18.0,99.0,98.0,79.6
2024-07-26 07:00:00,KL-ALP-05,Alappuzha,Lowland/Backwaters,9.4981,76.3388,29.5,26.6,93.8,98.0,35.0
2024-07-26 08:00:00,KL-ALP-05,Alappuzha,Lowland/Backwaters,9.4981,76.3388,75.3,19.3,99.0,98.0,59.3
2024-07-26 09:00:00,KL-ALP-05,Alappuzha,Lowland/Backwaters,9.4981,76.3388,67.8,21.0,99.0,98.0,56.7
2024-07-26 10:00:00,KL-ALP-05,Alappuzha,Lowland/Backwaters,9.4981,76.3388,0.0,32.3,74.8,97.8,23.3
2024-07-26 11:00:00,KL-ALP-05,Alappuzha,Lowland/Backwaters,9.4981,76.3388,21.7,28.9,86.7,98.0,31.9
2024-07-26 12:00:00,KL-ALP-05,Alappuzha,Lowland/Backwaters,9.4981,76.3388,0.0,32.2,72.1,97.8,21.0
2024-07-26 13:00:00,KL-ALP-05,Alappuzha,Lowland/Backwaters,9.4981,76.3388,43.2,25.8,99.0,98.0,42.6
2024-07-26 14:00:00,KL-ALP-05,Alappuzha,Lowland/Backwaters,9.4981,76.3388,49.4,24.5,99.0,98.0,44.0
2024-07-26 15:00:00,KL-ALP-05,Alappuzha,Lowland/Backwaters,9.4981,76.3388,89.2,18.0,99.0,98.0,66.0
2024-07-26 16:00:00,KL-ALP-05,Alappuzha,Lowland/Backwaters,9.4981,76.3388,0.0,30.8,72.3,97.8,18.8
2024-07-26 17:00:00,KL-ALP-05,Alappuzha,Lowland/Backwaters,9.4981,76.3388,49.4,23.2,99.0,98.0,46.4
2024-07-26 18:00:00,KL-ALP-05,Alappuzha,Lowland/Backwaters,9.4981,76.3388,49.9,23.0,99.0,98.0,45.2
2024-07-26 19:00:00,KL-ALP-05,Alappuzha,Lowland/Backwaters,9.4981,76.3388,29.9,24.8,93.4,98.0,38.0
2024-07-26 20:00:00,KL-ALP-05,Alappuzha,Lowland/Backwaters,9.4981,76.3388,60.4,20.6,99.0,98.0,48.6
2024-07-26 21:00:00,KL-ALP-05,Alappuzha,Lowland/Backwaters,9.4981,76.3388,25.5,24.5,91.2,98.0,35.6
2024-07-26 22:00:00,KL-ALP-05,Alappuzha,Lowland/Backwaters,9.4981,76.3388,0.0,27.9,73.2,97.8,24.0
2024-07-26 23:00:00,KL-ALP-05,Alappuzha,Lowland/Backwaters,9.4981,76.3388,0.0,28.5,73.4,97.5,23.5
2024-07-27 00:00:00,KL-ALP-05,Alappuzha,Lowland/Backwaters,9.4981,76.3388,29.6,24.1,97.4,98.0,35.2
2024-07-27 01:00:00,KL-ALP-05,Alappuzha,Lowland/Backwaters,9.4981,76.3388,46.5,21.3,99.0,98.0,44.3
2024-07-27 02:00:00,KL-ALP-05,Alappuzha,Lowland/Backwaters,9.4981,76.3388,0.0,27.7,71.4,97.8,19.4
2024-07-27 03:00:00,KL-ALP-05,Alappuzha,Lowland/Backwaters,9.4981,76.3388,0.0,28.5,72.1,97.5,22.7
2024-07-27 04:00:00,KL-ALP-05,Alappuzha,Lowland/Backwaters,9.4981,76.3388,0.0,29.4,71.8,97.2,22.8
2024-07-27 05:00:00,KL-ALP-05,Alappuzha,Lowland/Backwaters,9.4981,76.3388,18.1,27.2,87.7,98.0,28.3
2024-07-27 06:00:00,KL-ALP-05,Alappuzha,Lowland/Backwaters,9.4981,76.3388,36.7,24.3,99.0,98.0,37.1
2024-07-27 07:00:00,KL-ALP-05,Alappuzha,Lowland/Backwaters,9.4981,76.3388,0.0,29.7,73.9,97.8,15.0
2024-07-27 08:00:00,KL-ALP-05,Alappuzha,Lowland/Backwaters,9.4981,76.3388,26.9,27.3,92.9,98.0,28.1
2024-07-27 09:00:00,KL-ALP-05,Alappuzha,Lowland/Backwaters,9.4981,76.3388,0.0,31.1,69.1,97.8,14.7
2024-07-27 10:00:00,KL-ALP-05,Alappuzha,Lowland/Backwaters,9.4981,76.3388,0.0,31.2,74.7,97.5,12.0
2024-07-27 11:00:00,KL-ALP-05,Alappuzha,Lowland/Backwaters,9.4981,76.3388,0.0,32.1,72.6,97.2,15.2
2024-07-27 12:00:00,KL-ALP-05,Alappuzha,Lowland/Backwaters,9.4981,76.3388,0.0,31.5,71.3,97.0,13.2
2024-07-27 13:00:00,KL-ALP-05,Alappuzha,Lowland/Backwaters,9.4981,76.3388,9.5,30.6,79.3,98.0,20.1
2024-07-27 14:00:00,KL-ALP-05,Alappuzha,Lowland/Backwaters,9.4981,76.3388,8.9,30.5,76.3,98.0,18.6
2024-07-27 15:00:00,KL-ALP-05,Alappuzha,Lowland/Backwaters,9.4981,76.3388,0.0,30.9,69.4,97.8,15.8
2024-07-27 16:00:00,KL-ALP-05,Alappuzha,Lowland/Backwaters,9.4981,76.3388,12.3,29.4,79.3,98.0,16.5
2024-07-27 17:00:00,KL-ALP-05,Alappuzha,Lowland/Backwaters,9.4981,76.3388,0.0,30.0,74.2,97.8,12.5
2024-07-27 18:00:00,KL-ALP-05,Alappuzha,Lowland/Backwaters,9.4981,76.3388,7.6,28.9,77.9,98.0,14.2
2024-07-27 19:00:00,KL-ALP-05,Alappuzha,Lowland/Backwaters,9.4981,76.3388,0.0,30.1,69.8,97.8,11.2
2024-07-27 20:00:00,KL-ALP-05,Alappuzha,Lowland/Backwaters,9.4981,76.3388,0.0,29.3,71.8,97.5,13.6
2024-07-27 21:00:00,KL-ALP-05,Alappuzha,Lowland/Backwaters,9.4981,76.3388,0.0,28.7,72.0,97.2,14.1
2024-07-27 22:00:00,KL-ALP-05,Alappuzha,Lowland/Backwaters,9.4981,76.3388,3.7,27.1,72.3,98.0,14.2
2024-07-27 23:00:00,KL-ALP-05,Alappuzha,Lowland/Backwaters,9.4981,76.3388,0.0,28.1,74.5,97.8,15.3
2024-07-28 00:00:00,KL-ALP-05,Alappuzha,Lowland/Backwaters,9.4981,76.3388,0.0,28.1,73.4,97.5,11.7
2024-07-28 01:00:00,KL-ALP-05,Alappuzha,Lowland/Backwaters,9.4981,76.3388,0.0,28.0,73.2,97.2,14.3
2024-07-28 02:00:00,KL-ALP-05,Alappuzha,Lowland/Backwaters,9.4981,76.3388,15.9,26.4,82.8,98.0,19.4
2024-07-28 03:00:00,KL-ALP-05,Alappuzha,Lowland/Backwaters,9.4981,76.3388,0.0,29.0,71.7,97.8,15.5
2024-07-28 04:00:00,KL-ALP-05,Alappuzha,Lowland/Backwaters,9.4981,76.3388,13.9,26.7,85.8,98.0,18.4
2024-07-28 05:00:00,KL-ALP-05,Alappuzha,Lowland/Backwaters,9.4981,76.3388,0.0,29.1,72.8,97.8,11.8
2024-07-28 06:00:00,KL-ALP-05,Alappuzha,Lowland/Backwaters,9.4981,76.3388,0.0,30.3,73.3,97.5,11.3
2024-07-28 07:00:00,KL-ALP-05,Alappuzha,Lowland/Backwaters,9.4981,76.3388,0.0,31.3,72.3,97.2,16.0
2024-07-28 08:00:00,KL-ALP-05,Alappuzha,Lowland/Backwaters,9.4981,76.3388,4.3,30.8,74.4,98.0,14.9
2024-07-28 09:00:00,KL-ALP-05,Alappuzha,Lowland/Backwaters,9.4981,76.3388,10.8,29.7,78.1,98.0,19.6
2024-07-28 10:00:00,KL-ALP-05,Alappuzha,Lowland/Backwaters,9.4981,76.3388,0.0,31.5,73.5,97.8,15.1
2024-07-28 11:00:00,KL-ALP-05,Alappuzha,Lowland/Backwaters,9.4981,76.3388,0.0,31.1,69.7,97.5,15.5
2024-07-28 12:00:00,KL-ALP-05,Alappuzha,Lowland/Backwaters,9.4981,76.3388,13.8,29.9,80.4,98.0,20.2
2024-07-28 13:00:00,KL-ALP-05,Alappuzha,Lowland/Backwaters,9.4981,76.3388,16.6,28.9,87.2,98.0,23.3
2024-07-28 14:00:00,KL-ALP-05,Alappuzha,Lowland/Backwaters,9.4981,76.3388,2.4,30.7,72.7,98.0,14.4
2024-07-28 15:00:00,KL-ALP-05,Alappuzha,Lowland/Backwaters,9.4981,76.3388,0.0,30.7,73.6,97.8,14.1
2024-07-28 16:00:00,KL-ALP-05,Alappuzha,Lowland/Backwaters,9.4981,76.3388,7.2,29.5,75.0,98.0,17.7
2024-07-28 17:00:00,KL-ALP-05,Alappuzha,Lowland/Backwaters,9.4981,76.3388,11.9,29.3,83.4,98.0,19.8
2024-07-28 18:00:00,KL-ALP-05,Alappuzha,Lowland/Backwaters,9.4981,76.3388,0.0,30.6,71.3,97.8,11.8
2024-07-28 19:00:00,KL-ALP-05,Alappuzha,Lowland/Backwaters,9.4981,76.3388,2.0,29.6,75.2,98.0,16.6
2024-07-28 20:00:00,KL-ALP-05,Alappuzha,Lowland/Backwaters,9.4981,76.3388,0.0,28.6,69.5,97.8,12.5
2024-07-28 21:00:00,KL-ALP-05,Alappuzha,Lowland/Backwaters,9.4981,76.3388,0.0,28.3,70.2,97.5,14.0
2024-07-28 22:00:00,KL-ALP-05,Alappuzha,Lowland/Backwaters,9.4981,76.3388,13.8,26.7,85.0,98.0,17.9
2024-07-28 23:00:00,KL-ALP-05,Alappuzha,Lowland/Backwaters,9.4981,76.3388,7.4,26.3,76.9,98.0,17.1
2024-07-15 00:00:00,KL-MLP-06,Malappuram,Midland/Hills,11.051,76.0711,10.1,22.2,87.8,55.4,16.3
2024-07-15 01:00:00,KL-MLP-06,Malappuram,Midland/Hills,11.051,76.0711,0.0,22.5,81.4,55.2,11.9
2024-07-15 02:00:00,KL-MLP-06,Malappuram,Midland/Hills,11.051,76.0711,0.0,23.2,79.4,54.9,14.9
2024-07-15 03:00:00,KL-MLP-06,Malappuram,Midland/Hills,11.051,76.0711,0.0,23.4,79.4,54.7,11.3
2024-07-15 04:00:00,KL-MLP-06,Malappuram,Midland/Hills,11.051,76.0711,10.9,23.1,88.3,58.5,18.7
2024-07-15 05:00:00,KL-MLP-06,Malappuram,Midland/Hills,11.051,76.0711,0.0,25.0,80.0,58.2,15.8
2024-07-15 06:00:00,KL-MLP-06,Malappuram,Midland/Hills,11.051,76.0711,0.0,25.8,83.2,58.0,14.1
2024-07-15 07:00:00,KL-MLP-06,Malappuram,Midland/Hills,11.051,76.0711,0.0,25.8,81.0,57.7,13.8
2024-07-15 08:00:00,KL-MLP-06,Malappuram,Midland/Hills,11.051,76.0711,0.0,25.7,84.1,57.5,12.9
2024-07-15 09:00:00,KL-MLP-06,Malappuram,Midland/Hills,11.051,76.0711,11.0,24.9,90.1,61.3,19.3
2024-07-15 10:00:00,KL-MLP-06,Malappuram,Midland/Hills,11.051,76.0711,10.7,25.9,89.0,65.1,19.0
2024-07-15 11:00:00,KL-MLP-06,Malappuram,Midland/Hills,11.051,76.0711,0.0,26.6,83.4,64.8,14.5
2024-07-15 12:00:00,KL-MLP-06,Malappuram,Midland/Hills,11.051,76.0711,0.0,26.3,81.2,64.6,11.8
2024-07-15 13:00:00,KL-MLP-06,Malappuram,Midland/Hills,11.051,76.0711,5.1,25.4,88.6,66.4,16.1
2024-07-15 14:00:00,KL-MLP-06,Malappuram,Midland/Hills,11.051,76.0711,0.0,27.1,81.0,66.1,11.7
2024-07-15 15:00:00,KL-MLP-06,Malappuram,Midland/Hills,11.051,76.0711,0.0,26.8,82.1,65.9,15.9
2024-07-15 16:00:00,KL-MLP-06,Malappuram,Midland/Hills,11.051,76.0711,0.0,25.7,79.1,65.6,15.1
2024-07-15 17:00:00,KL-MLP-06,Malappuram,Midland/Hills,11.051,76.0711,5.7,24.7,89.0,67.6,16.8
2024-07-15 18:00:00,KL-MLP-06,Malappuram,Midland/Hills,11.051,76.0711,12.2,23.5,92.4,71.9,18.4
2024-07-15 19:00:00,KL-MLP-06,Malappuram,Midland/Hills,11.051,76.0711,8.6,22.4,91.1,74.9,14.7
2024-07-15 20:00:00,KL-MLP-06,Malappuram,Midland/Hills,11.051,76.0711,11.4,21.7,89.3,78.9,16.3
2024-07-15 21:00:00,KL-MLP-06,Malappuram,Midland/Hills,11.051,76.0711,0.0,24.1,84.6,78.6,11.4
2024-07-15 22:00:00,KL-MLP-06,Malappuram,Midland/Hills,11.051,76.0711,12.8,21.0,93.6,83.1,17.9
2024-07-15 23:00:00,KL-MLP-06,Malappuram,Midland/Hills,11.051,76.0711,5.8,21.9,86.3,85.2,16.7
2024-07-16 00:00:00,KL-MLP-06,Malappuram,Midland/Hills,11.051,76.0711,13.6,20.3,95.7,89.9,19.2
2024-07-16 01:00:00,KL-MLP-06,Malappuram,Midland/Hills,11.051,76.0711,8.6,21.8,90.3,92.9,18.9
2024-07-16 02:00:00,KL-MLP-06,Malappuram,Midland/Hills,11.051,76.0711,0.0,23.7,79.1,92.7,12.3
2024-07-16 03:00:00,KL-MLP-06,Malappuram,Midland/Hills,11.051,76.0711,0.0,24.0,84.5,92.4,13.6
2024-07-16 04:00:00,KL-MLP-06,Malappuram,Midland/Hills,11.051,76.0711,12.8,21.7,92.0,96.9,19.1
2024-07-16 05:00:00,KL-MLP-06,Malappuram,Midland/Hills,11.051,76.0711,0.0,24.7,79.4,96.7,10.8
2024-07-16 06:00:00,KL-MLP-06,Malappuram,Midland/Hills,11.051,76.0711,0.0,24.4,80.1,96.4,10.1
2024-07-16 07:00:00,KL-MLP-06,Malappuram,Midland/Hills,11.051,76.0711,0.0,25.9,81.9,96.2,15.6
2024-07-16 08:00:00,KL-MLP-06,Malappuram,Midland/Hills,11.051,76.0711,0.0,26.8,81.2,95.9,12.9
2024-07-16 09:00:00,KL-MLP-06,Malappuram,Midland/Hills,11.051,76.0711,0.0,26.6,81.5,95.7,10.2
2024-07-16 10:00:00,KL-MLP-06,Malappuram,Midland/Hills,11.051,76.0711,0.0,26.5,82.4,95.4,11.2
2024-07-16 11:00:00,KL-MLP-06,Malappuram,Midland/Hills,11.051,76.0711,0.0,26.5,84.5,95.2,14.3
2024-07-16 12:00:00,KL-MLP-06,Malappuram,Midland/Hills,11.051,76.0711,0.0,27.0,83.1,94.9,14.2
2024-07-16 13:00:00,KL-MLP-06,Malappuram,Midland/Hills,11.051,76.0711,0.0,27.6,83.4,94.7,11.5
2024-07-16 14:00:00,KL-MLP-06,Malappuram,Midland/Hills,11.051,76.0711,14.1,24.8,94.3,98.0,21.2
2024-07-16 15:00:00,KL-MLP-06,Malappuram,Midland/Hills,11.051,76.0711,0.0,26.0,81.7,97.8,14.1
2024-07-16 16:00:00,KL-MLP-06,Malappuram,Midland/Hills,11.051,76.0711,11.0,25.1,92.8,98.0,15.6
2024-07-16 17:00:00,KL-MLP-06,Malappuram,Midland/Hills,11.051,76.0711,0.0,25.7,84.5,97.8,12.4
2024-07-16 18:00:00,KL-MLP-06,Malappuram,Midland/Hills,11.051,76.0711,0.0,25.6,82.1,97.5,11.1
2024-07-16 19:00:00,KL-MLP-06,Malappuram,Midland/Hills,11.051,76.0711,0.0,25.0,80.5,97.2,11.8
2024-07-16 20:00:00,KL-MLP-06,Malappuram,Midland/Hills,11.051,76.0711,0.0,24.3,81.3,97.0,11.8
2024-07-16 21:00:00,KL-MLP-06,Malappuram,Midland/Hills,11.051,76.0711,0.0,24.2,83.4,96.8,10.5
2024-07-16 22:00:00,KL-MLP-06,Malappuram,Midland/Hills,11.051,76.0711,0.0,23.7,81.1,96.5,10.9
2024-07-16 23:00:00,KL-MLP-06,Malappuram,Midland/Hills,11.051,76.0711,0.0,23.8,81.4,96.2,11.8
2024-07-17 00:00:00,KL-MLP-06,Malappuram,Midland/Hills,11.051,76.0711,0.0,23.5,79.0,96.0,10.4
2024-07-17 01:00:00,KL-MLP-06,Malappuram,Midland/Hills,11.051,76.0711,0.0,23.1,82.9,95.8,14.4
2024-07-17 02:00:00,KL-MLP-06,Malappuram,Midland/Hills,11.051,76.0711,7.7,22.4,86.3,98.0,14.9
2024-07-17 03:00:00,KL-MLP-06,Malappuram,Midland/Hills,11.051,76.0711,0.0,23.5,83.9,97.8,11.1
2024-07-17 04:00:00,KL-MLP-06,Malappuram,Midland/Hills,11.051,76.0711,4.9,23.7,84.5,98.0,17.9
2024-07-17 05:00:00,KL-MLP-06,Malappuram,Midland/Hills,11.051,76.0711,0.0,24.7,82.7,97.8,15.2
2024-07-17 06:00:00,KL-MLP-06,Malappuram,Midland/Hills,11.051,76.0711,6.6,23.8,85.9,98.0,15.4
2024-07-17 07:00:00,KL-MLP-06,Malappuram,Midland/Hills,11.051,76.0711,0.0,25.5,83.0,97.8,10.6
2024-07-17 08:00:00,KL-MLP-06,Malappuram,Midland/Hills,11.051,76.0711,13.7,23.2,93.5,98.0,22.8
2024-07-17 09:00:00,KL-MLP-06,Malappuram,Midland/Hills,11.051,76.0711,10.2,24.1,90.8,98.0,21.0
2024-07-17 10:00:00,KL-MLP-06,Malappuram,Midland/Hills,11.051,76.0711,0.0,27.4,81.8,97.8,12.0
2024-07-17 11:00:00,KL-MLP-06,Malappuram,Midland/Hills,11.051,76.0711,0.0,26.7,84.3,97.5,16.0
2024-07-17 12:00:00,KL-MLP-06,Malappuram,Midland/Hills,11.051,76.0711,0.0,27.7,83.0,97.2,12.3
2024-07-17 13:00:00,KL-MLP-06,Malappuram,Midland/Hills,11.051,76.0711,7.9,25.5,85.9,98.0,16.7
2024-07-17 14:00:00,KL-MLP-06,Malappuram,Midland/Hills,11.051,76.0711,0.0,27.1,84.3,97.8,10.8
2024-07-17 15:00:00,KL-MLP-06,Malappuram,Midland/Hills,11.051,76.0711,0.0,27.0,80.7,97.5,14.2
2024-07-17 16:00:00,KL-MLP-06,Malappuram,Midland/Hills,11.051,76.0711,0.0,25.8,82.7,97.2,14.0
2024-07-17 17:00:00,KL-MLP-06,Malappuram,Midland/Hills,11.051,76.0711,0.0,25.4,80.1,97.0,15.9
2024-07-17 18:00:00,KL-MLP-06,Malappuram,Midland/Hills,11.051,76.0711,0.0,25.5,79.1,96.8,12.2
2024-07-17 19:00:00,KL-MLP-06,Malappuram,Midland/Hills,11.051,76.0711,16.4,21.7,94.8,98.0,21.8
2024-07-17 20:00:00,KL-MLP-06,Malappuram,Midland/Hills,11.051,76.0711,0.0,24.2,79.5,97.8,12.6
2024-07-17 21:00:00,KL-MLP-06,Malappuram,Midland/Hills,11.051,76.0711,0.0,24.3,84.9,97.5,15.1
2024-07-17 22:00:00,KL-MLP-06,Malappuram,Midland/Hills,11.051,76.0711,0.0,23.6,80.8,97.2,11.2
2024-07-17 23:00:00,KL-MLP-06,Malappuram,Midland/Hills,11.051,76.0711,12.5,21.3,94.1,98.0,19.3
2024-07-18 00:00:00,KL-MLP-06,Malappuram,Midland/Hills,11.051,76.0711,18.1,20.0,97.5,98.0,22.3
2024-07-18 01:00:00,KL-MLP-06,Malappuram,Midland/Hills,11.051,76.0711,0.0,22.5,81.7,97.8,10.7
2024-07-18 02:00:00,KL-MLP-06,Malappuram,Midland/Hills,11.051,76.0711,0.0,22.9,80.3,97.5,14.5
2024-07-18 03:00:00,KL-MLP-06,Malappuram,Midland/Hills,11.051,76.0711,0.0,22.9,81.6,97.2,14.3
2024-07-18 04:00:00,KL-MLP-06,Malappuram,Midland/Hills,11.051,76.0711,23.3,21.1,99.0,98.0,23.0
2024-07-18 05:00:00,KL-MLP-06,Malappuram,Midland/Hills,11.051,76.0711,13.9,23.0,90.9,98.0,17.8
2024-07-18 06:00:00,KL-MLP-06,Malappuram,Midland/Hills,11.051,76.0711,0.0,25.4,79.5,97.8,14.2
2024-07-18 07:00:00,KL-MLP-06,Malappuram,Midland/Hills,11.051,76.0711,0.0,26.2,83.6,97.5,13.6
2024-07-18 08:00:00,KL-MLP-06,Malappuram,Midland/Hills,11.051,76.0711,0.0,25.8,83.3,97.2,14.4
2024-07-18 09:00:00,KL-MLP-06,Malappuram,Midland/Hills,11.051,76.0711,20.5,23.4,99.0,98.0,25.1
2024-07-18 10:00:00,KL-MLP-06,Malappuram,Midland/Hills,11.051,76.0711,7.0,25.0,85.1,98.0,17.9
2024-07-18 11:00:00,KL-MLP-06,Malappuram,Midland/Hills,11.051,76.0711,0.0,27.3,79.7,97.8,12.2
2024-07-18 12:00:00,KL-MLP-06,Malappuram,Midland/Hills,11.051,76.0711,0.0,27.7,82.5,97.5,10.0
2024-07-18 13:00:00,KL-MLP-06,Malappuram,Midland/Hills,11.051,76.0711,20.8,24.4,99.0,98.0,22.3
2024-07-18 14:00:00,KL-MLP-06,Malappuram,Midland/Hills,11.051,76.0711,26.4,23.2,99.0,98.0,26.8
2024-07-18 15:00:00,KL-MLP-06,Malappuram,Midland/Hills,11.051,76.0711,18.0,23.8,96.2,98.0,19.9
2024-07-18 16:00:00,KL-MLP-06,Malappuram,Midland/Hills,11.051,76.0711,0.0,26.5,82.0,97.8,12.7
2024-07-18 17:00:00,KL-MLP-06,Malappuram,Midland/Hills,11.051,76.0711,0.0,25.0,83.0,97.5,14.8
2024-07-18 18:00:00,KL-MLP-06,Malappuram,Midland/Hills,11.051,76.0711,0.0,25.2,80.9,97.2,15.9
2024-07-18 19:00:00,KL-MLP-06,Malappuram,Midland/Hills,11.051,76.0711,45.2,18.0,99.0,98.0,37.6
2024-07-18 20:00:00,KL-MLP-06,Malappuram,Midland/Hills,11.051,76.0711,35.1,18.5,99.0,98.0,29.5
2024-07-18 21:00:00,KL-MLP-06,Malappuram,Midland/Hills,11.051,76.0711,0.0,23.1,83.4,97.8,14.9
2024-07-18 22:00:00,KL-MLP-06,Malappuram,Midland/Hills,11.051,76.0711,0.0,22.6,84.2,97.5,11.1
2024-07-18 23:00:00,KL-MLP-06,Malappuram,Midland/Hills,11.051,76.0711,25.0,20.1,99.0,98.0,27.6
2024-07-19 00:00:00,KL-MLP-06,Malappuram,Midland/Hills,11.051,76.0711,0.0,23.1,81.0,97.8,14.1
2024-07-19 01:00:00,KL-MLP-06,Malappuram,Midland/Hills,11.051,76.0711,0.0,23.5,81.3,97.5,13.2
2024-07-19 02:00:00,KL-MLP-06,Malappuram,Midland/Hills,11.051,76.0711,44.0,18.0,99.0,98.0,34.4
2024-07-19 03:00:00,KL-MLP-06,Malappuram,Midland/Hills,11.051,76.0711,48.7,18.0,99.0,98.0,39.4
2024-07-19 04:00:00,KL-MLP-06,Malappuram,Midland/Hills,11.051,76.0711,0.0,23.9,80.0,97.8,10.8
2024-07-19 05:00:00,KL-MLP-06,Malappuram,Midland/Hills,11.051,76.0711,0.0,24.1,79.9,97.5,11.3
2024-07-19 06:00:00,KL-MLP-06,Malappuram,Midland/Hills,11.051,76.0711,0.0,25.4,79.1,97.2,14.4
2024-07-19 07:00:00,KL-MLP-06,Malappuram,Midland/Hills,11.051,76.0711,50.9,18.7,99.0,98.0,41.2
2024-07-19 08:00:00,KL-MLP-06,Malappuram,Midland/Hills,11.051,76.0711,62.9,18.0,99.0,98.0,47.3
2024-07-19 09:00:00,KL-MLP-06,Malappuram,Midland/Hills,11.051,76.0711,12.8,25.3,93.1,98.0,20.0
2024-07-19 10:00:00,KL-MLP-06,Malappuram,Midland/Hills,11.051,76.0711,0.0,26.9,81.4,97.8,10.2
2024-07-19 11:00:00,KL-MLP-06,Malappuram,Midland/Hills,11.051,76.0711,43.6,20.7,99.0,98.0,35.7
2024-07-19 12:00:00,KL-MLP-06,Malappuram,Midland/Hills,11.051,76.0711,59.0,18.6,99.0,98.0,44.2
2024-07-19 13:00:00,KL-MLP-06,Malappuram,Midland/Hills,11.051,76.0711,0.0,27.2,80.7,97.8,13.9
2024-07-19 14:00:00,KL-MLP-06,Malappuram,Midland/Hills,11.051,76.0711,19.4,23.2,97.5,98.0,23.7
2024-07-19 15:00:00,KL-MLP-06,Malappuram,Midland/Hills,11.051,76.0711,12.4,24.7,92.4,98.0,17.8
2024-07-19 16:00:00,KL-MLP-06,Malappuram,Midland/Hills,11.051,76.0711,71.3,18.0,99.0,98.0,49.5
2024-07-19 17:00:00,KL-MLP-06,Malappuram,Midland/Hills,11.051,76.0711,55.1,18.0,99.0,98.0,43.0
2024-07-19 18:00:00,KL-MLP-06,Malappuram,Midland/Hills,11.051,76.0711,0.0,24.5,83.9,97.8,10.1
2024-07-19 19:00:00,KL-MLP-06,Malappuram,Midland/Hills,11.051,76.0711,53.6,18.0,99.0,98.0,39.9
2024-07-19 20:00:00,KL-MLP-06,Malappuram,Midland/Hills,11.051,76.0711,68.2,18.0,99.0,98.0,48.6
2024-07-19 21:00:00,KL-MLP-06,Malappuram,Midland/Hills,11.051,76.0711,0.0,24.2,80.1,97.8,13.6
2024-07-19 22:00:00,KL-MLP-06,Malappuram,Midland/Hills,11.051,76.0711,56.2,18.0,99.0,98.0,38.9
2024-07-19 23:00:00,KL-MLP-06,Malappuram,Midland/Hills,11.051,76.0711,24.6,19.5,99.0,98.0,22.5
2024-07-20 00:00:00,KL-MLP-06,Malappuram,Midland/Hills,11.051,76.0711,0.0,23.0,81.2,97.8,13.3
2024-07-20 01:00:00,KL-MLP-06,Malappuram,Midland/Hills,11.051,76.0711,87.9,18.0,99.0,98.0,59.6
2024-07-20 02:00:00,KL-MLP-06,Malappuram,Midland/Hills,11.051,76.0711,74.6,18.0,99.0,98.0,50.8
2024-07-20 03:00:00,KL-MLP-06,Malappuram,Midland/Hills,11.051,76.0711,53.4,18.0,99.0,98.0,39.9
2024-07-20 04:00:00,KL-MLP-06,Malappuram,Midland/Hills,11.051,76.0711,19.3,21.6,95.9,98.0,20.8
2024-07-20 05:00:00,KL-MLP-06,Malappuram,Midland/Hills,11.051,76.0711,77.0,18.0,99.0,98.0,49.8
2024-07-20 06:00:00,KL-MLP-06,Malappuram,Midland/Hills,11.051,76.0711,21.2,22.0,96.4,98.0,22.1
2024-07-20 07:00:00,KL-MLP-06,Malappuram,Midland/Hills,11.051,76.0711,80.8,18.0,99.0,98.0,51.9
2024-07-20 08:00:00,KL-MLP-06,Malappuram,Midland/Hills,11.051,76.0711,63.7,18.0,99.0,98.0,46.2
2024-07-20 09:00:00,KL-MLP-06,Malappuram,Midland/Hills,11.051,76.0711,0.0,26.7,80.2,97.8,12.2
2024-07-20 10:00:00,KL-MLP-06,Malappuram,Midland/Hills,11.051,76.0711,70.9,18.0,99.0,98.0,46.4
2024-07-20 11:00:00,KL-MLP-06,Malappuram,Midland/Hills,11.051,76.0711,0.0,26.8,79.2,97.8,13.6
2024-07-20 12:00:00,KL-MLP-06,Malappuram,Midland/Hills,11.051,76.0711,18.9,23.5,97.4,98.0,19.8
2024-07-20 13:00:00,KL-MLP-06,Malappuram,Midland/Hills,11.051,76.0711,34.9,21.4,99.0,98.0,32.7
2024-07-20 14:00:00,KL-MLP-06,Malappuram,Midland/Hills,11.051,76.0711,10.3,25.0,93.1,98.0,17.4
2024-07-20 15:00:00,KL-MLP-06,Malappuram,Midland/Hills,11.051,76.0711,70.2,18.0,99.0,98.0,46.9
2024-07-20 16:00:00,KL-MLP-06,Malappuram,Midland/Hills,11.051,76.0711,0.0,26.0,82.2,97.8,14.2
2024-07-20 17:00:00,KL-MLP-06,Malappuram,Midland/Hills,11.051,76.0711,0.0,25.6,82.6,97.5,15.4
2024-07-20 18:00:00,KL-MLP-06,Malappuram,Midland/Hills,11.051,76.0711,65.5,18.0,99.0,98.0,47.2
2024-07-20 19:00:00,KL-MLP-06,Malappuram,Midland/Hills,11.051,76.0711,0.0,24.5,82.6,97.8,15.1
2024-07-20 20:00:00,KL-MLP-06,Malappuram,Midland/Hills,11.051,76.0711,15.2,20.9,94.2,98.0,18.5
2024-07-20 21:00:00,KL-MLP-06,Malappuram,Midland/Hills,11.051,76.0711,28.4,19.7,99.0,98.0,28.6
2024-07-20 22:00:00,KL-MLP-06,Malappuram,Midland/Hills,11.051,76.0711,0.0,23.6,80.5,97.8,13.7
2024-07-20 23:00:00,KL-MLP-06,Malappuram,Midland/Hills,11.051,76.0711,0.0,22.6,84.9,97.5,14.8
2024-07-21 00:00:00,KL-MLP-06,Malappuram,Midland/Hills,11.051,76.0711,20.4,19.8,99.0,98.0,25.5
2024-07-21 01:00:00,KL-MLP-06,Malappuram,Midland/Hills,11.051,76.0711,0.0,22.8,84.1,97.8,15.7
2024-07-21 02:00:00,KL-MLP-06,Malappuram,Midland/Hills,11.051,76.0711,20.5,19.5,95.9,98.0,24.6
2024-07-21 03:00:00,KL-MLP-06,Malappuram,Midland/Hills,11.051,76.0711,0.0,23.0,79.3,97.8,14.5
2024-07-21 04:00:00,KL-MLP-06,Malappuram,Midland/Hills,11.051,76.0711,0.0,24.0,84.2,97.5,15.8
2024-07-21 05:00:00,KL-MLP-06,Malappuram,Midland/Hills,11.051,76.0711,25.9,21.0,99.0,98.0,26.0
2024-07-21 06:00:00,KL-MLP-06,Malappuram,Midland/Hills,11.051,76.0711,0.0,25.6,83.2,97.8,12.4
2024-07-21 07:00:00,KL-MLP-06,Malappuram,Midland/Hills,11.051,76.0711,0.0,26.2,83.5,97.5,14.3
2024-07-21 08:00:00,KL-MLP-06,Malappuram,Midland/Hills,11.051,76.0711,0.0,26.4,80.5,97.2,14.4
2024-07-21 09:00:00,KL-MLP-06,Malappuram,Midland/Hills,11.051,76.0711,0.0,26.9,84.3,97.0,13.2
2024-07-21 10:00:00,KL-MLP-06,Malappuram,Midland/Hills,11.051,76.0711,0.0,26.9,84.8,96.8,14.0
2024-07-21 11:00:00,KL-MLP-06,Malappuram,Midland/Hills,11.051,76.0711,0.0,27.0,80.4,96.5,10.5
2024-07-21 12:00:00,KL-MLP-06,Malappuram,Midland/Hills,11.051,76.0711,0.0,27.0,84.7,96.2,12.5
2024-07-21 13:00:00,KL-MLP-06,Malappuram,Midland/Hills,11.051,76.0711,14.6,24.1,96.2,98.0,18.8
2024-07-21 14:00:00,KL-MLP-06,Malappuram,Midland/Hills,11.051,76.0711,0.0,27.2,79.7,97.8,11.8
2024-07-21 15:00:00,KL-MLP-06,Malappuram,Midland/Hills,11.051,76.0711,9.3,25.4,89.9,98.0,16.0
2024-07-21 16:00:00,KL-MLP-06,Malappuram,Midland/Hills,11.051,76.0711,27.0,22.2,99.0,98.0,23.7
2024-07-21 17:00:00,KL-MLP-06,Malappuram,Midland/Hills,11.051,76.0711,0.0,25.7,81.9,97.8,12.1
2024-07-21 18:00:00,KL-MLP-06,Malappuram,Midland/Hills,11.051,76.0711,0.0,24.7,81.1,97.5,10.0
2024-07-21 19:00:00,KL-MLP-06,Malappuram,Midland/Hills,11.051,76.0711,0.0,24.0,81.1,97.2,10.6
2024-07-21 20:00:00,KL-MLP-06,Malappuram,Midland/Hills,11.051,76.0711,0.0,23.3,82.1,97.0,10.9
2024-07-21 21:00:00,KL-MLP-06,Malappuram,Midland/Hills,11.051,76.0711,13.3,21.0,93.6,98.0,18.0
2024-07-21 22:00:00,KL-MLP-06,Malappuram,Midland/Hills,11.051,76.0711,0.0,22.9,81.6,97.8,11.1
2024-07-21 23:00:00,KL-MLP-06,Malappuram,Midland/Hills,11.051,76.0711,0.0,22.4,81.6,97.5,15.0
2024-07-22 00:00:00,KL-MLP-06,Malappuram,Midland/Hills,11.051,76.0711,9.6,21.5,88.8,98.0,20.0
2024-07-22 01:00:00,KL-MLP-06,Malappuram,Midland/Hills,11.051,76.0711,6.3,21.4,86.4,98.0,17.6
2024-07-22 02:00:00,KL-MLP-06,Malappuram,Midland/Hills,11.051,76.0711,0.0,22.7,80.2,97.8,12.9
2024-07-22 03:00:00,KL-MLP-06,Malappuram,Midland/Hills,11.051,76.0711,0.0,23.2,81.5,97.5,13.3
2024-07-22 04:00:00,KL-MLP-06,Malappuram,Midland/Hills,11.051,76.0711,0.0,24.3,80.9,97.2,14.6
2024-07-22 05:00:00,KL-MLP-06,Malappuram,Midland/Hills,11.051,76.0711,0.0,24.5,84.5,97.0,15.1
2024-07-22 06:00:00,KL-MLP-06,Malappuram,Midland/Hills,11.051,76.0711,0.0,24.4,79.6,96.8,10.1
2024-07-22 07:00:00,KL-MLP-06,Malappuram,Midland/Hills,11.051,76.0711,10.8,24.3,89.1,98.0,19.5
2024-07-22 08:00:00,KL-MLP-06,Malappuram,Midland/Hills,11.051,76.0711,18.5,23.6,96.4,98.0,21.0
2024-07-22 09:00:00,KL-MLP-06,Malappuram,Midland/Hills,11.051,76.0711,0.0,26.8,80.5,97.8,10.9
2024-07-22 10:00:00,KL-MLP-06,Malappuram,Midland/Hills,11.051,76.0711,0.0,26.3,83.6,97.5,15.2
2024-07-22 11:00:00,KL-MLP-06,Malappuram,Midland/Hills,11.051,76.0711,0.0,26.5,83.9,97.2,11.2
2024-07-22 12:00:00,KL-MLP-06,Malappuram,Midland/Hills,11.051,76.0711,0.0,27.5,83.2,97.0,13.0
2024-07-22 13:00:00,KL-MLP-06,Malappuram,Midland/Hills,11.051,76.0711,17.9,24.4,97.1,98.0,20.3
2024-07-22 14:00:00,KL-MLP-06,Malappuram,Midland/Hills,11.051,76.0711,2.8,27.1,86.8,98.0,14.0
2024-07-22 15:00:00,KL-MLP-06,Malappuram,Midland/Hills,11.051,76.0711,0.0,25.8,79.3,97.8,12.4
2024-07-22 16:00:00,KL-MLP-06,Malappuram,Midland/Hills,11.051,76.0711,12.0,23.8,90.6,98.0,18.9
2024-07-22 17:00:00,KL-MLP-06,Malappuram,Midland/Hills,11.051,76.0711,0.0,25.7,80.8,97.8,11.6
2024-07-22 18:00:00,KL-MLP-06,Malappuram,Midland/Hills,11.051,76.0711,7.6,23.7,87.0,98.0,14.1
2024-07-22 19:00:00,KL-MLP-06,Malappuram,Midland/Hills,11.051,76.0711,3.0,24.4,82.7,98.0,14.3
2024-07-22 20:00:00,KL-MLP-06,Malappuram,Midland/Hills,11.051,76.0711,0.0,23.4,80.1,97.8,15.7
2024-07-22 21:00:00,KL-MLP-06,Malappuram,Midland/Hills,11.051,76.0711,0.0,23.3,79.6,97.5,10.1
2024-07-22 22:00:00,KL-MLP-06,Malappuram,Midland/Hills,11.051,76.0711,0.0,23.8,81.0,97.2,14.4
2024-07-22 23:00:00,KL-MLP-06,Malappuram,Midland/Hills,11.051,76.0711,0.0,23.5,82.2,97.0,12.2
2024-07-23 00:00:00,KL-MLP-06,Malappuram,Midland/Hills,11.051,76.0711,0.0,22.5,81.3,96.8,15.3
2024-07-23 01:00:00,KL-MLP-06,Malappuram,Midland/Hills,11.051,76.0711,13.9,20.4,93.6,98.0,22.4
2024-07-23 02:00:00,KL-MLP-06,Malappuram,Midland/Hills,11.051,76.0711,0.0,22.8,83.2,97.8,15.6
2024-07-23 03:00:00,KL-MLP-06,Malappuram,Midland/Hills,11.051,76.0711,11.0,21.7,92.2,98.0,21.4
2024-07-23 04:00:00,KL-MLP-06,Malappuram,Midland/Hills,11.051,76.0711,13.9,21.2,91.3,98.0,20.3
2024-07-23 05:00:00,KL-MLP-06,Malappuram,Midland/Hills,11.051,76.0711,16.5,22.6,97.6,98.0,24.1
2024-07-23 06:00:00,KL-MLP-06,Malappuram,Midland/Hills,11.051,76.0711,0.0,24.9,83.3,97.8,15.5
2024-07-23 07:00:00,KL-MLP-06,Malappuram,Midland/Hills,11.051,76.0711,9.3,24.8,89.5,98.0,14.8
2024-07-23 08:00:00,KL-MLP-06,Malappuram,Midland/Hills,11.051,76.0711,0.0,26.3,79.8,97.8,10.3
2024-07-23 09:00:00,KL-MLP-06,Malappuram,Midland/Hills,11.051,76.0711,0.0,26.9,83.2,97.5,14.4
2024-07-23 10:00:00,KL-MLP-06,Malappuram,Midland/Hills,11.051,76.0711,0.0,27.0,84.2,97.2,15.8
2024-07-23 11:00:00,KL-MLP-06,Malappuram,Midland/Hills,11.051,76.0711,15.9,24.4,96.4,98.0,20.4
2024-07-23 12:00:00,KL-MLP-06,Malappuram,Midland/Hills,11.051,76.0711,5.9,25.6,85.0,98.0,17.1
2024-07-23 13:00:00,KL-MLP-06,Malappuram,Midland/Hills,11.051,76.0711,0.0,27.4,81.7,97.8,14.2
2024-07-23 14:00:00,KL-MLP-06,Malappuram,Midland/Hills,11.051,76.0711,0.0,26.4,80.3,97.5,14.2
2024-07-23 15:00:00,KL-MLP-06,Malappuram,Midland/Hills,11.051,76.0711,0.0,25.9,79.3,97.2,11.4
2024-07-23 16:00:00,KL-MLP-06,Malappuram,Midland/Hills,11.051,76.0711,5.8,25.7,89.2,98.0,14.5
2024-07-23 17:00:00,KL-MLP-06,Malappuram,Midland/Hills,11.051,76.0711,0.0,25.7,80.5,97.8,14.9
2024-07-23 18:00:00,KL-MLP-06,Malappuram,Midland/Hills,11.051,76.0711,0.0,24.2,81.1,97.5,13.6
2024-07-23 19:00:00,KL-MLP-06,Malappuram,Midland/Hills,11.051,76.0711,5.0,24.1,86.3,98.0,16.8
2024-07-23 20:00:00,KL-MLP-06,Malappuram,Midland/Hills,11.051,76.0711,0.0,24.2,80.9,97.8,10.3
2024-07-23 21:00:00,KL-MLP-06,Malappuram,Midland/Hills,11.051,76.0711,0.0,24.1,80.3,97.5,15.8
2024-07-23 22:00:00,KL-MLP-06,Malappuram,Midland/Hills,11.051,76.0711,27.4,19.2,99.0,98.0,28.4
2024-07-23 23:00:00,KL-MLP-06,Malappuram,Midland/Hills,11.051,76.0711,0.0,22.4,83.5,97.8,12.3
2024-07-24 00:00:00,KL-MLP-06,Malappuram,Midland/Hills,11.051,76.0711,0.0,23.6,82.8,97.5,13.3
2024-07-24 01:00:00,KL-MLP-06,Malappuram,Midland/Hills,11.051,76.0711,0.0,22.6,80.6,97.2,13.5
2024-07-24 02:00:00,KL-MLP-06,Malappuram,Midland/Hills,11.051,76.0711,0.0,23.7,79.9,97.0,11.4
2024-07-24 03:00:00,KL-MLP-06,Malappuram,Midland/Hills,11.051,76.0711,0.0,23.4,84.4,96.8,10.6
2024-07-24 04:00:00,KL-MLP-06,Malappuram,Midland/Hills,11.051,76.0711,10.4,23.0,88.5,98.0,18.1
2024-07-24 05:00:00,KL-MLP-06,Malappuram,Midland/Hills,11.051,76.0711,0.0,24.7,79.1,97.8,11.0
2024-07-24 06:00:00,KL-MLP-06,Malappuram,Midland/Hills,11.051,76.0711,18.7,22.4,94.4,98.0,19.8
2024-07-24 07:00:00,KL-MLP-06,Malappuram,Midland/Hills,11.051,76.0711,38.4,20.5,99.0,98.0,32.4
2024-07-24 08:00:00,KL-MLP-06,Malappuram,Midland/Hills,11.051,76.0711,0.0,26.5,82.6,97.8,12.3
2024-07-24 09:00:00,KL-MLP-06,Malappuram,Midland/Hills,11.051,76.0711,38.9,21.0,99.0,98.0,29.7
2024-07-24 10:00:00,KL-MLP-06,Malappuram,Midland/Hills,11.051,76.0711,9.5,24.7,90.4,98.0,14.8
2024-07-24 11:00:00,KL-MLP-06,Malappuram,Midland/Hills,11.051,76.0711,0.0,27.7,79.6,97.8,14.4
2024-07-24 12:00:00,KL-MLP-06,Malappuram,Midland/Hills,11.051,76.0711,39.4,20.6,99.0,98.0,33.1
2024-07-24 13:00:00,KL-MLP-06,Malappuram,Midland/Hills,11.051,76.0711,14.8,24.4,91.8,98.0,17.7
2024-07-24 14:00:00,KL-MLP-06,Malappuram,Midland/Hills,11.051,76.0711,0.0,26.9,79.7,97.8,14.9
2024-07-24 15:00:00,KL-MLP-06,Malappuram,Midland/Hills,11.051,76.0711,23.4,22.9,99.0,98.0,22.6
2024-07-24 16:00:00,KL-MLP-06,Malappuram,Midland/Hills,11.051,76.0711,0.0,25.2,81.6,97.8,10.9
2024-07-24 17:00:00,KL-MLP-06,Malappuram,Midland/Hills,11.051,76.0711,0.0,25.1,84.3,97.5,12.3
2024-07-24 18:00:00,KL-MLP-06,Malappuram,Midland/Hills,11.051,76.0711,0.0,25.5,79.7,97.2,19.0
2024-07-24 19:00:00,KL-MLP-06,Malappuram,Midland/Hills,11.051,76.0711,15.6,22.9,93.6,98.0,29.5
2024-07-24 20:00:00,KL-MLP-06,Malappuram,Midland/Hills,11.051,76.0711,70.9,18.0,99.0,98.0,57.1
2024-07-24 21:00:00,KL-MLP-06,Malappuram,Midland/Hills,11.051,76.0711,46.6,18.0,99.0,98.0,42.2
2024-07-24 22:00:00,KL-MLP-06,Malappuram,Midland/Hills,11.051,76.0711,0.0,23.0,83.9,97.8,20.1
2024-07-24 23:00:00,KL-MLP-06,Malappuram,Midland/Hills,11.051,76.0711,79.5,18.0,99.0,98.0,62.6
2024-07-25 00:00:00,KL-MLP-06,Malappuram,Midland/Hills,11.051,76.0711,0.0,22.3,79.0,97.8,23.6
2024-07-25 01:00:00,KL-MLP-06,Malappuram,Midland/Hills,11.051,76.0711,64.6,18.0,99.0,98.0,55.0
2024-07-25 02:00:00,KL-MLP-06,Malappuram,Midland/Hills,11.051,76.0711,17.6,21.4,94.8,98.0,27.3
2024-07-25 03:00:00,KL-MLP-06,Malappuram,Midland/Hills,11.051,76.0711,0.0,23.1,81.3,97.8,19.9
2024-07-25 04:00:00,KL-MLP-06,Malappuram,Midland/Hills,11.051,76.0711,75.0,18.0,99.0,98.0,60.3
2024-07-25 05:00:00,KL-MLP-06,Malappuram,Midland/Hills,11.051,76.0711,36.0,19.1,99.0,98.0,39.2
2024-07-25 06:00:00,KL-MLP-06,Malappuram,Midland/Hills,11.051,76.0711,0.0,24.8,82.5,97.8,20.5
2024-07-25 07:00:00,KL-MLP-06,Malappuram,Midland/Hills,11.051,76.0711,82.1,18.0,99.0,98.0,59.1
2024-07-25 08:00:00,KL-MLP-06,Malappuram,Midland/Hills,11.051,76.0711,0.0,25.2,82.4,97.8,23.7
2024-07-25 09:00:00,KL-MLP-06,Malappuram,Midland/Hills,11.051,76.0711,0.0,25.7,81.1,97.5,23.1
2024-07-25 10:00:00,KL-MLP-06,Malappuram,Midland/Hills,11.051,76.0711,0.0,27.2,80.8,97.2,18.9
2024-07-25 11:00:00,KL-MLP-06,Malappuram,Midland/Hills,11.051,76.0711,0.0,27.7,84.5,97.0,19.5
2024-07-25 12:00:00,KL-MLP-06,Malappuram,Midland/Hills,11.051,76.0711,0.0,26.3,79.8,96.8,23.8
2024-07-25 13:00:00,KL-MLP-06,Malappuram,Midland/Hills,11.051,76.0711,112.6,18.0,99.0,98.0,78.3
2024-07-25 14:00:00,KL-MLP-06,Malappuram,Midland/Hills,11.051,76.0711,112.6,18.0,99.0,98.0,74.8
2024-07-25 15:00:00,KL-MLP-06,Malappuram,Midland/Hills,11.051,76.0711,83.1,18.0,99.0,98.0,64.0
2024-07-25 16:00:00,KL-MLP-06,Malappuram,Midland/Hills,11.051,76.0711,99.6,18.0,99.0,98.0,72.5
2024-07-25 17:00:00,KL-MLP-06,Malappuram,Midland/Hills,11.051,76.0711,51.5,18.4,99.0,98.0,48.3
2024-07-25 18:00:00,KL-MLP-06,Malappuram,Midland/Hills,11.051,76.0711,18.6,22.5,99.0,98.0,30.6
2024-07-25 19:00:00,KL-MLP-06,Malappuram,Midland/Hills,11.051,76.0711,0.0,25.2,82.0,97.8,22.3
2024-07-25 20:00:00,KL-MLP-06,Malappuram,Midland/Hills,11.051,76.0711,36.9,18.5,99.0,98.0,37.2
2024-07-25 21:00:00,KL-MLP-06,Malappuram,Midland/Hills,11.051,76.0711,94.5,18.0,99.0,98.0,68.6
2024-07-25 22:00:00,KL-MLP-06,Malappuram,Midland/Hills,11.051,76.0711,0.0,23.8,81.8,97.8,19.9
2024-07-25 23:00:00,KL-MLP-06,Malappuram,Midland/Hills,11.051,76.0711,121.1,18.0,99.0,98.0,79.7
2024-07-26 00:00:00,KL-MLP-06,Malappuram,Midland/Hills,11.051,76.0711,27.6,19.4,99.0,98.0,33.5
2024-07-26 01:00:00,KL-MLP-06,Malappuram,Midland/Hills,11.051,76.0711,26.0,19.6,99.0,98.0,34.3
2024-07-26 02:00:00,KL-MLP-06,Malappuram,Midland/Hills,11.051,76.0711,21.8,20.8,99.0,98.0,32.3
2024-07-26 03:00:00,KL-MLP-06,Malappuram,Midland/Hills,11.051,76.0711,23.4,20.8,97.8,98.0,31.8
2024-07-26 04:00:00,KL-MLP-06,Malappuram,Midland/Hills,11.051,76.0711,66.7,18.0,99.0,98.0,57.2
2024-07-26 05:00:00,KL-MLP-06,Malappuram,Midland/Hills,11.051,76.0711,29.4,20.5,99.0,98.0,37.5
2024-07-26 06:00:00,KL-MLP-06,Malappuram,Midland/Hills,11.051,76.0711,88.5,18.0,99.0,98.0,64.0
2024-07-26 07:00:00,KL-MLP-06,Malappuram,Midland/Hills,11.051,76.0711,72.6,18.0,99.0,98.0,59.6
2024-07-26 08:00:00,KL-MLP-06,Malappuram,Midland/Hills,11.051,76.0711,0.0,26.2,83.6,97.8,19.0
2024-07-26 09:00:00,KL-MLP-06,Malappuram,Midland/Hills,11.051,76.0711,0.0,26.4,83.4,97.5,21.9
2024-07-26 10:00:00,KL-MLP-06,Malappuram,Midland/Hills,11.051,76.0711,0.0,26.5,83.7,97.2,20.0
2024-07-26 11:00:00,KL-MLP-06,Malappuram,Midland/Hills,11.051,76.0711,112.7,18.0,99.0,98.0,76.7
2024-07-26 12:00:00,KL-MLP-06,Malappuram,Midland/Hills,11.051,76.0711,112.9,18.0,99.0,98.0,79.3
2024-07-26 13:00:00,KL-MLP-06,Malappuram,Midland/Hills,11.051,76.0711,109.8,18.0,99.0,98.0,73.4
2024-07-26 14:00:00,KL-MLP-06,Malappuram,Midland/Hills,11.051,76.0711,48.4,18.9,99.0,98.0,44.4
2024-07-26 15:00:00,KL-MLP-06,Malappuram,Midland/Hills,11.051,76.0711,33.3,21.0,99.0,98.0,36.2
2024-07-26 16:00:00,KL-MLP-06,Malappuram,Midland/Hills,11.051,76.0711,0.0,26.2,79.8,97.8,18.7
2024-07-26 17:00:00,KL-MLP-06,Malappuram,Midland/Hills,11.051,76.0711,17.9,22.7,98.5,98.0,32.5
2024-07-26 18:00:00,KL-MLP-06,Malappuram,Midland/Hills,11.051,76.0711,48.6,18.4,99.0,98.0,46.4
2024-07-26 19:00:00,KL-MLP-06,Malappuram,Midland/Hills,11.051,76.0711,37.5,19.1,99.0,98.0,40.6
2024-07-26 20:00:00,KL-MLP-06,Malappuram,Midland/Hills,11.051,76.0711,0.0,23.6,83.9,97.8,18.0
2024-07-26 21:00:00,KL-MLP-06,Malappuram,Midland/Hills,11.051,76.0711,0.0,23.3,79.9,97.5,20.4
2024-07-26 22:00:00,KL-MLP-06,Malappuram,Midland/Hills,11.051,76.0711,44.5,18.0,99.0,98.0,44.1
2024-07-26 23:00:00,KL-MLP-06,Malappuram,Midland/Hills,11.051,76.0711,0.0,23.0,79.5,97.8,22.4
2024-07-27 00:00:00,KL-MLP-06,Malappuram,Midland/Hills,11.051,76.0711,0.0,23.7,83.6,97.5,19.2
2024-07-27 01:00:00,KL-MLP-06,Malappuram,Midland/Hills,11.051,76.0711,34.5,18.7,99.0,98.0,39.5
2024-07-27 02:00:00,KL-MLP-06,Malappuram,Midland/Hills,11.051,76.0711,30.4,18.0,99.0,98.0,36.0
2024-07-27 03:00:00,KL-MLP-06,Malappuram,Midland/Hills,11.051,76.0711,0.0,23.3,79.2,97.8,21.6
2024-07-27 04:00:00,KL-MLP-06,Malappuram,Midland/Hills,11.051,76.0711,71.7,18.0,99.0,98.0,56.7
2024-07-27 05:00:00,KL-MLP-06,Malappuram,Midland/Hills,11.051,76.0711,64.4,18.0,99.0,98.0,51.8
2024-07-27 06:00:00,KL-MLP-06,Malappuram,Midland/Hills,11.051,76.0711,0.0,24.3,79.4,97.8,20.4
2024-07-27 07:00:00,KL-MLP-06,Malappuram,Midland/Hills,11.051,76.0711,49.9,18.6,99.0,98.0,39.0
2024-07-27 08:00:00,KL-MLP-06,Malappuram,Midland/Hills,11.051,76.0711,54.3,18.0,99.0,98.0,39.2
2024-07-27 09:00:00,KL-MLP-06,Malappuram,Midland/Hills,11.051,76.0711,0.0,25.9,81.1,97.8,12.5
2024-07-27 10:00:00,KL-MLP-06,Malappuram,Midland/Hills,11.051,76.0711,42.3,19.8,99.0,98.0,33.3
2024-07-27 11:00:00,KL-MLP-06,Malappuram,Midland/Hills,11.051,76.0711,0.0,26.8,79.1,97.8,14.7
2024-07-27 12:00:00,KL-MLP-06,Malappuram,Midland/Hills,11.051,76.0711,0.0,26.3,83.0,97.5,13.7
2024-07-27 13:00:00,KL-MLP-06,Malappuram,Midland/Hills,11.051,76.0711,49.8,20.2,99.0,98.0,39.3
2024-07-27 14:00:00,KL-MLP-06,Malappuram,Midland/Hills,11.051,76.0711,12.3,24.8,89.7,98.0,21.3
2024-07-27 15:00:00,KL-MLP-06,Malappuram,Midland/Hills,11.051,76.0711,44.7,19.6,99.0,98.0,32.4
2024-07-27 16:00:00,KL-MLP-06,Malappuram,Midland/Hills,11.051,76.0711,0.0,26.5,79.8,97.8,12.7
2024-07-27 17:00:00,KL-MLP-06,Malappuram,Midland/Hills,11.051,76.0711,0.0,24.9,80.3,97.5,15.9
2024-07-27 18:00:00,KL-MLP-06,Malappuram,Midland/Hills,11.051,76.0711,24.0,20.9,99.0,98.0,24.1
2024-07-27 19:00:00,KL-MLP-06,Malappuram,Midland/Hills,11.051,76.0711,0.0,25.2,82.5,97.8,10.1
2024-07-27 20:00:00,KL-MLP-06,Malappuram,Midland/Hills,11.051,76.0711,0.0,23.2,84.4,97.5,13.0
2024-07-27 21:00:00,KL-MLP-06,Malappuram,Midland/Hills,11.051,76.0711,0.0,23.9,82.9,97.2,12.7
2024-07-27 22:00:00,KL-MLP-06,Malappuram,Midland/Hills,11.051,76.0711,0.0,23.0,82.3,97.0,13.1
2024-07-27 23:00:00,KL-MLP-06,Malappuram,Midland/Hills,11.051,76.0711,0.0,22.4,80.1,96.8,12.6
2024-07-28 00:00:00,KL-MLP-06,Malappuram,Midland/Hills,11.051,76.0711,19.7,20.1,97.0,98.0,24.9
2024-07-28 01:00:00,KL-MLP-06,Malappuram,Midland/Hills,11.051,76.0711,0.0,23.0,80.7,97.8,13.7
2024-07-28 02:00:00,KL-MLP-06,Malappuram,Midland/Hills,11.051,76.0711,0.0,23.8,85.0,97.5,14.8
2024-07-28 03:00:00,KL-MLP-06,Malappuram,Midland/Hills,11.051,76.0711,18.8,21.0,96.5,98.0,22.4
2024-07-28 04:00:00,KL-MLP-06,Malappuram,Midland/Hills,11.051,76.0711,0.0,24.7,79.6,97.8,12.7
2024-07-28 05:00:00,KL-MLP-06,Malappuram,Midland/Hills,11.051,76.0711,0.0,23.7,80.7,97.5,12.5
2024-07-28 06:00:00,KL-MLP-06,Malappuram,Midland/Hills,11.051,76.0711,12.7,22.9,90.3,98.0,19.2
2024-07-28 07:00:00,KL-MLP-06,Malappuram,Midland/Hills,11.051,76.0711,22.9,22.7,99.0,98.0,26.4
2024-07-28 08:00:00,KL-MLP-06,Malappuram,Midland/Hills,11.051,76.0711,0.0,26.4,79.0,97.8,12.2
2024-07-28 09:00:00,KL-MLP-06,Malappuram,Midland/Hills,11.051,76.0711,8.3,25.8,87.2,98.0,19.2
2024-07-28 10:00:00,KL-MLP-06,Malappuram,Midland/Hills,11.051,76.0711,0.0,26.6,80.4,97.8,15.4
2024-07-28 11:00:00,KL-MLP-06,Malappuram,Midland/Hills,11.051,76.0711,0.0,26.2,79.9,97.5,12.2
2024-07-28 12:00:00,KL-MLP-06,Malappuram,Midland/Hills,11.051,76.0711,0.0,27.5,82.6,97.2,12.0
2024-07-28 13:00:00,KL-MLP-06,Malappuram,Midland/Hills,11.051,76.0711,0.0,27.7,80.5,97.0,15.8
2024-07-28 14:00:00,KL-MLP-06,Malappuram,Midland/Hills,11.051,76.0711,13.7,25.2,94.8,98.0,20.3
2024-07-28 15:00:00,KL-MLP-06,Malappuram,Midland/Hills,11.051,76.0711,13.3,25.2,90.7,98.0,22.1
2024-07-28 16:00:00,KL-MLP-06,Malappuram,Midland/Hills,11.051,76.0711,0.0,25.9,79.6,97.8,14.8
2024-07-28 17:00:00,KL-MLP-06,Malappuram,Midland/Hills,11.051,76.0711,0.0,25.7,83.7,97.5,15.1
2024-07-28 18:00:00,KL-MLP-06,Malappuram,Midland/Hills,11.051,76.0711,0.0,24.6,82.3,97.2,15.7
2024-07-28 19:00:00,KL-MLP-06,Malappuram,Midland/Hills,11.051,76.0711,3.8,23.8,85.8,98.0,15.5
2024-07-28 20:00:00,KL-MLP-06,Malappuram,Midland/Hills,11.051,76.0711,13.6,22.6,90.4,98.0,19.1
2024-07-28 21:00:00,KL-MLP-06,Malappuram,Midland/Hills,11.051,76.0711,0.0,23.0,81.7,97.8,13.8
2024-07-28 22:00:00,KL-MLP-06,Malappuram,Midland/Hills,11.051,76.0711,0.0,22.9,84.4,97.5,11.8
2024-07-28 23:00:00,KL-MLP-06,Malappuram,Midland/Hills,11.051,76.0711,0.0,22.7,83.7,97.2,14.7
2024-07-15 00:00:00,KL-KKD-07,Kozhikode,Coastal/Hills,11.2588,75.7804,0.0,27.6,74.6,57.5,13.8
2024-07-15 01:00:00,KL-KKD-07,Kozhikode,Coastal/Hills,11.2588,75.7804,0.0,28.2,69.6,57.2,12.8
2024-07-15 02:00:00,KL-KKD-07,Kozhikode,Coastal/Hills,11.2588,75.7804,0.0,27.6,70.7,57.0,15.4
2024-07-15 03:00:00,KL-KKD-07,Kozhikode,Coastal/Hills,11.2588,75.7804,6.7,27.4,79.4,59.3,15.7
2024-07-15 04:00:00,KL-KKD-07,Kozhikode,Coastal/Hills,11.2588,75.7804,0.0,28.2,69.4,59.0,15.8
2024-07-15 05:00:00,KL-KKD-07,Kozhikode,Coastal/Hills,11.2588,75.7804,8.7,28.0,77.8,62.1,19.8
2024-07-15 06:00:00,KL-KKD-07,Kozhikode,Coastal/Hills,11.2588,75.7804,0.0,29.5,69.1,61.8,11.1
2024-07-15 07:00:00,KL-KKD-07,Kozhikode,Coastal/Hills,11.2588,75.7804,0.0,30.7,69.2,61.6,15.9
2024-07-15 08:00:00,KL-KKD-07,Kozhikode,Coastal/Hills,11.2588,75.7804,0.0,31.0,72.7,61.3,13.3
2024-07-15 09:00:00,KL-KKD-07,Kozhikode,Coastal/Hills,11.2588,75.7804,9.3,30.7,77.6,64.6,14.8
2024-07-15 10:00:00,KL-KKD-07,Kozhikode,Coastal/Hills,11.2588,75.7804,6.9,30.1,79.7,67.0,14.1
2024-07-15 11:00:00,KL-KKD-07,Kozhikode,Coastal/Hills,11.2588,75.7804,4.9,30.7,77.3,68.7,18.1
2024-07-15 12:00:00,KL-KKD-07,Kozhikode,Coastal/Hills,11.2588,75.7804,6.6,31.7,76.4,71.0,16.6
2024-07-15 13:00:00,KL-KKD-07,Kozhikode,Coastal/Hills,11.2588,75.7804,9.3,30.5,79.5,74.3,17.0
2024-07-15 14:00:00,KL-KKD-07,Kozhikode,Coastal/Hills,11.2588,75.7804,3.3,31.5,77.0,75.4,13.3
2024-07-15 15:00:00,KL-KKD-07,Kozhikode,Coastal/Hills,11.2588,75.7804,0.0,31.5,73.6,75.2,11.9
2024-07-15 16:00:00,KL-KKD-07,Kozhikode,Coastal/Hills,11.2588,75.7804,0.0,31.7,71.9,74.9,15.3
2024-07-15 17:00:00,KL-KKD-07,Kozhikode,Coastal/Hills,11.2588,75.7804,0.0,30.9,73.9,74.7,13.7
2024-07-15 18:00:00,KL-KKD-07,Kozhikode,Coastal/Hills,11.2588,75.7804,0.0,29.9,72.4,74.4,12.2
2024-07-15 19:00:00,KL-KKD-07,Kozhikode,Coastal/Hills,11.2588,75.7804,0.0,28.8,70.0,74.2,10.2
2024-07-15 20:00:00,KL-KKD-07,Kozhikode,Coastal/Hills,11.2588,75.7804,0.0,29.1,70.8,73.9,15.0
2024-07-15 21:00:00,KL-KKD-07,Kozhikode,Coastal/Hills,11.2588,75.7804,0.0,29.3,71.1,73.7,10.2
2024-07-15 22:00:00,KL-KKD-07,Kozhikode,Coastal/Hills,11.2588,75.7804,4.9,28.0,75.1,75.4,12.9
2024-07-15 23:00:00,KL-KKD-07,Kozhikode,Coastal/Hills,11.2588,75.7804,0.0,27.9,73.7,75.2,10.7
2024-07-16 00:00:00,KL-KKD-07,Kozhikode,Coastal/Hills,11.2588,75.7804,1.6,27.5,73.1,75.7,15.6
2024-07-16 01:00:00,KL-KKD-07,Kozhikode,Coastal/Hills,11.2588,75.7804,0.0,28.2,71.3,75.5,13.6
2024-07-16 02:00:00,KL-KKD-07,Kozhikode,Coastal/Hills,11.2588,75.7804,0.0,27.6,70.7,75.2,13.6
2024-07-16 03:00:00,KL-KKD-07,Kozhikode,Coastal/Hills,11.2588,75.7804,0.0,29.2,69.4,75.0,15.4
2024-07-16 04:00:00,KL-KKD-07,Kozhikode,Coastal/Hills,11.2588,75.7804,0.0,29.4,70.9,74.7,11.9
2024-07-16 05:00:00,KL-KKD-07,Kozhikode,Coastal/Hills,11.2588,75.7804,9.9,28.0,82.9,78.2,17.5
2024-07-16 06:00:00,KL-KKD-07,Kozhikode,Coastal/Hills,11.2588,75.7804,3.3,29.2,73.9,79.3,15.1
2024-07-16 07:00:00,KL-KKD-07,Kozhikode,Coastal/Hills,11.2588,75.7804,8.3,29.8,81.6,82.2,19.6
2024-07-16 08:00:00,KL-KKD-07,Kozhikode,Coastal/Hills,11.2588,75.7804,10.3,29.3,82.6,85.9,20.7
2024-07-16 09:00:00,KL-KKD-07,Kozhikode,Coastal/Hills,11.2588,75.7804,8.3,29.5,76.2,88.8,19.0
2024-07-16 10:00:00,KL-KKD-07,Kozhikode,Coastal/Hills,11.2588,75.7804,0.0,31.4,73.5,88.5,12.4
2024-07-16 11:00:00,KL-KKD-07,Kozhikode,Coastal/Hills,11.2588,75.7804,0.0,31.6,72.7,88.3,12.4
2024-07-16 12:00:00,KL-KKD-07,Kozhikode,Coastal/Hills,11.2588,75.7804,0.0,31.9,74.1,88.0,15.8
2024-07-16 13:00:00,KL-KKD-07,Kozhikode,Coastal/Hills,11.2588,75.7804,5.4,31.3,73.5,89.9,13.0
2024-07-16 14:00:00,KL-KKD-07,Kozhikode,Coastal/Hills,11.2588,75.7804,2.6,31.1,75.2,90.8,13.9
2024-07-16 15:00:00,KL-KKD-07,Kozhikode,Coastal/Hills,11.2588,75.7804,3.5,31.5,74.0,92.0,17.2
2024-07-16 16:00:00,KL-KKD-07,Kozhikode,Coastal/Hills,11.2588,75.7804,0.0,31.7,74.2,91.8,11.6
2024-07-16 17:00:00,KL-KKD-07,Kozhikode,Coastal/Hills,11.2588,75.7804,0.0,29.9,74.7,91.5,10.5
2024-07-16 18:00:00,KL-KKD-07,Kozhikode,Coastal/Hills,11.2588,75.7804,8.0,29.3,77.0,94.3,15.0
2024-07-16 19:00:00,KL-KKD-07,Kozhikode,Coastal/Hills,11.2588,75.7804,6.4,27.9,79.3,96.6,17.7
2024-07-16 20:00:00,KL-KKD-07,Kozhikode,Coastal/Hills,11.2588,75.7804,0.0,29.7,71.5,96.3,12.7
2024-07-16 21:00:00,KL-KKD-07,Kozhikode,Coastal/Hills,11.2588,75.7804,7.1,27.6,78.6,98.0,19.4
2024-07-16 22:00:00,KL-KKD-07,Kozhikode,Coastal/Hills,11.2588,75.7804,9.2,26.4,77.9,98.0,16.4
2024-07-16 23:00:00,KL-KKD-07,Kozhikode,Coastal/Hills,11.2588,75.7804,7.4,27.6,78.9,98.0,18.1
2024-07-17 00:00:00,KL-KKD-07,Kozhikode,Coastal/Hills,11.2588,75.7804,2.3,28.4,71.2,98.0,11.2
2024-07-17 01:00:00,KL-KKD-07,Kozhikode,Coastal/Hills,11.2588,75.7804,10.2,26.0,77.8,98.0,16.4
2024-07-17 02:00:00,KL-KKD-07,Kozhikode,Coastal/Hills,11.2588,75.7804,0.0,28.3,74.2,97.8,14.6
2024-07-17 03:00:00,KL-KKD-07,Kozhikode,Coastal/Hills,11.2588,75.7804,6.4,27.1,77.1,98.0,18.7
2024-07-17 04:00:00,KL-KKD-07,Kozhikode,Coastal/Hills,11.2588,75.7804,5.4,29.0,78.5,98.0,15.8
2024-07-17 05:00:00,KL-KKD-07,Kozhikode,Coastal/Hills,11.2588,75.7804,0.0,29.0,70.7,97.8,11.0
2024-07-17 06:00:00,KL-KKD-07,Kozhikode,Coastal/Hills,11.2588,75.7804,10.9,28.6,78.6,98.0,20.7
2024-07-17 07:00:00,KL-KKD-07,Kozhikode,Coastal/Hills,11.2588,75.7804,0.0,30.1,74.4,97.8,11.1
2024-07-17 08:00:00,KL-KKD-07,Kozhikode,Coastal/Hills,11.2588,75.7804,8.8,29.6,77.6,98.0,20.0
2024-07-17 09:00:00,KL-KKD-07,Kozhikode,Coastal/Hills,11.2588,75.7804,6.3,29.9,77.1,98.0,16.2
2024-07-17 10:00:00,KL-KKD-07,Kozhikode,Coastal/Hills,11.2588,75.7804,4.6,30.4,76.6,98.0,16.7
2024-07-17 11:00:00,KL-KKD-07,Kozhikode,Coastal/Hills,11.2588,75.7804,0.0,31.6,71.4,97.8,13.6
2024-07-17 12:00:00,KL-KKD-07,Kozhikode,Coastal/Hills,11.2588,75.7804,0.0,32.0,71.6,97.5,14.1
2024-07-17 13:00:00,KL-KKD-07,Kozhikode,Coastal/Hills,11.2588,75.7804,0.0,32.7,70.3,97.2,10.3
2024-07-17 14:00:00,KL-KKD-07,Kozhikode,Coastal/Hills,11.2588,75.7804,4.7,30.3,73.4,98.0,13.7
2024-07-17 15:00:00,KL-KKD-07,Kozhikode,Coastal/Hills,11.2588,75.7804,0.0,31.8,71.4,97.8,10.6
2024-07-17 16:00:00,KL-KKD-07,Kozhikode,Coastal/Hills,11.2588,75.7804,0.0,31.6,70.6,97.5,11.2
2024-07-17 17:00:00,KL-KKD-07,Kozhikode,Coastal/Hills,11.2588,75.7804,0.0,30.3,70.7,97.2,13.6
2024-07-17 18:00:00,KL-KKD-07,Kozhikode,Coastal/Hills,11.2588,75.7804,0.0,29.4,72.0,97.0,14.2
2024-07-17 19:00:00,KL-KKD-07,Kozhikode,Coastal/Hills,11.2588,75.7804,0.0,29.2,74.4,96.8,11.4
2024-07-17 20:00:00,KL-KKD-07,Kozhikode,Coastal/Hills,11.2588,75.7804,2.7,28.1,76.6,97.7,12.2
2024-07-17 21:00:00,KL-KKD-07,Kozhikode,Coastal/Hills,11.2588,75.7804,7.9,27.1,76.4,98.0,15.5
2024-07-17 22:00:00,KL-KKD-07,Kozhikode,Coastal/Hills,11.2588,75.7804,10.8,27.2,81.2,98.0,21.2
2024-07-17 23:00:00,KL-KKD-07,Kozhikode,Coastal/Hills,11.2588,75.7804,0.0,28.0,70.5,97.8,10.7
2024-07-18 00:00:00,KL-KKD-07,Kozhikode,Coastal/Hills,11.2588,75.7804,0.0,28.1,74.9,97.5,15.0
2024-07-18 01:00:00,KL-KKD-07,Kozhikode,Coastal/Hills,11.2588,75.7804,0.0,27.5,69.9,97.2,10.6
2024-07-18 02:00:00,KL-KKD-07,Kozhikode,Coastal/Hills,11.2588,75.7804,12.8,26.3,83.6,98.0,22.3
2024-07-18 03:00:00,KL-KKD-07,Kozhikode,Coastal/Hills,11.2588,75.7804,9.5,26.9,76.7,98.0,16.9
2024-07-18 04:00:00,KL-KKD-07,Kozhikode,Coastal/Hills,11.2588,75.7804,0.0,29.6,73.6,97.8,15.1
2024-07-18 05:00:00,KL-KKD-07,Kozhikode,Coastal/Hills,11.2588,75.7804,0.0,29.6,69.7,97.5,14.1
2024-07-18 06:00:00,KL-KKD-07,Kozhikode,Coastal/Hills,11.2588,75.7804,0.0,29.2,74.9,97.2,15.1
2024-07-18 07:00:00,KL-KKD-07,Kozhikode,Coastal/Hills,11.2588,75.7804,0.0,29.9,72.0,97.0,11.5
2024-07-18 08:00:00,KL-KKD-07,Kozhikode,Coastal/Hills,11.2588,75.7804,0.0,31.8,71.2,96.8,14.5
2024-07-18 09:00:00,KL-KKD-07,Kozhikode,Coastal/Hills,11.2588,75.7804,20.4,28.6,91.1,98.0,25.5
2024-07-18 10:00:00,KL-KKD-07,Kozhikode,Coastal/Hills,11.2588,75.7804,0.0,32.4,71.7,97.8,15.7
2024-07-18 11:00:00,KL-KKD-07,Kozhikode,Coastal/Hills,11.2588,75.7804,0.0,31.6,73.1,97.5,15.3
2024-07-18 12:00:00,KL-KKD-07,Kozhikode,Coastal/Hills,11.2588,75.7804,11.8,31.0,80.3,98.0,16.1
2024-07-18 13:00:00,KL-KKD-07,Kozhikode,Coastal/Hills,11.2588,75.7804,0.0,31.7,72.7,97.8,12.6
2024-07-18 14:00:00,KL-KKD-07,Kozhikode,Coastal/Hills,11.2588,75.7804,25.4,28.4,91.1,98.0,28.5
2024-07-18 15:00:00,KL-KKD-07,Kozhikode,Coastal/Hills,11.2588,75.7804,0.0,31.7,71.8,97.8,10.9
2024-07-18 16:00:00,KL-KKD-07,Kozhikode,Coastal/Hills,11.2588,75.7804,0.0,31.2,73.0,97.5,11.8
2024-07-18 17:00:00,KL-KKD-07,Kozhikode,Coastal/Hills,11.2588,75.7804,24.5,26.1,88.8,98.0,23.9
2024-07-18 18:00:00,KL-KKD-07,Kozhikode,Coastal/Hills,11.2588,75.7804,0.0,29.3,70.8,97.8,12.6
2024-07-18 19:00:00,KL-KKD-07,Kozhikode,Coastal/Hills,11.2588,75.7804,0.0,28.7,70.5,97.5,12.1
2024-07-18 20:00:00,KL-KKD-07,Kozhikode,Coastal/Hills,11.2588,75.7804,29.6,24.8,97.3,98.0,25.7
2024-07-18 21:00:00,KL-KKD-07,Kozhikode,Coastal/Hills,11.2588,75.7804,12.7,27.5,80.3,98.0,19.9
2024-07-18 22:00:00,KL-KKD-07,Kozhikode,Coastal/Hills,11.2588,75.7804,11.6,26.5,80.4,98.0,20.7
2024-07-18 23:00:00,KL-KKD-07,Kozhikode,Coastal/Hills,11.2588,75.7804,0.0,27.9,74.8,97.8,10.6
2024-07-19 00:00:00,KL-KKD-07,Kozhikode,Coastal/Hills,11.2588,75.7804,15.5,25.4,84.8,98.0,21.8
2024-07-19 01:00:00,KL-KKD-07,Kozhikode,Coastal/Hills,11.2588,75.7804,26.0,24.5,91.0,98.0,23.8
2024-07-19 02:00:00,KL-KKD-07,Kozhikode,Coastal/Hills,11.2588,75.7804,16.6,25.1,85.7,98.0,22.1
2024-07-19 03:00:00,KL-KKD-07,Kozhikode,Coastal/Hills,11.2588,75.7804,20.2,26.2,87.8,98.0,20.9
2024-07-19 04:00:00,KL-KKD-07,Kozhikode,Coastal/Hills,11.2588,75.7804,18.4,26.9,88.0,98.0,22.0
2024-07-19 05:00:00,KL-KKD-07,Kozhikode,Coastal/Hills,11.2588,75.7804,23.4,25.8,87.9,98.0,25.1
2024-07-19 06:00:00,KL-KKD-07,Kozhikode,Coastal/Hills,11.2588,75.7804,0.0,29.9,73.5,97.8,13.7
2024-07-19 07:00:00,KL-KKD-07,Kozhikode,Coastal/Hills,11.2588,75.7804,17.1,28.0,83.4,98.0,21.8
2024-07-19 08:00:00,KL-KKD-07,Kozhikode,Coastal/Hills,11.2588,75.7804,19.9,28.4,87.3,98.0,22.4
2024-07-19 09:00:00,KL-KKD-07,Kozhikode,Coastal/Hills,11.2588,75.7804,44.6,25.3,99.0,98.0,32.6
2024-07-19 10:00:00,KL-KKD-07,Kozhikode,Coastal/Hills,11.2588,75.7804,46.8,25.0,99.0,98.0,34.0
2024-07-19 11:00:00,KL-KKD-07,Kozhikode,Coastal/Hills,11.2588,75.7804,30.8,27.0,94.0,98.0,29.8
2024-07-19 12:00:00,KL-KKD-07,Kozhikode,Coastal/Hills,11.2588,75.7804,44.5,24.6,99.0,98.0,33.1
2024-07-19 13:00:00,KL-KKD-07,Kozhikode,Coastal/Hills,11.2588,75.7804,32.9,26.6,99.0,98.0,31.6
2024-07-19 14:00:00,KL-KKD-07,Kozhikode,Coastal/Hills,11.2588,75.7804,23.9,28.9,88.2,98.0,24.9
2024-07-19 15:00:00,KL-KKD-07,Kozhikode,Coastal/Hills,11.2588,75.7804,13.8,28.5,83.7,98.0,17.6
2024-07-19 16:00:00,KL-KKD-07,Kozhikode,Coastal/Hills,11.2588,75.7804,18.9,28.1,89.1,98.0,22.1
2024-07-19 17:00:00,KL-KKD-07,Kozhikode,Coastal/Hills,11.2588,75.7804,14.6,28.2,86.6,98.0,22.2
2024-07-19 18:00:00,KL-KKD-07,Kozhikode,Coastal/Hills,11.2588,75.7804,0.0,30.1,73.9,97.8,14.1
2024-07-19 19:00:00,KL-KKD-07,Kozhikode,Coastal/Hills,11.2588,75.7804,0.0,29.7,71.6,97.5,13.8
2024-07-19 20:00:00,KL-KKD-07,Kozhikode,Coastal/Hills,11.2588,75.7804,54.7,21.0,99.0,98.0,41.8
2024-07-19 21:00:00,KL-KKD-07,Kozhikode,Coastal/Hills,11.2588,75.7804,35.4,22.9,99.0,98.0,33.5
2024-07-19 22:00:00,KL-KKD-07,Kozhikode,Coastal/Hills,11.2588,75.7804,46.6,21.1,99.0,98.0,33.9
2024-07-19 23:00:00,KL-KKD-07,Kozhikode,Coastal/Hills,11.2588,75.7804,32.8,22.4,98.0,98.0,29.8
2024-07-20 00:00:00,KL-KKD-07,Kozhikode,Coastal/Hills,11.2588,75.7804,25.7,24.4,94.9,98.0,26.6
2024-07-20 01:00:00,KL-KKD-07,Kozhikode,Coastal/Hills,11.2588,75.7804,60.6,19.7,99.0,98.0,44.6
2024-07-20 02:00:00,KL-KKD-07,Kozhikode,Coastal/Hills,11.2588,75.7804,64.7,18.3,99.0,98.0,45.4
2024-07-20 03:00:00,KL-KKD-07,Kozhikode,Coastal/Hills,11.2588,75.7804,48.6,21.1,99.0,98.0,38.2
2024-07-20 04:00:00,KL-KKD-07,Kozhikode,Coastal/Hills,11.2588,75.7804,49.0,21.4,99.0,98.0,39.2
2024-07-20 05:00:00,KL-KKD-07,Kozhikode,Coastal/Hills,11.2588,75.7804,51.1,21.5,99.0,98.0,41.0
2024-07-20 06:00:00,KL-KKD-07,Kozhikode,Coastal/Hills,11.2588,75.7804,29.0,25.6,96.2,98.0,28.0
2024-07-20 07:00:00,KL-KKD-07,Kozhikode,Coastal/Hills,11.2588,75.7804,0.0,31.0,72.2,97.8,10.8
2024-07-20 08:00:00,KL-KKD-07,Kozhikode,Coastal/Hills,11.2588,75.7804,59.7,21.8,99.0,98.0,42.3
2024-07-20 09:00:00,KL-KKD-07,Kozhikode,Coastal/Hills,11.2588,75.7804,53.2,22.9,99.0,98.0,37.2
2024-07-20 10:00:00,KL-KKD-07,Kozhikode,Coastal/Hills,11.2588,75.7804,0.0,31.7,73.6,97.8,15.9
2024-07-20 11:00:00,KL-KKD-07,Kozhikode,Coastal/Hills,11.2588,75.7804,0.0,32.3,70.4,97.5,15.4
2024-07-20 12:00:00,KL-KKD-07,Kozhikode,Coastal/Hills,11.2588,75.7804,52.3,24.6,99.0,98.0,36.5
2024-07-20 13:00:00,KL-KKD-07,Kozhikode,Coastal/Hills,11.2588,75.7804,12.7,30.6,79.6,98.0,20.9
2024-07-20 14:00:00,KL-KKD-07,Kozhikode,Coastal/Hills,11.2588,75.7804,47.4,25.3,99.0,98.0,37.9
2024-07-20 15:00:00,KL-KKD-07,Kozhikode,Coastal/Hills,11.2588,75.7804,53.1,23.6,99.0,98.0,38.1
2024-07-20 16:00:00,KL-KKD-07,Kozhikode,Coastal/Hills,11.2588,75.7804,19.6,27.6,85.7,98.0,24.7
2024-07-20 17:00:00,KL-KKD-07,Kozhikode,Coastal/Hills,11.2588,75.7804,0.0,30.0,72.5,97.8,13.8
2024-07-20 18:00:00,KL-KKD-07,Kozhikode,Coastal/Hills,11.2588,75.7804,0.0,29.5,73.9,97.5,15.4
2024-07-20 19:00:00,KL-KKD-07,Kozhikode,Coastal/Hills,11.2588,75.7804,22.9,26.1,87.8,98.0,22.6
2024-07-20 20:00:00,KL-KKD-07,Kozhikode,Coastal/Hills,11.2588,75.7804,0.0,29.7,72.9,97.8,13.0
2024-07-20 21:00:00,KL-KKD-07,Kozhikode,Coastal/Hills,11.2588,75.7804,0.0,28.7,71.8,97.5,12.1
2024-07-20 22:00:00,KL-KKD-07,Kozhikode,Coastal/Hills,11.2588,75.7804,0.0,28.4,69.8,97.2,10.4
2024-07-20 23:00:00,KL-KKD-07,Kozhikode,Coastal/Hills,11.2588,75.7804,18.7,24.6,84.4,98.0,24.0
2024-07-21 00:00:00,KL-KKD-07,Kozhikode,Coastal/Hills,11.2588,75.7804,9.1,26.2,79.9,98.0,16.5
2024-07-21 01:00:00,KL-KKD-07,Kozhikode,Coastal/Hills,11.2588,75.7804,36.2,23.3,99.0,98.0,32.3
2024-07-21 02:00:00,KL-KKD-07,Kozhikode,Coastal/Hills,11.2588,75.7804,32.6,24.1,95.5,98.0,29.8
2024-07-21 03:00:00,KL-KKD-07,Kozhikode,Coastal/Hills,11.2588,75.7804,0.0,29.3,72.0,97.8,12.4
2024-07-21 04:00:00,KL-KKD-07,Kozhikode,Coastal/Hills,11.2588,75.7804,24.8,24.7,91.7,98.0,27.9
2024-07-21 05:00:00,KL-KKD-07,Kozhikode,Coastal/Hills,11.2588,75.7804,4.9,28.5,74.5,98.0,14.5
2024-07-21 06:00:00,KL-KKD-07,Kozhikode,Coastal/Hills,11.2588,75.7804,0.0,29.4,72.3,97.8,14.4
2024-07-21 07:00:00,KL-KKD-07,Kozhikode,Coastal/Hills,11.2588,75.7804,0.0,30.8,74.3,97.5,11.4
2024-07-21 08:00:00,KL-KKD-07,Kozhikode,Coastal/Hills,11.2588,75.7804,27.2,27.6,95.0,98.0,28.2
2024-07-21 09:00:00,KL-KKD-07,Kozhikode,Coastal/Hills,11.2588,75.7804,26.9,28.1,94.1,98.0,27.1
2024-07-21 10:00:00,KL-KKD-07,Kozhikode,Coastal/Hills,11.2588,75.7804,15.9,30.1,83.3,98.0,18.2
2024-07-21 11:00:00,KL-KKD-07,Kozhikode,Coastal/Hills,11.2588,75.7804,14.3,30.0,83.0,98.0,19.0
2024-07-21 12:00:00,KL-KKD-07,Kozhikode,Coastal/Hills,11.2588,75.7804,0.0,32.8,69.1,97.8,10.3
2024-07-21 13:00:00,KL-KKD-07,Kozhikode,Coastal/Hills,11.2588,75.7804,0.0,32.4,72.2,97.5,15.2
2024-07-21 14:00:00,KL-KKD-07,Kozhikode,Coastal/Hills,11.2588,75.7804,0.0,32.1,72.3,97.2,10.3
2024-07-21 15:00:00,KL-KKD-07,Kozhikode,Coastal/Hills,11.2588,75.7804,0.0,31.7,71.6,97.0,12.6
2024-07-21 16:00:00,KL-KKD-07,Kozhikode,Coastal/Hills,11.2588,75.7804,10.4,30.1,83.2,98.0,17.4
2024-07-21 17:00:00,KL-KKD-07,Kozhikode,Coastal/Hills,11.2588,75.7804,10.0,28.3,78.4,98.0,18.5
2024-07-21 18:00:00,KL-KKD-07,Kozhikode,Coastal/Hills,11.2588,75.7804,14.8,28.4,85.6,98.0,20.8
2024-07-21 19:00:00,KL-KKD-07,Kozhikode,Coastal/Hills,11.2588,75.7804,0.0,28.7,73.3,97.8,14.9
2024-07-21 20:00:00,KL-KKD-07,Kozhikode,Coastal/Hills,11.2588,75.7804,4.2,27.9,72.6,98.0,14.2
2024-07-21 21:00:00,KL-KKD-07,Kozhikode,Coastal/Hills,11.2588,75.7804,0.0,28.2,70.8,97.8,13.6
2024-07-21 22:00:00,KL-KKD-07,Kozhikode,Coastal/Hills,11.2588,75.7804,0.0,27.7,69.5,97.5,11.5
2024-07-21 23:00:00,KL-KKD-07,Kozhikode,Coastal/Hills,11.2588,75.7804,0.0,28.1,73.4,97.2,12.1
2024-07-22 00:00:00,KL-KKD-07,Kozhikode,Coastal/Hills,11.2588,75.7804,0.0,27.6,73.3,97.0,15.6
2024-07-22 01:00:00,KL-KKD-07,Kozhikode,Coastal/Hills,11.2588,75.7804,0.0,27.7,72.9,96.8,13.2
2024-07-22 02:00:00,KL-KKD-07,Kozhikode,Coastal/Hills,11.2588,75.7804,11.0,26.6,78.1,98.0,20.9
2024-07-22 03:00:00,KL-KKD-07,Kozhikode,Coastal/Hills,11.2588,75.7804,0.0,28.8,70.7,97.8,11.2
2024-07-22 04:00:00,KL-KKD-07,Kozhikode,Coastal/Hills,11.2588,75.7804,14.1,26.5,84.7,98.0,18.3
2024-07-22 05:00:00,KL-KKD-07,Kozhikode,Coastal/Hills,11.2588,75.7804,0.0,30.0,69.9,97.8,15.9
2024-07-22 06:00:00,KL-KKD-07,Kozhikode,Coastal/Hills,11.2588,75.7804,0.0,30.2,71.7,97.5,10.7
2024-07-22 07:00:00,KL-KKD-07,Kozhikode,Coastal/Hills,11.2588,75.7804,0.0,29.8,70.7,97.2,12.3
2024-07-22 08:00:00,KL-KKD-07,Kozhikode,Coastal/Hills,11.2588,75.7804,0.0,30.3,70.7,97.0,13.7
2024-07-22 09:00:00,KL-KKD-07,Kozhikode,Coastal/Hills,11.2588,75.7804,0.0,32.0,71.3,96.8,10.3
2024-07-22 10:00:00,KL-KKD-07,Kozhikode,Coastal/Hills,11.2588,75.7804,3.8,31.1,72.4,98.0,13.7
2024-07-22 11:00:00,KL-KKD-07,Kozhikode,Coastal/Hills,11.2588,75.7804,0.0,31.7,69.2,97.8,13.7
2024-07-22 12:00:00,KL-KKD-07,Kozhikode,Coastal/Hills,11.2588,75.7804,0.0,32.7,74.4,97.5,14.9
2024-07-22 13:00:00,KL-KKD-07,Kozhikode,Coastal/Hills,11.2588,75.7804,0.0,32.3,71.0,97.2,15.0
2024-07-22 14:00:00,KL-KKD-07,Kozhikode,Coastal/Hills,11.2588,75.7804,0.0,31.6,73.4,97.0,14.4
2024-07-22 15:00:00,KL-KKD-07,Kozhikode,Coastal/Hills,11.2588,75.7804,2.8,30.8,75.6,98.0,15.5
2024-07-22 16:00:00,KL-KKD-07,Kozhikode,Coastal/Hills,11.2588,75.7804,0.0,31.7,71.8,97.7,13.4
2024-07-22 17:00:00,KL-KKD-07,Kozhikode,Coastal/Hills,11.2588,75.7804,0.0,30.5,70.0,97.5,12.3
2024-07-22 18:00:00,KL-KKD-07,Kozhikode,Coastal/Hills,11.2588,75.7804,0.0,30.7,69.8,97.2,10.1
2024-07-22 19:00:00,KL-KKD-07,Kozhikode,Coastal/Hills,11.2588,75.7804,0.0,30.2,69.5,97.0,11.5
2024-07-22 20:00:00,KL-KKD-07,Kozhikode,Coastal/Hills,11.2588,75.7804,0.0,28.7,71.4,96.7,13.7
2024-07-22 21:00:00,KL-KKD-07,Kozhikode,Coastal/Hills,11.2588,75.7804,0.0,28.8,73.7,96.5,14.9
2024-07-22 22:00:00,KL-KKD-07,Kozhikode,Coastal/Hills,11.2588,75.7804,0.0,27.7,72.4,96.2,11.9
2024-07-22 23:00:00,KL-KKD-07,Kozhikode,Coastal/Hills,11.2588,75.7804,3.6,27.5,74.5,97.5,14.6
2024-07-23 00:00:00,KL-KKD-07,Kozhikode,Coastal/Hills,11.2588,75.7804,0.0,28.0,74.1,97.2,11.3
2024-07-23 01:00:00,KL-KKD-07,Kozhikode,Coastal/Hills,11.2588,75.7804,12.1,25.9,82.3,98.0,17.9
2024-07-23 02:00:00,KL-KKD-07,Kozhikode,Coastal/Hills,11.2588,75.7804,3.6,28.2,73.5,98.0,17.0
2024-07-23 03:00:00,KL-KKD-07,Kozhikode,Coastal/Hills,11.2588,75.7804,8.8,26.7,79.7,98.0,14.7
2024-07-23 04:00:00,KL-KKD-07,Kozhikode,Coastal/Hills,11.2588,75.7804,2.1,29.0,75.8,98.0,14.5
2024-07-23 05:00:00,KL-KKD-07,Kozhikode,Coastal/Hills,11.2588,75.7804,10.0,27.3,81.3,98.0,16.6
2024-07-23 06:00:00,KL-KKD-07,Kozhikode,Coastal/Hills,11.2588,75.7804,9.6,29.1,78.8,98.0,19.1
2024-07-23 07:00:00,KL-KKD-07,Kozhikode,Coastal/Hills,11.2588,75.7804,0.0,30.3,69.5,97.8,12.7
2024-07-23 08:00:00,KL-KKD-07,Kozhikode,Coastal/Hills,11.2588,75.7804,0.0,30.6,71.0,97.5,12.2
2024-07-23 09:00:00,KL-KKD-07,Kozhikode,Coastal/Hills,11.2588,75.7804,0.0,31.3,72.9,97.2,15.3
2024-07-23 10:00:00,KL-KKD-07,Kozhikode,Coastal/Hills,11.2588,75.7804,5.8,31.3,75.6,98.0,15.3
2024-07-23 11:00:00,KL-KKD-07,Kozhikode,Coastal/Hills,11.2588,75.7804,0.0,31.9,74.8,97.8,13.7
2024-07-23 12:00:00,KL-KKD-07,Kozhikode,Coastal/Hills,11.2588,75.7804,2.4,32.3,76.4,98.0,11.4
2024-07-23 13:00:00,KL-KKD-07,Kozhikode,Coastal/Hills,11.2588,75.7804,0.0,32.4,72.1,97.8,14.7
2024-07-23 14:00:00,KL-KKD-07,Kozhikode,Coastal/Hills,11.2588,75.7804,0.0,31.9,71.1,97.5,11.3
2024-07-23 15:00:00,KL-KKD-07,Kozhikode,Coastal/Hills,11.2588,75.7804,0.0,30.7,73.4,97.2,12.3
2024-07-23 16:00:00,KL-KKD-07,Kozhikode,Coastal/Hills,11.2588,75.7804,0.0,30.3,69.5,97.0,15.6
2024-07-23 17:00:00,KL-KKD-07,Kozhikode,Coastal/Hills,11.2588,75.7804,9.5,29.2,79.9,98.0,17.3
2024-07-23 18:00:00,KL-KKD-07,Kozhikode,Coastal/Hills,11.2588,75.7804,0.0,30.6,72.2,97.8,10.3
2024-07-23 19:00:00,KL-KKD-07,Kozhikode,Coastal/Hills,11.2588,75.7804,0.0,29.5,71.6,97.5,11.6
2024-07-23 20:00:00,KL-KKD-07,Kozhikode,Coastal/Hills,11.2588,75.7804,0.0,28.7,70.5,97.2,11.5
2024-07-23 21:00:00,KL-KKD-07,Kozhikode,Coastal/Hills,11.2588,75.7804,0.0,28.4,71.7,97.0,14.5
2024-07-23 22:00:00,KL-KKD-07,Kozhikode,Coastal/Hills,11.2588,75.7804,6.7,27.6,79.6,98.0,15.5
2024-07-23 23:00:00,KL-KKD-07,Kozhikode,Coastal/Hills,11.2588,75.7804,11.9,26.9,82.4,98.0,19.6
2024-07-24 00:00:00,KL-KKD-07,Kozhikode,Coastal/Hills,11.2588,75.7804,0.0,27.9,72.4,97.8,15.0
2024-07-24 01:00:00,KL-KKD-07,Kozhikode,Coastal/Hills,11.2588,75.7804,13.5,26.5,82.2,98.0,20.3
2024-07-24 02:00:00,KL-KKD-07,Kozhikode,Coastal/Hills,11.2588,75.7804,8.4,26.7,77.6,98.0,14.7
2024-07-24 03:00:00,KL-KKD-07,Kozhikode,Coastal/Hills,11.2588,75.7804,0.0,29.4,72.5,97.8,13.8
2024-07-24 04:00:00,KL-KKD-07,Kozhikode,Coastal/Hills,11.2588,75.7804,0.0,29.6,74.3,97.5,10.1
2024-07-24 05:00:00,KL-KKD-07,Kozhikode,Coastal/Hills,11.2588,75.7804,9.6,28.1,82.3,98.0,19.3
2024-07-24 06:00:00,KL-KKD-07,Kozhikode,Coastal/Hills,11.2588,75.7804,4.4,29.2,76.7,98.0,18.1
2024-07-24 07:00:00,KL-KKD-07,Kozhikode,Coastal/Hills,11.2588,75.7804,26.3,27.2,95.5,98.0,25.3
2024-07-24 08:00:00,KL-KKD-07,Kozhikode,Coastal/Hills,11.2588,75.7804,19.1,28.5,85.0,98.0,24.9
2024-07-24 09:00:00,KL-KKD-07,Kozhikode,Coastal/Hills,11.2588,75.7804,0.0,31.6,72.7,97.8,16.0
2024-07-24 10:00:00,KL-KKD-07,Kozhikode,Coastal/Hills,11.2588,75.7804,26.5,27.5,92.9,98.0,25.7
2024-07-24 11:00:00,KL-KKD-07,Kozhikode,Coastal/Hills,11.2588,75.7804,30.8,27.0,96.5,98.0,26.2
2024-07-24 12:00:00,KL-KKD-07,Kozhikode,Coastal/Hills,11.2588,75.7804,30.0,28.2,98.6,98.0,25.5
2024-07-24 13:00:00,KL-KKD-07,Kozhikode,Coastal/Hills,11.2588,75.7804,0.0,32.1,71.2,97.8,13.9
2024-07-24 14:00:00,KL-KKD-07,Kozhikode,Coastal/Hills,11.2588,75.7804,21.1,28.6,89.4,98.0,26.2
2024-07-24 15:00:00,KL-KKD-07,Kozhikode,Coastal/Hills,11.2588,75.7804,16.7,28.7,85.7,98.0,23.7
2024-07-24 16:00:00,KL-KKD-07,Kozhikode,Coastal/Hills,11.2588,75.7804,0.0,31.6,71.6,97.8,11.9
2024-07-24 17:00:00,KL-KKD-07,Kozhikode,Coastal/Hills,11.2588,75.7804,13.4,27.9,84.6,98.0,21.1
2024-07-24 18:00:00,KL-KKD-07,Kozhikode,Coastal/Hills,11.2588,75.7804,0.0,29.5,72.1,97.8,21.5
2024-07-24 19:00:00,KL-KKD-07,Kozhikode,Coastal/Hills,11.2588,75.7804,0.0,28.8,70.7,97.5,18.7
2024-07-24 20:00:00,KL-KKD-07,Kozhikode,Coastal/Hills,11.2588,75.7804,27.6,25.5,92.8,98.0,37.3
2024-07-24 21:00:00,KL-KKD-07,Kozhikode,Coastal/Hills,11.2588,75.7804,0.0,29.0,74.5,97.8,22.0
2024-07-24 22:00:00,KL-KKD-07,Kozhikode,Coastal/Hills,11.2588,75.7804,18.0,26.1,87.9,98.0,27.2
2024-07-24 23:00:00,KL-KKD-07,Kozhikode,Coastal/Hills,11.2588,75.7804,0.0,28.8,72.2,97.8,22.8
2024-07-25 00:00:00,KL-KKD-07,Kozhikode,Coastal/Hills,11.2588,75.7804,54.3,19.1,99.0,98.0,50.8
2024-07-25 01:00:00,KL-KKD-07,Kozhikode,Coastal/Hills,11.2588,75.7804,50.6,21.0,99.0,98.0,44.0
2024-07-25 02:00:00,KL-KKD-07,Kozhikode,Coastal/Hills,11.2588,75.7804,0.0,28.8,71.7,97.8,20.6
2024-07-25 03:00:00,KL-KKD-07,Kozhikode,Coastal/Hills,11.2588,75.7804,62.4,19.6,99.0,98.0,51.3
2024-07-25 04:00:00,KL-KKD-07,Kozhikode,Coastal/Hills,11.2588,75.7804,60.0,19.7,99.0,98.0,49.7
2024-07-25 05:00:00,KL-KKD-07,Kozhikode,Coastal/Hills,11.2588,75.7804,43.3,23.3,99.0,98.0,45.2
2024-07-25 06:00:00,KL-KKD-07,Kozhikode,Coastal/Hills,11.2588,75.7804,73.2,18.7,99.0,98.0,58.6
2024-07-25 07:00:00,KL-KKD-07,Kozhikode,Coastal/Hills,11.2588,75.7804,0.0,29.8,72.8,97.8,18.0
2024-07-25 08:00:00,KL-KKD-07,Kozhikode,Coastal/Hills,11.2588,75.7804,37.4,25.7,99.0,98.0,37.6
2024-07-25 09:00:00,KL-KKD-07,Kozhikode,Coastal/Hills,11.2588,75.7804,0.0,31.8,70.7,97.8,19.2
2024-07-25 10:00:00,KL-KKD-07,Kozhikode,Coastal/Hills,11.2588,75.7804,0.0,32.5,74.1,97.5,22.5
2024-07-25 11:00:00,KL-KKD-07,Kozhikode,Coastal/Hills,11.2588,75.7804,16.3,29.0,83.1,98.0,28.7
2024-07-25 12:00:00,KL-KKD-07,Kozhikode,Coastal/Hills,11.2588,75.7804,41.3,26.0,99.0,98.0,42.6
2024-07-25 13:00:00,KL-KKD-07,Kozhikode,Coastal/Hills,11.2588,75.7804,35.7,26.2,99.0,98.0,40.6
2024-07-25 14:00:00,KL-KKD-07,Kozhikode,Coastal/Hills,11.2588,75.7804,41.0,24.9,99.0,98.0,43.8
2024-07-25 15:00:00,KL-KKD-07,Kozhikode,Coastal/Hills,11.2588,75.7804,35.8,25.8,99.0,98.0,36.6
2024-07-25 16:00:00,KL-KKD-07,Kozhikode,Coastal/Hills,11.2588,75.7804,84.9,18.6,99.0,98.0,63.4
2024-07-25 17:00:00,KL-KKD-07,Kozhikode,Coastal/Hills,11.2588,75.7804,0.0,30.5,71.5,97.8,19.4
2024-07-25 18:00:00,KL-KKD-07,Kozhikode,Coastal/Hills,11.2588,75.7804,56.3,22.0,99.0,98.0,50.8
2024-07-25 19:00:00,KL-KKD-07,Kozhikode,Coastal/Hills,11.2588,75.7804,40.2,23.4,99.0,98.0,43.6
2024-07-25 20:00:00,KL-KKD-07,Kozhikode,Coastal/Hills,11.2588,75.7804,76.7,18.0,99.0,98.0,58.8
2024-07-25 21:00:00,KL-KKD-07,Kozhikode,Coastal/Hills,11.2588,75.7804,27.4,24.7,96.6,98.0,35.4
2024-07-25 22:00:00,KL-KKD-07,Kozhikode,Coastal/Hills,11.2588,75.7804,113.2,18.0,99.0,98.0,78.8
2024-07-25 23:00:00,KL-KKD-07,Kozhikode,Coastal/Hills,11.2588,75.7804,0.0,28.5,72.3,97.8,21.9
2024-07-26 00:00:00,KL-KKD-07,Kozhikode,Coastal/Hills,11.2588,75.7804,45.1,20.7,99.0,98.0,45.7
2024-07-26 01:00:00,KL-KKD-07,Kozhikode,Coastal/Hills,11.2588,75.7804,84.2,18.0,99.0,98.0,64.5
2024-07-26 02:00:00,KL-KKD-07,Kozhikode,Coastal/Hills,11.2588,75.7804,0.0,27.5,69.1,97.8,23.6
2024-07-26 03:00:00,KL-KKD-07,Kozhikode,Coastal/Hills,11.2588,75.7804,47.9,20.9,99.0,98.0,43.3
2024-07-26 04:00:00,KL-KKD-07,Kozhikode,Coastal/Hills,11.2588,75.7804,34.4,23.2,99.0,98.0,39.1
2024-07-26 05:00:00,KL-KKD-07,Kozhikode,Coastal/Hills,11.2588,75.7804,77.2,18.0,99.0,98.0,60.9
2024-07-26 06:00:00,KL-KKD-07,Kozhikode,Coastal/Hills,11.2588,75.7804,98.2,18.0,99.0,98.0,71.5
2024-07-26 07:00:00,KL-KKD-07,Kozhikode,Coastal/Hills,11.2588,75.7804,0.0,30.0,72.6,97.8,19.9
2024-07-26 08:00:00,KL-KKD-07,Kozhikode,Coastal/Hills,11.2588,75.7804,88.6,18.0,99.0,98.0,66.2
2024-07-26 09:00:00,KL-KKD-07,Kozhikode,Coastal/Hills,11.2588,75.7804,90.2,18.0,99.0,98.0,68.5
2024-07-26 10:00:00,KL-KKD-07,Kozhikode,Coastal/Hills,11.2588,75.7804,71.7,20.8,99.0,98.0,57.1
2024-07-26 11:00:00,KL-KKD-07,Kozhikode,Coastal/Hills,11.2588,75.7804,29.6,27.3,94.1,98.0,35.0
2024-07-26 12:00:00,KL-KKD-07,Kozhikode,Coastal/Hills,11.2588,75.7804,62.1,23.2,99.0,98.0,49.6
2024-07-26 13:00:00,KL-KKD-07,Kozhikode,Coastal/Hills,11.2588,75.7804,78.0,19.8,99.0,98.0,60.7
2024-07-26 14:00:00,KL-KKD-07,Kozhikode,Coastal/Hills,11.2588,75.7804,65.5,21.5,99.0,98.0,52.3
2024-07-26 15:00:00,KL-KKD-07,Kozhikode,Coastal/Hills,11.2588,75.7804,35.5,25.8,99.0,98.0,38.2
2024-07-26 16:00:00,KL-KKD-07,Kozhikode,Coastal/Hills,11.2588,75.7804,60.0,22.5,99.0,98.0,49.9
2024-07-26 17:00:00,KL-KKD-07,Kozhikode,Coastal/Hills,11.2588,75.7804,32.6,25.7,99.0,98.0,40.3
2024-07-26 18:00:00,KL-KKD-07,Kozhikode,Coastal/Hills,11.2588,75.7804,16.9,27.3,87.1,98.0,27.4
2024-07-26 19:00:00,KL-KKD-07,Kozhikode,Coastal/Hills,11.2588,75.7804,0.0,28.9,71.6,97.8,23.8
2024-07-26 20:00:00,KL-KKD-07,Kozhikode,Coastal/Hills,11.2588,75.7804,36.3,24.0,99.0,98.0,40.6
2024-07-26 21:00:00,KL-KKD-07,Kozhikode,Coastal/Hills,11.2588,75.7804,33.6,23.4,97.6,98.0,40.3
2024-07-26 22:00:00,KL-KKD-07,Kozhikode,Coastal/Hills,11.2588,75.7804,0.0,28.3,72.7,97.8,20.2
2024-07-26 23:00:00,KL-KKD-07,Kozhikode,Coastal/Hills,11.2588,75.7804,0.0,27.5,72.1,97.5,19.2
2024-07-27 00:00:00,KL-KKD-07,Kozhikode,Coastal/Hills,11.2588,75.7804,0.0,28.3,72.1,97.2,19.5
2024-07-27 01:00:00,KL-KKD-07,Kozhikode,Coastal/Hills,11.2588,75.7804,57.8,20.1,99.0,98.0,52.0
2024-07-27 02:00:00,KL-KKD-07,Kozhikode,Coastal/Hills,11.2588,75.7804,34.4,23.6,96.6,98.0,37.7
2024-07-27 03:00:00,KL-KKD-07,Kozhikode,Coastal/Hills,11.2588,75.7804,10.4,27.8,79.2,98.0,24.3
2024-07-27 04:00:00,KL-KKD-07,Kozhikode,Coastal/Hills,11.2588,75.7804,0.0,29.1,71.0,97.8,18.4
2024-07-27 05:00:00,KL-KKD-07,Kozhikode,Coastal/Hills,11.2588,75.7804,13.6,27.2,83.2,98.0,26.2
2024-07-27 06:00:00,KL-KKD-07,Kozhikode,Coastal/Hills,11.2588,75.7804,0.0,30.7,70.6,97.8,22.9
2024-07-27 07:00:00,KL-KKD-07,Kozhikode,Coastal/Hills,11.2588,75.7804,0.0,30.7,70.8,97.5,13.7
2024-07-27 08:00:00,KL-KKD-07,Kozhikode,Coastal/Hills,11.2588,75.7804,15.8,28.7,85.6,98.0,18.4
2024-07-27 09:00:00,KL-KKD-07,Kozhikode,Coastal/Hills,11.2588,75.7804,33.2,26.1,97.1,98.0,27.2
2024-07-27 10:00:00,KL-KKD-07,Kozhikode,Coastal/Hills,11.2588,75.7804,0.0,31.9,73.6,97.8,12.0
2024-07-27 11:00:00,KL-KKD-07,Kozhikode,Coastal/Hills,11.2588,75.7804,0.0,32.1,70.7,97.5,14.8
2024-07-27 12:00:00,KL-KKD-07,Kozhikode,Coastal/Hills,11.2588,75.7804,0.0,32.3,71.8,97.2,11.0
2024-07-27 13:00:00,KL-KKD-07,Kozhikode,Coastal/Hills,11.2588,75.7804,0.0,32.7,69.5,97.0,14.8
2024-07-27 14:00:00,KL-KKD-07,Kozhikode,Coastal/Hills,11.2588,75.7804,9.2,31.0,78.3,98.0,20.0
2024-07-27 15:00:00,KL-KKD-07,Kozhikode,Coastal/Hills,11.2588,75.7804,18.8,28.5,88.0,98.0,21.4
2024-07-27 16:00:00,KL-KKD-07,Kozhikode,Coastal/Hills,11.2588,75.7804,0.0,30.4,72.4,97.8,12.3
2024-07-27 17:00:00,KL-KKD-07,Kozhikode,Coastal/Hills,11.2588,75.7804,16.1,27.8,85.0,98.0,21.2
2024-07-27 18:00:00,KL-KKD-07,Kozhikode,Coastal/Hills,11.2588,75.7804,0.0,30.5,74.7,97.8,15.7
2024-07-27 19:00:00,KL-KKD-07,Kozhikode,Coastal/Hills,11.2588,75.7804,0.0,29.8,74.0,97.5,13.4
2024-07-27 20:00:00,KL-KKD-07,Kozhikode,Coastal/Hills,11.2588,75.7804,0.0,29.5,73.1,97.2,13.3
2024-07-27 21:00:00,KL-KKD-07,Kozhikode,Coastal/Hills,11.2588,75.7804,0.0,28.3,69.2,97.0,12.2
2024-07-27 22:00:00,KL-KKD-07,Kozhikode,Coastal/Hills,11.2588,75.7804,0.0,28.5,73.4,96.8,11.3
2024-07-27 23:00:00,KL-KKD-07,Kozhikode,Coastal/Hills,11.2588,75.7804,0.0,28.9,74.6,96.5,12.3
2024-07-28 00:00:00,KL-KKD-07,Kozhikode,Coastal/Hills,11.2588,75.7804,16.9,24.7,85.2,98.0,21.6
2024-07-28 01:00:00,KL-KKD-07,Kozhikode,Coastal/Hills,11.2588,75.7804,8.3,26.2,77.9,98.0,15.7
2024-07-28 02:00:00,KL-KKD-07,Kozhikode,Coastal/Hills,11.2588,75.7804,0.0,28.4,69.2,97.8,11.6
2024-07-28 03:00:00,KL-KKD-07,Kozhikode,Coastal/Hills,11.2588,75.7804,0.0,27.9,73.2,97.5,11.5
2024-07-28 04:00:00,KL-KKD-07,Kozhikode,Coastal/Hills,11.2588,75.7804,0.0,29.8,73.9,97.2,15.2
2024-07-28 05:00:00,KL-KKD-07,Kozhikode,Coastal/Hills,11.2588,75.7804,0.0,30.3,72.8,97.0,12.9
2024-07-28 06:00:00,KL-KKD-07,Kozhikode,Coastal/Hills,11.2588,75.7804,0.0,30.6,73.5,96.8,14.8
2024-07-28 07:00:00,KL-KKD-07,Kozhikode,Coastal/Hills,11.2588,75.7804,2.5,30.8,71.9,97.6,15.7
2024-07-28 08:00:00,KL-KKD-07,Kozhikode,Coastal/Hills,11.2588,75.7804,0.0,30.4,71.5,97.4,15.1
2024-07-28 09:00:00,KL-KKD-07,Kozhikode,Coastal/Hills,11.2588,75.7804,10.9,29.1,78.3,98.0,18.7
2024-07-28 10:00:00,KL-KKD-07,Kozhikode,Coastal/Hills,11.2588,75.7804,0.0,31.2,72.7,97.8,10.1
2024-07-28 11:00:00,KL-KKD-07,Kozhikode,Coastal/Hills,11.2588,75.7804,0.0,32.5,70.9,97.5,14.3
2024-07-28 12:00:00,KL-KKD-07,Kozhikode,Coastal/Hills,11.2588,75.7804,0.0,32.1,74.7,97.2,13.1
2024-07-28 13:00:00,KL-KKD-07,Kozhikode,Coastal/Hills,11.2588,75.7804,0.0,31.8,74.0,97.0,14.0
2024-07-28 14:00:00,KL-KKD-07,Kozhikode,Coastal/Hills,11.2588,75.7804,12.0,29.9,83.0,98.0,16.5
2024-07-28 15:00:00,KL-KKD-07,Kozhikode,Coastal/Hills,11.2588,75.7804,0.0,31.1,70.2,97.8,13.0
2024-07-28 16:00:00,KL-KKD-07,Kozhikode,Coastal/Hills,11.2588,75.7804,10.7,29.9,77.6,98.0,17.0
2024-07-28 17:00:00,KL-KKD-07,Kozhikode,Coastal/Hills,11.2588,75.7804,5.7,29.8,77.7,98.0,16.2
2024-07-28 18:00:00,KL-KKD-07,Kozhikode,Coastal/Hills,11.2588,75.7804,0.0,29.4,69.5,97.8,14.4
2024-07-28 19:00:00,KL-KKD-07,Kozhikode,Coastal/Hills,11.2588,75.7804,8.5,29.0,80.4,98.0,19.0
2024-07-28 20:00:00,KL-KKD-07,Kozhikode,Coastal/Hills,11.2588,75.7804,5.9,27.4,78.1,98.0,14.4
2024-07-28 21:00:00,KL-KKD-07,Kozhikode,Coastal/Hills,11.2588,75.7804,0.0,28.8,74.4,97.8,11.1
2024-07-28 22:00:00,KL-KKD-07,Kozhikode,Coastal/Hills,11.2588,75.7804,0.0,27.7,69.3,97.5,14.2
2024-07-28 23:00:00,KL-KKD-07,Kozhikode,Coastal/Hills,11.2588,75.7804,3.1,27.3,72.8,98.0,12.7
2024-07-15 00:00:00,KL-TSR-08,Thrissur,Midland/Wetland,10.5276,76.2144,5.5,27.5,75.0,60.8,15.7
2024-07-15 01:00:00,KL-TSR-08,Thrissur,Midland/Wetland,10.5276,76.2144,0.0,27.8,72.9,60.5,12.7
2024-07-15 02:00:00,KL-TSR-08,Thrissur,Midland/Wetland,10.5276,76.2144,0.0,28.8,69.2,60.3,15.0
2024-07-15 03:00:00,KL-TSR-08,Thrissur,Midland/Wetland,10.5276,76.2144,0.0,28.6,70.3,60.0,14.2
2024-07-15 04:00:00,KL-TSR-08,Thrissur,Midland/Wetland,10.5276,76.2144,12.0,27.7,79.8,64.2,20.2
2024-07-15 05:00:00,KL-TSR-08,Thrissur,Midland/Wetland,10.5276,76.2144,0.0,30.0,73.8,64.0,10.5
2024-07-15 06:00:00,KL-TSR-08,Thrissur,Midland/Wetland,10.5276,76.2144,0.0,29.6,71.8,63.7,10.2
2024-07-15 07:00:00,KL-TSR-08,Thrissur,Midland/Wetland,10.5276,76.2144,10.1,28.5,77.9,67.2,18.6
2024-07-15 08:00:00,KL-TSR-08,Thrissur,Midland/Wetland,10.5276,76.2144,0.0,30.8,72.5,67.0,10.2
2024-07-15 09:00:00,KL-TSR-08,Thrissur,Midland/Wetland,10.5276,76.2144,0.0,31.6,74.2,66.7,10.0
2024-07-15 10:00:00,KL-TSR-08,Thrissur,Midland/Wetland,10.5276,76.2144,0.0,31.5,72.9,66.5,10.6
2024-07-15 11:00:00,KL-TSR-08,Thrissur,Midland/Wetland,10.5276,76.2144,0.0,31.6,71.8,66.2,11.1
2024-07-15 12:00:00,KL-TSR-08,Thrissur,Midland/Wetland,10.5276,76.2144,12.0,30.1,82.1,70.4,18.6
2024-07-15 13:00:00,KL-TSR-08,Thrissur,Midland/Wetland,10.5276,76.2144,0.0,32.5,70.5,70.2,12.2
2024-07-15 14:00:00,KL-TSR-08,Thrissur,Midland/Wetland,10.5276,76.2144,10.3,29.9,83.1,73.8,20.4
2024-07-15 15:00:00,KL-TSR-08,Thrissur,Midland/Wetland,10.5276,76.2144,0.0,32.1,72.0,73.6,12.5
2024-07-15 16:00:00,KL-TSR-08,Thrissur,Midland/Wetland,10.5276,76.2144,0.0,31.7,71.4,73.3,10.2
2024-07-15 17:00:00,KL-TSR-08,Thrissur,Midland/Wetland,10.5276,76.2144,0.0,31.2,74.3,73.1,15.8
2024-07-15 18:00:00,KL-TSR-08,Thrissur,Midland/Wetland,10.5276,76.2144,0.0,29.5,74.8,72.8,14.5
2024-07-15 19:00:00,KL-TSR-08,Thrissur,Midland/Wetland,10.5276,76.2144,6.0,29.3,79.6,74.9,14.9
2024-07-15 20:00:00,KL-TSR-08,Thrissur,Midland/Wetland,10.5276,76.2144,0.0,29.5,71.8,74.7,11.0
2024-07-15 21:00:00,KL-TSR-08,Thrissur,Midland/Wetland,10.5276,76.2144,3.7,28.6,73.8,75.9,12.3
2024-07-15 22:00:00,KL-TSR-08,Thrissur,Midland/Wetland,10.5276,76.2144,4.4,27.0,74.0,77.5,16.3
2024-07-15 23:00:00,KL-TSR-08,Thrissur,Midland/Wetland,10.5276,76.2144,0.0,27.9,71.9,77.2,12.1
2024-07-16 00:00:00,KL-TSR-08,Thrissur,Midland/Wetland,10.5276,76.2144,0.0,28.3,73.2,77.0,15.5
2024-07-16 01:00:00,KL-TSR-08,Thrissur,Midland/Wetland,10.5276,76.2144,0.0,28.6,73.2,76.7,14.6
2024-07-16 02:00:00,KL-TSR-08,Thrissur,Midland/Wetland,10.5276,76.2144,3.4,28.2,72.5,77.9,16.3
2024-07-16 03:00:00,KL-TSR-08,Thrissur,Midland/Wetland,10.5276,76.2144,0.0,29.1,73.4,77.7,12.5
2024-07-16 04:00:00,KL-TSR-08,Thrissur,Midland/Wetland,10.5276,76.2144,0.0,28.3,71.9,77.4,14.4
2024-07-16 05:00:00,KL-TSR-08,Thrissur,Midland/Wetland,10.5276,76.2144,0.0,29.0,72.7,77.2,14.6
2024-07-16 06:00:00,KL-TSR-08,Thrissur,Midland/Wetland,10.5276,76.2144,0.0,29.7,73.9,76.9,13.7
2024-07-16 07:00:00,KL-TSR-08,Thrissur,Midland/Wetland,10.5276,76.2144,0.0,31.2,72.9,76.7,10.8
2024-07-16 08:00:00,KL-TSR-08,Thrissur,Midland/Wetland,10.5276,76.2144,4.5,30.2,74.6,78.3,16.2
2024-07-16 09:00:00,KL-TSR-08,Thrissur,Midland/Wetland,10.5276,76.2144,0.0,31.1,71.3,78.0,14.9
2024-07-16 10:00:00,KL-TSR-08,Thrissur,Midland/Wetland,10.5276,76.2144,13.9,29.5,81.1,82.9,21.0
2024-07-16 11:00:00,KL-TSR-08,Thrissur,Midland/Wetland,10.5276,76.2144,0.0,31.9,69.5,82.6,14.1
2024-07-16 12:00:00,KL-TSR-08,Thrissur,Midland/Wetland,10.5276,76.2144,12.7,30.6,79.2,87.1,18.3
2024-07-16 13:00:00,KL-TSR-08,Thrissur,Midland/Wetland,10.5276,76.2144,0.0,31.7,71.7,86.8,12.9
2024-07-16 14:00:00,KL-TSR-08,Thrissur,Midland/Wetland,10.5276,76.2144,0.0,31.6,73.6,86.6,11.8
2024-07-16 15:00:00,KL-TSR-08,Thrissur,Midland/Wetland,10.5276,76.2144,9.8,30.1,81.7,90.0,17.6
2024-07-16 16:00:00,KL-TSR-08,Thrissur,Midland/Wetland,10.5276,76.2144,0.0,31.0,71.0,89.7,13.2
2024-07-16 17:00:00,KL-TSR-08,Thrissur,Midland/Wetland,10.5276,76.2144,0.0,31.0,74.9,89.5,13.2
2024-07-16 18:00:00,KL-TSR-08,Thrissur,Midland/Wetland,10.5276,76.2144,0.0,30.3,69.9,89.2,12.0
2024-07-16 19:00:00,KL-TSR-08,Thrissur,Midland/Wetland,10.5276,76.2144,0.0,29.6,70.2,89.0,14.9
2024-07-16 20:00:00,KL-TSR-08,Thrissur,Midland/Wetland,10.5276,76.2144,0.0,28.9,69.3,88.7,11.7
2024-07-16 21:00:00,KL-TSR-08,Thrissur,Midland/Wetland,10.5276,76.2144,8.0,27.2,80.7,91.5,18.1
2024-07-16 22:00:00,KL-TSR-08,Thrissur,Midland/Wetland,10.5276,76.2144,6.1,27.0,78.8,93.7,16.3
2024-07-16 23:00:00,KL-TSR-08,Thrissur,Midland/Wetland,10.5276,76.2144,6.4,26.3,76.1,95.9,17.0
2024-07-17 00:00:00,KL-TSR-08,Thrissur,Midland/Wetland,10.5276,76.2144,0.0,27.8,69.2,95.7,14.4
2024-07-17 01:00:00,KL-TSR-08,Thrissur,Midland/Wetland,10.5276,76.2144,2.9,27.0,75.7,96.7,15.2
2024-07-17 02:00:00,KL-TSR-08,Thrissur,Midland/Wetland,10.5276,76.2144,0.0,27.9,74.8,96.4,14.1
2024-07-17 03:00:00,KL-TSR-08,Thrissur,Midland/Wetland,10.5276,76.2144,12.4,27.3,83.3,98.0,19.3
2024-07-17 04:00:00,KL-TSR-08,Thrissur,Midland/Wetland,10.5276,76.2144,0.0,28.3,71.2,97.8,10.9
2024-07-17 05:00:00,KL-TSR-08,Thrissur,Midland/Wetland,10.5276,76.2144,0.0,29.7,74.3,97.5,12.3
2024-07-17 06:00:00,KL-TSR-08,Thrissur,Midland/Wetland,10.5276,76.2144,0.0,29.3,74.6,97.2,14.5
2024-07-17 07:00:00,KL-TSR-08,Thrissur,Midland/Wetland,10.5276,76.2144,0.0,29.8,74.7,97.0,11.5
2024-07-17 08:00:00,KL-TSR-08,Thrissur,Midland/Wetland,10.5276,76.2144,0.0,31.6,74.0,96.8,12.6
2024-07-17 09:00:00,KL-TSR-08,Thrissur,Midland/Wetland,10.5276,76.2144,4.4,30.4,74.3,98.0,15.3
2024-07-17 10:00:00,KL-TSR-08,Thrissur,Midland/Wetland,10.5276,76.2144,0.0,31.3,73.8,97.8,12.2
2024-07-17 11:00:00,KL-TSR-08,Thrissur,Midland/Wetland,10.5276,76.2144,0.0,32.3,71.6,97.5,14.5
2024-07-17 12:00:00,KL-TSR-08,Thrissur,Midland/Wetland,10.5276,76.2144,0.0,31.6,73.0,97.2,13.6
2024-07-17 13:00:00,KL-TSR-08,Thrissur,Midland/Wetland,10.5276,76.2144,0.0,32.2,70.6,97.0,12.4
2024-07-17 14:00:00,KL-TSR-08,Thrissur,Midland/Wetland,10.5276,76.2144,7.7,30.0,76.8,98.0,17.4
2024-07-17 15:00:00,KL-TSR-08,Thrissur,Midland/Wetland,10.5276,76.2144,0.0,31.1,70.3,97.8,10.1
2024-07-17 16:00:00,KL-TSR-08,Thrissur,Midland/Wetland,10.5276,76.2144,2.9,30.2,75.6,98.0,16.4
2024-07-17 17:00:00,KL-TSR-08,Thrissur,Midland/Wetland,10.5276,76.2144,0.0,30.7,71.0,97.8,12.3
2024-07-17 18:00:00,KL-TSR-08,Thrissur,Midland/Wetland,10.5276,76.2144,0.0,29.2,71.0,97.5,12.1
2024-07-17 19:00:00,KL-TSR-08,Thrissur,Midland/Wetland,10.5276,76.2144,0.0,29.4,73.5,97.2,11.3
2024-07-17 20:00:00,KL-TSR-08,Thrissur,Midland/Wetland,10.5276,76.2144,0.0,29.3,70.5,97.0,10.2
2024-07-17 21:00:00,KL-TSR-08,Thrissur,Midland/Wetland,10.5276,76.2144,0.0,29.3,72.8,96.8,13.4
2024-07-17 22:00:00,KL-TSR-08,Thrissur,Midland/Wetland,10.5276,76.2144,5.5,28.2,75.6,98.0,14.5
2024-07-17 23:00:00,KL-TSR-08,Thrissur,Midland/Wetland,10.5276,76.2144,13.2,25.3,83.3,98.0,17.6
2024-07-18 00:00:00,KL-TSR-08,Thrissur,Midland/Wetland,10.5276,76.2144,9.5,27.4,76.7,98.0,20.6
2024-07-18 01:00:00,KL-TSR-08,Thrissur,Midland/Wetland,10.5276,76.2144,0.0,28.1,70.4,97.8,15.5
2024-07-18 02:00:00,KL-TSR-08,Thrissur,Midland/Wetland,10.5276,76.2144,13.1,26.9,80.1,98.0,17.9
2024-07-18 03:00:00,KL-TSR-08,Thrissur,Midland/Wetland,10.5276,76.2144,0.0,28.7,70.1,97.8,11.0
2024-07-18 04:00:00,KL-TSR-08,Thrissur,Midland/Wetland,10.5276,76.2144,0.0,29.4,71.4,97.5,12.5
2024-07-18 05:00:00,KL-TSR-08,Thrissur,Midland/Wetland,10.5276,76.2144,0.0,29.4,72.6,97.2,11.9
2024-07-18 06:00:00,KL-TSR-08,Thrissur,Midland/Wetland,10.5276,76.2144,5.0,29.9,78.8,98.0,17.1
2024-07-18 07:00:00,KL-TSR-08,Thrissur,Midland/Wetland,10.5276,76.2144,14.0,28.2,85.4,98.0,20.0
2024-07-18 08:00:00,KL-TSR-08,Thrissur,Midland/Wetland,10.5276,76.2144,0.0,31.5,71.7,97.8,15.5
2024-07-18 09:00:00,KL-TSR-08,Thrissur,Midland/Wetland,10.5276,76.2144,9.6,30.0,78.7,98.0,17.6
2024-07-18 10:00:00,KL-TSR-08,Thrissur,Midland/Wetland,10.5276,76.2144,24.4,27.9,92.4,98.0,28.0
2024-07-18 11:00:00,KL-TSR-08,Thrissur,Midland/Wetland,10.5276,76.2144,18.9,29.3,85.0,98.0,23.2
2024-07-18 12:00:00,KL-TSR-08,Thrissur,Midland/Wetland,10.5276,76.2144,0.0,32.2,73.4,97.8,15.7
2024-07-18 13:00:00,KL-TSR-08,Thrissur,Midland/Wetland,10.5276,76.2144,10.3,30.5,80.1,98.0,15.7
2024-07-18 14:00:00,KL-TSR-08,Thrissur,Midland/Wetland,10.5276,76.2144,24.3,28.7,92.4,98.0,25.5
2024-07-18 15:00:00,KL-TSR-08,Thrissur,Midland/Wetland,10.5276,76.2144,0.0,32.0,70.0,97.8,12.2
2024-07-18 16:00:00,KL-TSR-08,Thrissur,Midland/Wetland,10.5276,76.2144,0.0,30.5,74.6,97.5,15.5
2024-07-18 17:00:00,KL-TSR-08,Thrissur,Midland/Wetland,10.5276,76.2144,13.6,29.1,81.1,98.0,19.6
2024-07-18 18:00:00,KL-TSR-08,Thrissur,Midland/Wetland,10.5276,76.2144,24.3,27.1,93.2,98.0,28.0
2024-07-18 19:00:00,KL-TSR-08,Thrissur,Midland/Wetland,10.5276,76.2144,8.6,28.4,77.9,98.0,19.8
2024-07-18 20:00:00,KL-TSR-08,Thrissur,Midland/Wetland,10.5276,76.2144,21.5,26.5,86.2,98.0,20.9
2024-07-18 21:00:00,KL-TSR-08,Thrissur,Midland/Wetland,10.5276,76.2144,0.0,29.2,75.0,97.8,15.2
2024-07-18 22:00:00,KL-TSR-08,Thrissur,Midland/Wetland,10.5276,76.2144,21.6,24.6,90.6,98.0,21.5
2024-07-18 23:00:00,KL-TSR-08,Thrissur,Midland/Wetland,10.5276,76.2144,0.0,28.3,72.2,97.8,10.1
2024-07-19 00:00:00,KL-TSR-08,Thrissur,Midland/Wetland,10.5276,76.2144,36.2,22.2,99.0,98.0,33.0
2024-07-19 01:00:00,KL-TSR-08,Thrissur,Midland/Wetland,10.5276,76.2144,0.0,27.8,73.3,97.8,13.1
2024-07-19 02:00:00,KL-TSR-08,Thrissur,Midland/Wetland,10.5276,76.2144,0.0,28.2,69.7,97.5,10.9
2024-07-19 03:00:00,KL-TSR-08,Thrissur,Midland/Wetland,10.5276,76.2144,45.1,22.2,99.0,98.0,33.6
2024-07-19 04:00:00,KL-TSR-08,Thrissur,Midland/Wetland,10.5276,76.2144,23.3,26.2,92.4,98.0,22.9
2024-07-19 05:00:00,KL-TSR-08,Thrissur,Midland/Wetland,10.5276,76.2144,39.2,22.9,99.0,98.0,32.5
2024-07-19 06:00:00,KL-TSR-08,Thrissur,Midland/Wetland,10.5276,76.2144,20.8,26.6,88.3,98.0,25.1
2024-07-19 07:00:00,KL-TSR-08,Thrissur,Midland/Wetland,10.5276,76.2144,0.0,30.6,72.6,97.8,14.6
2024-07-19 08:00:00,KL-TSR-08,Thrissur,Midland/Wetland,10.5276,76.2144,23.6,27.0,90.1,98.0,24.0
2024-07-19 09:00:00,KL-TSR-08,Thrissur,Midland/Wetland,10.5276,76.2144,61.2,21.7,99.0,98.0,43.5
2024-07-19 10:00:00,KL-TSR-08,Thrissur,Midland/Wetland,10.5276,76.2144,25.3,28.3,93.4,98.0,23.5
2024-07-19 11:00:00,KL-TSR-08,Thrissur,Midland/Wetland,10.5276,76.2144,31.2,27.5,94.1,98.0,26.9
2024-07-19 12:00:00,KL-TSR-08,Thrissur,Midland/Wetland,10.5276,76.2144,44.1,25.0,99.0,98.0,36.5
2024-07-19 13:00:00,KL-TSR-08,Thrissur,Midland/Wetland,10.5276,76.2144,0.0,31.8,72.7,97.8,11.0
2024-07-19 14:00:00,KL-TSR-08,Thrissur,Midland/Wetland,10.5276,76.2144,18.9,29.5,86.0,98.0,21.7
2024-07-19 15:00:00,KL-TSR-08,Thrissur,Midland/Wetland,10.5276,76.2144,0.0,31.4,70.0,97.8,13.2
2024-07-19 16:00:00,KL-TSR-08,Thrissur,Midland/Wetland,10.5276,76.2144,67.9,20.0,99.0,98.0,46.0
2024-07-19 17:00:00,KL-TSR-08,Thrissur,Midland/Wetland,10.5276,76.2144,24.3,26.5,93.1,98.0,26.9
2024-07-19 18:00:00,KL-TSR-08,Thrissur,Midland/Wetland,10.5276,76.2144,33.5,24.9,99.0,98.0,32.2
2024-07-19 19:00:00,KL-TSR-08,Thrissur,Midland/Wetland,10.5276,76.2144,0.0,30.0,73.7,97.8,13.1
2024-07-19 20:00:00,KL-TSR-08,Thrissur,Midland/Wetland,10.5276,76.2144,23.6,25.7,90.3,98.0,22.4
2024-07-19 21:00:00,KL-TSR-08,Thrissur,Midland/Wetland,10.5276,76.2144,14.4,26.5,83.7,98.0,21.6
2024-07-19 22:00:00,KL-TSR-08,Thrissur,Midland/Wetland,10.5276,76.2144,0.0,29.0,69.3,97.8,13.4
2024-07-19 23:00:00,KL-TSR-08,Thrissur,Midland/Wetland,10.5276,76.2144,27.6,24.3,95.2,98.0,27.7
2024-07-20 00:00:00,KL-TSR-08,Thrissur,Midland/Wetland,10.5276,76.2144,57.7,19.3,99.0,98.0,42.5
2024-07-20 01:00:00,KL-TSR-08,Thrissur,Midland/Wetland,10.5276,76.2144,16.2,25.1,86.9,98.0,18.5
2024-07-20 02:00:00,KL-TSR-08,Thrissur,Midland/Wetland,10.5276,76.2144,0.0,28.3,69.4,97.8,11.4
2024-07-20 03:00:00,KL-TSR-08,Thrissur,Midland/Wetland,10.5276,76.2144,49.8,21.1,99.0,98.0,39.6
2024-07-20 04:00:00,KL-TSR-08,Thrissur,Midland/Wetland,10.5276,76.2144,53.0,20.6,99.0,98.0,37.0
2024-07-20 05:00:00,KL-TSR-08,Thrissur,Midland/Wetland,10.5276,76.2144,46.4,22.1,99.0,98.0,36.6
2024-07-20 06:00:00,KL-TSR-08,Thrissur,Midland/Wetland,10.5276,76.2144,67.3,19.3,99.0,98.0,48.3
2024-07-20 07:00:00,KL-TSR-08,Thrissur,Midland/Wetland,10.5276,76.2144,62.8,21.3,99.0,98.0,41.4
2024-07-20 08:00:00,KL-TSR-08,Thrissur,Midland/Wetland,10.5276,76.2144,48.6,23.7,99.0,98.0,37.3
2024-07-20 09:00:00,KL-TSR-08,Thrissur,Midland/Wetland,10.5276,76.2144,70.3,20.5,99.0,98.0,46.6
2024-07-20 10:00:00,KL-TSR-08,Thrissur,Midland/Wetland,10.5276,76.2144,44.4,24.8,99.0,98.0,38.1
2024-07-20 11:00:00,KL-TSR-08,Thrissur,Midland/Wetland,10.5276,76.2144,0.0,31.9,70.9,97.8,15.8
2024-07-20 12:00:00,KL-TSR-08,Thrissur,Midland/Wetland,10.5276,76.2144,18.5,28.5,86.4,98.0,21.1
2024-07-20 13:00:00,KL-TSR-08,Thrissur,Midland/Wetland,10.5276,76.2144,0.0,31.8,72.8,97.8,13.2
2024-07-20 14:00:00,KL-TSR-08,Thrissur,Midland/Wetland,10.5276,76.2144,53.3,24.2,99.0,98.0,39.7
2024-07-20 15:00:00,KL-TSR-08,Thrissur,Midland/Wetland,10.5276,76.2144,37.9,25.1,99.0,98.0,32.6
2024-07-20 16:00:00,KL-TSR-08,Thrissur,Midland/Wetland,10.5276,76.2144,16.3,28.0,86.6,98.0,22.9
2024-07-20 17:00:00,KL-TSR-08,Thrissur,Midland/Wetland,10.5276,76.2144,0.0,30.7,69.9,97.8,15.7
2024-07-20 18:00:00,KL-TSR-08,Thrissur,Midland/Wetland,10.5276,76.2144,0.0,30.2,73.7,97.5,14.7
2024-07-20 19:00:00,KL-TSR-08,Thrissur,Midland/Wetland,10.5276,76.2144,53.7,21.4,99.0,98.0,38.7
2024-07-20 20:00:00,KL-TSR-08,Thrissur,Midland/Wetland,10.5276,76.2144,23.0,25.3,91.9,98.0,24.2
2024-07-20 21:00:00,KL-TSR-08,Thrissur,Midland/Wetland,10.5276,76.2144,25.0,24.7,93.6,98.0,24.9
2024-07-20 22:00:00,KL-TSR-08,Thrissur,Midland/Wetland,10.5276,76.2144,0.0,28.0,73.8,97.8,15.8
2024-07-20 23:00:00,KL-TSR-08,Thrissur,Midland/Wetland,10.5276,76.2144,0.0,27.3,73.2,97.5,11.3
2024-07-21 00:00:00,KL-TSR-08,Thrissur,Midland/Wetland,10.5276,76.2144,0.0,27.7,71.2,97.2,11.9
2024-07-21 01:00:00,KL-TSR-08,Thrissur,Midland/Wetland,10.5276,76.2144,0.0,27.8,72.4,97.0,11.2
2024-07-21 02:00:00,KL-TSR-08,Thrissur,Midland/Wetland,10.5276,76.2144,24.9,25.1,89.6,98.0,23.9
2024-07-21 03:00:00,KL-TSR-08,Thrissur,Midland/Wetland,10.5276,76.2144,23.0,25.5,90.2,98.0,27.3
2024-07-21 04:00:00,KL-TSR-08,Thrissur,Midland/Wetland,10.5276,76.2144,28.5,25.0,97.3,98.0,27.2
2024-07-21 05:00:00,KL-TSR-08,Thrissur,Midland/Wetland,10.5276,76.2144,25.5,25.5,90.0,98.0,26.6
2024-07-21 06:00:00,KL-TSR-08,Thrissur,Midland/Wetland,10.5276,76.2144,16.7,28.2,83.0,98.0,19.2
2024-07-21 07:00:00,KL-TSR-08,Thrissur,Midland/Wetland,10.5276,76.2144,0.0,30.2,73.7,97.8,12.5
2024-07-21 08:00:00,KL-TSR-08,Thrissur,Midland/Wetland,10.5276,76.2144,8.8,29.4,77.2,98.0,14.9
2024-07-21 09:00:00,KL-TSR-08,Thrissur,Midland/Wetland,10.5276,76.2144,20.5,28.8,87.0,98.0,23.4
2024-07-21 10:00:00,KL-TSR-08,Thrissur,Midland/Wetland,10.5276,76.2144,4.5,31.5,73.0,98.0,17.0
2024-07-21 11:00:00,KL-TSR-08,Thrissur,Midland/Wetland,10.5276,76.2144,0.0,31.6,74.1,97.8,15.4
2024-07-21 12:00:00,KL-TSR-08,Thrissur,Midland/Wetland,10.5276,76.2144,25.9,27.6,92.5,98.0,25.7
2024-07-21 13:00:00,KL-TSR-08,Thrissur,Midland/Wetland,10.5276,76.2144,19.9,29.3,86.5,98.0,24.4
2024-07-21 14:00:00,KL-TSR-08,Thrissur,Midland/Wetland,10.5276,76.2144,6.1,30.7,76.3,98.0,16.0
2024-07-21 15:00:00,KL-TSR-08,Thrissur,Midland/Wetland,10.5276,76.2144,15.0,29.8,84.1,98.0,17.6
2024-07-21 16:00:00,KL-TSR-08,Thrissur,Midland/Wetland,10.5276,76.2144,0.0,30.3,72.0,97.8,14.8
2024-07-21 17:00:00,KL-TSR-08,Thrissur,Midland/Wetland,10.5276,76.2144,0.0,30.5,72.4,97.5,13.8
2024-07-21 18:00:00,KL-TSR-08,Thrissur,Midland/Wetland,10.5276,76.2144,0.0,30.1,74.8,97.2,14.7
2024-07-21 19:00:00,KL-TSR-08,Thrissur,Midland/Wetland,10.5276,76.2144,0.0,30.0,74.1,97.0,10.5
2024-07-21 20:00:00,KL-TSR-08,Thrissur,Midland/Wetland,10.5276,76.2144,0.0,29.2,75.0,96.8,14.5
2024-07-21 21:00:00,KL-TSR-08,Thrissur,Midland/Wetland,10.5276,76.2144,0.0,28.5,70.7,96.5,12.7
2024-07-21 22:00:00,KL-TSR-08,Thrissur,Midland/Wetland,10.5276,76.2144,0.0,28.7,72.9,96.2,10.4
2024-07-21 23:00:00,KL-TSR-08,Thrissur,Midland/Wetland,10.5276,76.2144,0.0,27.8,72.2,96.0,14.2
2024-07-22 00:00:00,KL-TSR-08,Thrissur,Midland/Wetland,10.5276,76.2144,0.0,27.9,69.1,95.8,13.4
2024-07-22 01:00:00,KL-TSR-08,Thrissur,Midland/Wetland,10.5276,76.2144,15.7,24.9,82.9,98.0,20.4
2024-07-22 02:00:00,KL-TSR-08,Thrissur,Midland/Wetland,10.5276,76.2144,5.8,27.7,75.6,98.0,15.6
2024-07-22 03:00:00,KL-TSR-08,Thrissur,Midland/Wetland,10.5276,76.2144,0.0,29.0,72.4,97.8,12.1
2024-07-22 04:00:00,KL-TSR-08,Thrissur,Midland/Wetland,10.5276,76.2144,0.0,29.6,69.9,97.5,14.6
2024-07-22 05:00:00,KL-TSR-08,Thrissur,Midland/Wetland,10.5276,76.2144,4.8,28.0,76.5,98.0,17.5
2024-07-22 06:00:00,KL-TSR-08,Thrissur,Midland/Wetland,10.5276,76.2144,0.0,30.1,74.7,97.8,12.0
2024-07-22 07:00:00,KL-TSR-08,Thrissur,Midland/Wetland,10.5276,76.2144,5.4,29.2,75.1,98.0,15.2
2024-07-22 08:00:00,KL-TSR-08,Thrissur,Midland/Wetland,10.5276,76.2144,15.3,28.3,83.4,98.0,18.5
2024-07-22 09:00:00,KL-TSR-08,Thrissur,Midland/Wetland,10.5276,76.2144,0.0,31.3,74.0,97.8,12.3
2024-07-22 10:00:00,KL-TSR-08,Thrissur,Midland/Wetland,10.5276,76.2144,0.0,32.1,73.4,97.5,12.3
2024-07-22 11:00:00,KL-TSR-08,Thrissur,Midland/Wetland,10.5276,76.2144,0.0,31.8,70.2,97.2,12.3
2024-07-22 12:00:00,KL-TSR-08,Thrissur,Midland/Wetland,10.5276,76.2144,0.0,31.3,70.1,97.0,15.5
2024-07-22 13:00:00,KL-TSR-08,Thrissur,Midland/Wetland,10.5276,76.2144,0.0,31.3,73.5,96.8,10.7
2024-07-22 14:00:00,KL-TSR-08,Thrissur,Midland/Wetland,10.5276,76.2144,0.0,31.9,73.5,96.5,11.9
2024-07-22 15:00:00,KL-TSR-08,Thrissur,Midland/Wetland,10.5276,76.2144,15.1,29.6,83.2,98.0,19.1
2024-07-22 16:00:00,KL-TSR-08,Thrissur,Midland/Wetland,10.5276,76.2144,8.0,29.0,80.2,98.0,16.4
2024-07-22 17:00:00,KL-TSR-08,Thrissur,Midland/Wetland,10.5276,76.2144,0.0,30.3,74.7,97.8,15.0
2024-07-22 18:00:00,KL-TSR-08,Thrissur,Midland/Wetland,10.5276,76.2144,0.0,30.6,70.8,97.5,16.0
2024-07-22 19:00:00,KL-TSR-08,Thrissur,Midland/Wetland,10.5276,76.2144,10.4,27.7,80.1,98.0,20.9
2024-07-22 20:00:00,KL-TSR-08,Thrissur,Midland/Wetland,10.5276,76.2144,10.5,27.1,78.2,98.0,16.7
2024-07-22 21:00:00,KL-TSR-08,Thrissur,Midland/Wetland,10.5276,76.2144,0.0,28.0,69.9,97.8,14.2
2024-07-22 22:00:00,KL-TSR-08,Thrissur,Midland/Wetland,10.5276,76.2144,0.0,27.6,73.8,97.5,15.2
2024-07-22 23:00:00,KL-TSR-08,Thrissur,Midland/Wetland,10.5276,76.2144,0.0,27.9,71.5,97.2,10.9
2024-07-23 00:00:00,KL-TSR-08,Thrissur,Midland/Wetland,10.5276,76.2144,14.4,26.6,85.0,98.0,22.1
2024-07-23 01:00:00,KL-TSR-08,Thrissur,Midland/Wetland,10.5276,76.2144,13.7,25.4,80.9,98.0,19.8
2024-07-23 02:00:00,KL-TSR-08,Thrissur,Midland/Wetland,10.5276,76.2144,10.4,27.4,78.9,98.0,17.1
2024-07-23 03:00:00,KL-TSR-08,Thrissur,Midland/Wetland,10.5276,76.2144,0.0,28.3,74.3,97.8,10.2
2024-07-23 04:00:00,KL-TSR-08,Thrissur,Midland/Wetland,10.5276,76.2144,0.0,29.7,69.3,97.5,12.3
2024-07-23 05:00:00,KL-TSR-08,Thrissur,Midland/Wetland,10.5276,76.2144,0.0,29.5,69.9,97.2,10.1
2024-07-23 06:00:00,KL-TSR-08,Thrissur,Midland/Wetland,10.5276,76.2144,0.0,29.3,74.9,97.0,10.7
2024-07-23 07:00:00,KL-TSR-08,Thrissur,Midland/Wetland,10.5276,76.2144,0.0,31.3,74.1,96.8,13.2
2024-07-23 08:00:00,KL-TSR-08,Thrissur,Midland/Wetland,10.5276,76.2144,10.8,29.6,79.5,98.0,18.2
2024-07-23 09:00:00,KL-TSR-08,Thrissur,Midland/Wetland,10.5276,76.2144,0.0,30.8,72.9,97.8,12.2
2024-07-23 10:00:00,KL-TSR-08,Thrissur,Midland/Wetland,10.5276,76.2144,0.0,32.1,71.9,97.5,14.5
2024-07-23 11:00:00,KL-TSR-08,Thrissur,Midland/Wetland,10.5276,76.2144,0.0,31.4,70.3,97.2,10.8
2024-07-23 12:00:00,KL-TSR-08,Thrissur,Midland/Wetland,10.5276,76.2144,0.0,31.6,69.5,97.0,10.6
2024-07-23 13:00:00,KL-TSR-08,Thrissur,Midland/Wetland,10.5276,76.2144,0.0,32.6,69.6,96.8,11.4
2024-07-23 14:00:00,KL-TSR-08,Thrissur,Midland/Wetland,10.5276,76.2144,13.1,29.5,85.3,98.0,20.6
2024-07-23 15:00:00,KL-TSR-08,Thrissur,Midland/Wetland,10.5276,76.2144,0.0,31.5,74.3,97.8,14.6
2024-07-23 16:00:00,KL-TSR-08,Thrissur,Midland/Wetland,10.5276,76.2144,9.7,29.8,80.2,98.0,20.5
2024-07-23 17:00:00,KL-TSR-08,Thrissur,Midland/Wetland,10.5276,76.2144,18.6,27.5,84.2,98.0,20.5
2024-07-23 18:00:00,KL-TSR-08,Thrissur,Midland/Wetland,10.5276,76.2144,5.2,28.5,77.9,98.0,13.6
2024-07-23 19:00:00,KL-TSR-08,Thrissur,Midland/Wetland,10.5276,76.2144,13.5,27.4,81.9,98.0,20.5
2024-07-23 20:00:00,KL-TSR-08,Thrissur,Midland/Wetland,10.5276,76.2144,0.0,29.1,71.7,97.8,11.3
2024-07-23 21:00:00,KL-TSR-08,Thrissur,Midland/Wetland,10.5276,76.2144,0.0,28.7,69.7,97.5,11.7
2024-07-23 22:00:00,KL-TSR-08,Thrissur,Midland/Wetland,10.5276,76.2144,0.0,28.9,71.0,97.2,15.4
2024-07-23 23:00:00,KL-TSR-08,Thrissur,Midland/Wetland,10.5276,76.2144,20.8,24.9,88.9,98.0,24.4
2024-07-24 00:00:00,KL-TSR-08,Thrissur,Midland/Wetland,10.5276,76.2144,0.0,27.7,72.1,97.8,10.4
2024-07-24 01:00:00,KL-TSR-08,Thrissur,Midland/Wetland,10.5276,76.2144,18.7,26.0,84.7,98.0,20.7
2024-07-24 02:00:00,KL-TSR-08,Thrissur,Midland/Wetland,10.5276,76.2144,0.0,27.6,72.3,97.8,11.8
2024-07-24 03:00:00,KL-TSR-08,Thrissur,Midland/Wetland,10.5276,76.2144,0.0,28.3,71.6,97.5,15.9
2024-07-24 04:00:00,KL-TSR-08,Thrissur,Midland/Wetland,10.5276,76.2144,27.5,24.9,93.4,98.0,29.4
2024-07-24 05:00:00,KL-TSR-08,Thrissur,Midland/Wetland,10.5276,76.2144,0.0,29.0,74.0,97.8,11.3
2024-07-24 06:00:00,KL-TSR-08,Thrissur,Midland/Wetland,10.5276,76.2144,26.1,25.9,93.5,98.0,24.0
2024-07-24 07:00:00,KL-TSR-08,Thrissur,Midland/Wetland,10.5276,76.2144,0.0,30.6,73.8,97.8,12.2
2024-07-24 08:00:00,KL-TSR-08,Thrissur,Midland/Wetland,10.5276,76.2144,35.7,25.7,99.0,98.0,28.5
2024-07-24 09:00:00,KL-TSR-08,Thrissur,Midland/Wetland,10.5276,76.2144,26.7,27.6,95.4,98.0,27.9
2024-07-24 10:00:00,KL-TSR-08,Thrissur,Midland/Wetland,10.5276,76.2144,39.1,26.0,99.0,98.0,31.2
2024-07-24 11:00:00,KL-TSR-08,Thrissur,Midland/Wetland,10.5276,76.2144,0.0,32.7,70.8,97.8,15.4
2024-07-24 12:00:00,KL-TSR-08,Thrissur,Midland/Wetland,10.5276,76.2144,0.0,32.6,71.8,97.5,10.8
2024-07-24 13:00:00,KL-TSR-08,Thrissur,Midland/Wetland,10.5276,76.2144,0.0,31.1,70.5,97.2,13.3
2024-07-24 14:00:00,KL-TSR-08,Thrissur,Midland/Wetland,10.5276,76.2144,46.5,24.9,99.0,98.0,33.6
2024-07-24 15:00:00,KL-TSR-08,Thrissur,Midland/Wetland,10.5276,76.2144,13.1,30.0,84.1,98.0,21.4
2024-07-24 16:00:00,KL-TSR-08,Thrissur,Midland/Wetland,10.5276,76.2144,0.0,30.6,73.7,97.8,13.9
2024-07-24 17:00:00,KL-TSR-08,Thrissur,Midland/Wetland,10.5276,76.2144,16.8,28.5,82.9,98.0,24.2
2024-07-24 18:00:00,KL-TSR-08,Thrissur,Midland/Wetland,10.5276,76.2144,54.1,21.3,99.0,98.0,50.7
2024-07-24 19:00:00,KL-TSR-08,Thrissur,Midland/Wetland,10.5276,76.2144,32.0,25.0,99.0,98.0,34.1
2024-07-24 20:00:00,KL-TSR-08,Thrissur,Midland/Wetland,10.5276,76.2144,25.9,24.5,93.5,98.0,33.8
2024-07-24 21:00:00,KL-TSR-08,Thrissur,Midland/Wetland,10.5276,76.2144,0.0,28.3,69.7,97.8,22.5
2024-07-24 22:00:00,KL-TSR-08,Thrissur,Midland/Wetland,10.5276,76.2144,13.2,27.1,85.0,98.0,26.6
2024-07-24 23:00:00,KL-TSR-08,Thrissur,Midland/Wetland,10.5276,76.2144,72.7,18.0,99.0,98.0,55.0
2024-07-25 00:00:00,KL-TSR-08,Thrissur,Midland/Wetland,10.5276,76.2144,48.6,21.3,99.0,98.0,47.1
2024-07-25 01:00:00,KL-TSR-08,Thrissur,Midland/Wetland,10.5276,76.2144,0.0,27.6,69.6,97.8,24.0
2024-07-25 02:00:00,KL-TSR-08,Thrissur,Midland/Wetland,10.5276,76.2144,53.3,20.9,99.0,98.0,49.7
2024-07-25 03:00:00,KL-TSR-08,Thrissur,Midland/Wetland,10.5276,76.2144,0.0,28.5,72.8,97.8,23.2
2024-07-25 04:00:00,KL-TSR-08,Thrissur,Midland/Wetland,10.5276,76.2144,66.6,18.6,99.0,98.0,53.8
2024-07-25 05:00:00,KL-TSR-08,Thrissur,Midland/Wetland,10.5276,76.2144,0.0,30.3,69.5,97.8,18.6
2024-07-25 06:00:00,KL-TSR-08,Thrissur,Midland/Wetland,10.5276,76.2144,0.0,29.6,72.0,97.5,21.5
2024-07-25 07:00:00,KL-TSR-08,Thrissur,Midland/Wetland,10.5276,76.2144,20.8,27.7,89.0,98.0,33.4
2024-07-25 08:00:00,KL-TSR-08,Thrissur,Midland/Wetland,10.5276,76.2144,57.2,22.2,99.0,98.0,50.1
2024-07-25 09:00:00,KL-TSR-08,Thrissur,Midland/Wetland,10.5276,76.2144,0.0,32.1,72.5,97.8,18.7
2024-07-25 10:00:00,KL-TSR-08,Thrissur,Midland/Wetland,10.5276,76.2144,0.0,31.5,73.0,97.5,23.4
2024-07-25 11:00:00,KL-TSR-08,Thrissur,Midland/Wetland,10.5276,76.2144,49.8,24.2,99.0,98.0,48.0
2024-07-25 12:00:00,KL-TSR-08,Thrissur,Midland/Wetland,10.5276,76.2144,63.1,23.0,99.0,98.0,54.2
2024-07-25 13:00:00,KL-TSR-08,Thrissur,Midland/Wetland,10.5276,76.2144,16.3,28.7,87.7,98.0,26.7
2024-07-25 14:00:00,KL-TSR-08,Thrissur,Midland/Wetland,10.5276,76.2144,0.0,32.2,73.4,97.8,23.1
2024-07-25 15:00:00,KL-TSR-08,Thrissur,Midland/Wetland,10.5276,76.2144,96.1,18.0,99.0,98.0,68.7
2024-07-25 16:00:00,KL-TSR-08,Thrissur,Midland/Wetland,10.5276,76.2144,61.0,21.5,99.0,98.0,49.8
2024-07-25 17:00:00,KL-TSR-08,Thrissur,Midland/Wetland,10.5276,76.2144,70.9,19.7,99.0,98.0,58.3
2024-07-25 18:00:00,KL-TSR-08,Thrissur,Midland/Wetland,10.5276,76.2144,0.0,30.6,71.0,97.8,21.7
2024-07-25 19:00:00,KL-TSR-08,Thrissur,Midland/Wetland,10.5276,76.2144,102.7,18.0,99.0,98.0,73.7
2024-07-25 20:00:00,KL-TSR-08,Thrissur,Midland/Wetland,10.5276,76.2144,48.2,21.3,99.0,98.0,43.7
2024-07-25 21:00:00,KL-TSR-08,Thrissur,Midland/Wetland,10.5276,76.2144,52.4,21.4,99.0,98.0,50.0
2024-07-25 22:00:00,KL-TSR-08,Thrissur,Midland/Wetland,10.5276,76.2144,27.1,24.9,94.9,98.0,34.9
2024-07-25 23:00:00,KL-TSR-08,Thrissur,Midland/Wetland,10.5276,76.2144,72.9,18.0,99.0,98.0,55.0
2024-07-26 00:00:00,KL-TSR-08,Thrissur,Midland/Wetland,10.5276,76.2144,109.2,18.0,99.0,98.0,75.8
2024-07-26 01:00:00,KL-TSR-08,Thrissur,Midland/Wetland,10.5276,76.2144,167.6,18.0,99.0,98.0,103.6
2024-07-26 02:00:00,KL-TSR-08,Thrissur,Midland/Wetland,10.5276,76.2144,24.0,24.6,88.4,98.0,33.3
2024-07-26 03:00:00,KL-TSR-08,Thrissur,Midland/Wetland,10.5276,76.2144,44.3,22.5,99.0,98.0,41.6
2024-07-26 04:00:00,KL-TSR-08,Thrissur,Midland/Wetland,10.5276,76.2144,83.5,18.0,99.0,98.0,59.9
2024-07-26 05:00:00,KL-TSR-08,Thrissur,Midland/Wetland,10.5276,76.2144,102.8,18.0,99.0,98.0,71.9
2024-07-26 06:00:00,KL-TSR-08,Thrissur,Midland/Wetland,10.5276,76.2144,0.0,30.1,72.8,97.8,23.3
2024-07-26 07:00:00,KL-TSR-08,Thrissur,Midland/Wetland,10.5276,76.2144,0.0,30.9,73.2,97.5,23.9
2024-07-26 08:00:00,KL-TSR-08,Thrissur,Midland/Wetland,10.5276,76.2144,0.0,30.6,71.2,97.2,23.4
2024-07-26 09:00:00,KL-TSR-08,Thrissur,Midland/Wetland,10.5276,76.2144,0.0,31.1,71.1,97.0,23.7
2024-07-26 10:00:00,KL-TSR-08,Thrissur,Midland/Wetland,10.5276,76.2144,98.7,18.0,99.0,98.0,68.1
2024-07-26 11:00:00,KL-TSR-08,Thrissur,Midland/Wetland,10.5276,76.2144,0.0,32.4,72.0,97.8,20.9
2024-07-26 12:00:00,KL-TSR-08,Thrissur,Midland/Wetland,10.5276,76.2144,90.1,18.8,99.0,98.0,66.9
2024-07-26 13:00:00,KL-TSR-08,Thrissur,Midland/Wetland,10.5276,76.2144,104.8,18.0,99.0,98.0,74.1
2024-07-26 14:00:00,KL-TSR-08,Thrissur,Midland/Wetland,10.5276,76.2144,52.6,23.3,99.0,98.0,47.7
2024-07-26 15:00:00,KL-TSR-08,Thrissur,Midland/Wetland,10.5276,76.2144,43.5,24.3,99.0,98.0,40.1
2024-07-26 16:00:00,KL-TSR-08,Thrissur,Midland/Wetland,10.5276,76.2144,0.0,31.1,74.7,97.8,22.4
2024-07-26 17:00:00,KL-TSR-08,Thrissur,Midland/Wetland,10.5276,76.2144,0.0,30.5,73.2,97.5,23.7
2024-07-26 18:00:00,KL-TSR-08,Thrissur,Midland/Wetland,10.5276,76.2144,0.0,29.5,71.7,97.2,21.2
2024-07-26 19:00:00,KL-TSR-08,Thrissur,Midland/Wetland,10.5276,76.2144,0.0,29.2,72.4,97.0,23.3
2024-07-26 20:00:00,KL-TSR-08,Thrissur,Midland/Wetland,10.5276,76.2144,0.0,28.4,72.2,96.8,22.1
2024-07-26 21:00:00,KL-TSR-08,Thrissur,Midland/Wetland,10.5276,76.2144,11.1,27.3,80.0,98.0,24.3
2024-07-26 22:00:00,KL-TSR-08,Thrissur,Midland/Wetland,10.5276,76.2144,0.0,28.5,72.2,97.8,22.4
2024-07-26 23:00:00,KL-TSR-08,Thrissur,Midland/Wetland,10.5276,76.2144,0.0,27.7,72.6,97.5,22.6
2024-07-27 00:00:00,KL-TSR-08,Thrissur,Midland/Wetland,10.5276,76.2144,21.7,25.0,89.3,98.0,29.6
2024-07-27 01:00:00,KL-TSR-08,Thrissur,Midland/Wetland,10.5276,76.2144,70.0,18.0,99.0,98.0,55.3
2024-07-27 02:00:00,KL-TSR-08,Thrissur,Midland/Wetland,10.5276,76.2144,51.9,19.9,99.0,98.0,44.5
2024-07-27 03:00:00,KL-TSR-08,Thrissur,Midland/Wetland,10.5276,76.2144,50.5,21.6,99.0,98.0,44.4
2024-07-27 04:00:00,KL-TSR-08,Thrissur,Midland/Wetland,10.5276,76.2144,21.0,26.6,89.6,98.0,30.5
2024-07-27 05:00:00,KL-TSR-08,Thrissur,Midland/Wetland,10.5276,76.2144,0.0,29.5,69.1,97.8,21.6
2024-07-27 06:00:00,KL-TSR-08,Thrissur,Midland/Wetland,10.5276,76.2144,0.0,29.3,71.2,97.5,19.0
2024-07-27 07:00:00,KL-TSR-08,Thrissur,Midland/Wetland,10.5276,76.2144,0.0,30.6,69.0,97.2,12.3
2024-07-27 08:00:00,KL-TSR-08,Thrissur,Midland/Wetland,10.5276,76.2144,50.1,23.6,99.0,98.0,40.8
2024-07-27 09:00:00,KL-TSR-08,Thrissur,Midland/Wetland,10.5276,76.2144,34.9,25.7,98.2,98.0,29.5
2024-07-27 10:00:00,KL-TSR-08,Thrissur,Midland/Wetland,10.5276,76.2144,0.0,32.4,72.6,97.8,13.4
2024-07-27 11:00:00,KL-TSR-08,Thrissur,Midland/Wetland,10.5276,76.2144,0.0,32.3,74.3,97.5,11.1
2024-07-27 12:00:00,KL-TSR-08,Thrissur,Midland/Wetland,10.5276,76.2144,38.2,25.5,99.0,98.0,32.3
2024-07-27 13:00:00,KL-TSR-08,Thrissur,Midland/Wetland,10.5276,76.2144,0.0,32.6,73.8,97.8,11.9
2024-07-27 14:00:00,KL-TSR-08,Thrissur,Midland/Wetland,10.5276,76.2144,17.7,28.6,86.3,98.0,24.3
2024-07-27 15:00:00,KL-TSR-08,Thrissur,Midland/Wetland,10.5276,76.2144,0.0,31.6,75.0,97.8,15.5
2024-07-27 16:00:00,KL-TSR-08,Thrissur,Midland/Wetland,10.5276,76.2144,0.0,31.7,72.3,97.5,12.3
2024-07-27 17:00:00,KL-TSR-08,Thrissur,Midland/Wetland,10.5276,76.2144,0.0,29.9,72.3,97.2,12.0
2024-07-27 18:00:00,KL-TSR-08,Thrissur,Midland/Wetland,10.5276,76.2144,11.4,28.8,79.3,98.0,18.1
2024-07-27 19:00:00,KL-TSR-08,Thrissur,Midland/Wetland,10.5276,76.2144,30.2,25.6,98.0,98.0,30.6
2024-07-27 20:00:00,KL-TSR-08,Thrissur,Midland/Wetland,10.5276,76.2144,0.0,29.5,69.6,97.8,13.1
2024-07-27 21:00:00,KL-TSR-08,Thrissur,Midland/Wetland,10.5276,76.2144,0.0,28.3,72.2,97.5,13.5
2024-07-27 22:00:00,KL-TSR-08,Thrissur,Midland/Wetland,10.5276,76.2144,0.0,28.1,72.3,97.2,11.2
2024-07-27 23:00:00,KL-TSR-08,Thrissur,Midland/Wetland,10.5276,76.2144,14.1,25.5,85.9,98.0,19.6
2024-07-28 00:00:00,KL-TSR-08,Thrissur,Midland/Wetland,10.5276,76.2144,0.0,27.3,69.1,97.8,10.6
2024-07-28 01:00:00,KL-TSR-08,Thrissur,Midland/Wetland,10.5276,76.2144,0.0,28.2,70.8,97.5,16.0
2024-07-28 02:00:00,KL-TSR-08,Thrissur,Midland/Wetland,10.5276,76.2144,0.0,28.7,73.2,97.2,13.2
2024-07-28 03:00:00,KL-TSR-08,Thrissur,Midland/Wetland,10.5276,76.2144,22.1,25.0,90.2,98.0,26.5
2024-07-28 04:00:00,KL-TSR-08,Thrissur,Midland/Wetland,10.5276,76.2144,0.0,29.2,73.4,97.8,13.2
2024-07-28 05:00:00,KL-TSR-08,Thrissur,Midland/Wetland,10.5276,76.2144,8.4,27.7,81.5,98.0,14.5
2024-07-28 06:00:00,KL-TSR-08,Thrissur,Midland/Wetland,10.5276,76.2144,0.0,30.6,73.4,97.8,13.1
2024-07-28 07:00:00,KL-TSR-08,Thrissur,Midland/Wetland,10.5276,76.2144,9.1,29.5,81.7,98.0,15.1
2024-07-28 08:00:00,KL-TSR-08,Thrissur,Midland/Wetland,10.5276,76.2144,0.0,31.6,73.3,97.8,10.4
2024-07-28 09:00:00,KL-TSR-08,Thrissur,Midland/Wetland,10.5276,76.2144,5.8,30.8,73.7,98.0,18.4
2024-07-28 10:00:00,KL-TSR-08,Thrissur,Midland/Wetland,10.5276,76.2144,13.6,30.4,79.9,98.0,18.2
2024-07-28 11:00:00,KL-TSR-08,Thrissur,Midland/Wetland,10.5276,76.2144,0.0,32.5,74.9,97.8,15.9
2024-07-28 12:00:00,KL-TSR-08,Thrissur,Midland/Wetland,10.5276,76.2144,0.0,31.8,74.0,97.5,10.3
2024-07-28 13:00:00,KL-TSR-08,Thrissur,Midland/Wetland,10.5276,76.2144,5.9,31.3,79.0,98.0,15.5
2024-07-28 14:00:00,KL-TSR-08,Thrissur,Midland/Wetland,10.5276,76.2144,0.0,32.3,72.8,97.8,11.2
2024-07-28 15:00:00,KL-TSR-08,Thrissur,Midland/Wetland,10.5276,76.2144,0.0,31.8,70.6,97.5,14.1
2024-07-28 16:00:00,KL-TSR-08,Thrissur,Midland/Wetland,10.5276,76.2144,0.0,30.9,70.7,97.2,15.4
2024-07-28 17:00:00,KL-TSR-08,Thrissur,Midland/Wetland,10.5276,76.2144,0.0,30.5,72.6,97.0,13.8
2024-07-28 18:00:00,KL-TSR-08,Thrissur,Midland/Wetland,10.5276,76.2144,0.0,30.3,71.7,96.8,14.0
2024-07-28 19:00:00,KL-TSR-08,Thrissur,Midland/Wetland,10.5276,76.2144,10.8,27.2,83.1,98.0,18.3
2024-07-28 20:00:00,KL-TSR-08,Thrissur,Midland/Wetland,10.5276,76.2144,6.4,28.7,75.7,98.0,17.3
2024-07-28 21:00:00,KL-TSR-08,Thrissur,Midland/Wetland,10.5276,76.2144,0.0,28.4,72.2,97.8,11.7
2024-07-28 22:00:00,KL-TSR-08,Thrissur,Midland/Wetland,10.5276,76.2144,0.0,27.6,69.7,97.5,14.9
2024-07-28 23:00:00,KL-TSR-08,Thrissur,Midland/Wetland,10.5276,76.2144,0.0,28.8,72.3,97.2,13.0
2024-07-15 00:00:00,KL-PKD-09,Palakkad,Gap/Plains/Forest,10.7867,76.6548,0.0,32.0,69.7,51.0,11.4
2024-07-15 01:00:00,KL-PKD-09,Palakkad,Gap/Plains/Forest,10.7867,76.6548,0.0,31.6,73.6,50.8,14.8
2024-07-15 02:00:00,KL-PKD-09,Palakkad,Gap/Plains/Forest,10.7867,76.6548,8.0,31.0,76.3,53.6,17.6
2024-07-15 03:00:00,KL-PKD-09,Palakkad,Gap/Plains/Forest,10.7867,76.6548,11.3,31.3,79.2,57.5,16.9
2024-07-15 04:00:00,KL-PKD-09,Palakkad,Gap/Plains/Forest,10.7867,76.6548,7.5,32.6,77.0,60.2,19.5
2024-07-15 05:00:00,KL-PKD-09,Palakkad,Gap/Plains/Forest,10.7867,76.6548,0.0,33.2,70.2,59.9,13.9
2024-07-15 06:00:00,KL-PKD-09,Palakkad,Gap/Plains/Forest,10.7867,76.6548,0.0,33.4,70.8,59.7,10.4
2024-07-15 07:00:00,KL-PKD-09,Palakkad,Gap/Plains/Forest,10.7867,76.6548,3.5,34.2,74.4,60.9,17.0
2024-07-15 08:00:00,KL-PKD-09,Palakkad,Gap/Plains/Forest,10.7867,76.6548,4.1,34.4,75.6,62.3,12.9
2024-07-15 09:00:00,KL-PKD-09,Palakkad,Gap/Plains/Forest,10.7867,76.6548,0.0,34.7,73.1,62.1,12.5
2024-07-15 10:00:00,KL-PKD-09,Palakkad,Gap/Plains/Forest,10.7867,76.6548,0.0,35.9,70.0,61.8,15.6
2024-07-15 11:00:00,KL-PKD-09,Palakkad,Gap/Plains/Forest,10.7867,76.6548,0.0,35.4,69.6,61.6,11.4
2024-07-15 12:00:00,KL-PKD-09,Palakkad,Gap/Plains/Forest,10.7867,76.6548,0.0,36.1,73.9,61.3,14.6
2024-07-15 13:00:00,KL-PKD-09,Palakkad,Gap/Plains/Forest,10.7867,76.6548,3.9,35.6,75.5,62.7,12.4
2024-07-15 14:00:00,KL-PKD-09,Palakkad,Gap/Plains/Forest,10.7867,76.6548,0.0,36.4,74.6,62.4,13.9
2024-07-15 15:00:00,KL-PKD-09,Palakkad,Gap/Plains/Forest,10.7867,76.6548,8.0,34.1,79.9,65.2,18.1
2024-07-15 16:00:00,KL-PKD-09,Palakkad,Gap/Plains/Forest,10.7867,76.6548,0.0,34.8,74.9,65.0,12.7
2024-07-15 17:00:00,KL-PKD-09,Palakkad,Gap/Plains/Forest,10.7867,76.6548,0.0,34.0,72.2,64.7,12.2
2024-07-15 18:00:00,KL-PKD-09,Palakkad,Gap/Plains/Forest,10.7867,76.6548,8.2,32.2,81.4,67.6,20.1
2024-07-15 19:00:00,KL-PKD-09,Palakkad,Gap/Plains/Forest,10.7867,76.6548,0.0,33.3,69.1,67.3,14.8
2024-07-15 20:00:00,KL-PKD-09,Palakkad,Gap/Plains/Forest,10.7867,76.6548,6.3,32.4,77.3,69.6,14.5
2024-07-15 21:00:00,KL-PKD-09,Palakkad,Gap/Plains/Forest,10.7867,76.6548,0.0,33.1,71.1,69.3,15.7
2024-07-15 22:00:00,KL-PKD-09,Palakkad,Gap/Plains/Forest,10.7867,76.6548,0.0,32.1,73.4,69.1,12.7
2024-07-15 23:00:00,KL-PKD-09,Palakkad,Gap/Plains/Forest,10.7867,76.6548,0.0,31.8,71.0,68.8,12.4
2024-07-16 00:00:00,KL-PKD-09,Palakkad,Gap/Plains/Forest,10.7867,76.6548,0.0,31.5,70.3,68.6,11.1
2024-07-16 01:00:00,KL-PKD-09,Palakkad,Gap/Plains/Forest,10.7867,76.6548,10.7,30.7,81.3,72.3,20.8
2024-07-16 02:00:00,KL-PKD-09,Palakkad,Gap/Plains/Forest,10.7867,76.6548,0.0,32.7,71.4,72.0,13.9
2024-07-16 03:00:00,KL-PKD-09,Palakkad,Gap/Plains/Forest,10.7867,76.6548,3.0,31.5,75.3,73.1,13.3
2024-07-16 04:00:00,KL-PKD-09,Palakkad,Gap/Plains/Forest,10.7867,76.6548,0.0,33.4,72.7,72.8,10.3
2024-07-16 05:00:00,KL-PKD-09,Palakkad,Gap/Plains/Forest,10.7867,76.6548,7.3,31.8,77.1,75.4,16.8
2024-07-16 06:00:00,KL-PKD-09,Palakkad,Gap/Plains/Forest,10.7867,76.6548,6.2,33.4,76.3,77.6,17.1
2024-07-16 07:00:00,KL-PKD-09,Palakkad,Gap/Plains/Forest,10.7867,76.6548,9.3,33.2,77.4,80.8,17.1
2024-07-16 08:00:00,KL-PKD-09,Palakkad,Gap/Plains/Forest,10.7867,76.6548,0.0,34.5,71.5,80.6,12.8
2024-07-16 09:00:00,KL-PKD-09,Palakkad,Gap/Plains/Forest,10.7867,76.6548,0.0,34.8,74.6,80.3,11.9
2024-07-16 10:00:00,KL-PKD-09,Palakkad,Gap/Plains/Forest,10.7867,76.6548,0.0,35.9,73.4,80.1,15.3
2024-07-16 11:00:00,KL-PKD-09,Palakkad,Gap/Plains/Forest,10.7867,76.6548,0.0,36.4,69.5,79.8,10.1
2024-07-16 12:00:00,KL-PKD-09,Palakkad,Gap/Plains/Forest,10.7867,76.6548,0.0,35.3,74.1,79.6,11.9
2024-07-16 13:00:00,KL-PKD-09,Palakkad,Gap/Plains/Forest,10.7867,76.6548,0.0,35.5,69.9,79.3,11.3
2024-07-16 14:00:00,KL-PKD-09,Palakkad,Gap/Plains/Forest,10.7867,76.6548,0.0,35.5,74.5,79.1,13.5
2024-07-16 15:00:00,KL-PKD-09,Palakkad,Gap/Plains/Forest,10.7867,76.6548,0.0,35.4,73.2,78.8,11.7
2024-07-16 16:00:00,KL-PKD-09,Palakkad,Gap/Plains/Forest,10.7867,76.6548,7.4,34.5,75.8,81.4,16.2
2024-07-16 17:00:00,KL-PKD-09,Palakkad,Gap/Plains/Forest,10.7867,76.6548,0.0,34.7,69.9,81.2,13.3
2024-07-16 18:00:00,KL-PKD-09,Palakkad,Gap/Plains/Forest,10.7867,76.6548,0.0,34.8,73.1,80.9,15.4
2024-07-16 19:00:00,KL-PKD-09,Palakkad,Gap/Plains/Forest,10.7867,76.6548,0.0,33.7,69.9,80.7,12.7
2024-07-16 20:00:00,KL-PKD-09,Palakkad,Gap/Plains/Forest,10.7867,76.6548,0.0,32.4,71.3,80.4,12.3
2024-07-16 21:00:00,KL-PKD-09,Palakkad,Gap/Plains/Forest,10.7867,76.6548,1.7,32.6,75.3,81.0,16.4
2024-07-16 22:00:00,KL-PKD-09,Palakkad,Gap/Plains/Forest,10.7867,76.6548,0.0,31.8,74.4,80.8,15.8
2024-07-16 23:00:00,KL-PKD-09,Palakkad,Gap/Plains/Forest,10.7867,76.6548,0.0,32.2,74.3,80.5,15.9
2024-07-17 00:00:00,KL-PKD-09,Palakkad,Gap/Plains/Forest,10.7867,76.6548,0.0,31.3,69.8,80.3,11.8
2024-07-17 01:00:00,KL-PKD-09,Palakkad,Gap/Plains/Forest,10.7867,76.6548,0.0,31.5,75.0,80.0,14.7
2024-07-17 02:00:00,KL-PKD-09,Palakkad,Gap/Plains/Forest,10.7867,76.6548,0.0,33.0,70.9,79.8,14.3
2024-07-17 03:00:00,KL-PKD-09,Palakkad,Gap/Plains/Forest,10.7867,76.6548,0.0,31.9,72.6,79.5,14.8
2024-07-17 04:00:00,KL-PKD-09,Palakkad,Gap/Plains/Forest,10.7867,76.6548,11.1,31.2,78.9,83.4,20.7
2024-07-17 05:00:00,KL-PKD-09,Palakkad,Gap/Plains/Forest,10.7867,76.6548,4.6,32.8,78.2,85.0,15.2
2024-07-17 06:00:00,KL-PKD-09,Palakkad,Gap/Plains/Forest,10.7867,76.6548,0.0,33.3,70.4,84.8,11.8
2024-07-17 07:00:00,KL-PKD-09,Palakkad,Gap/Plains/Forest,10.7867,76.6548,0.0,34.4,69.2,84.5,14.5
2024-07-17 08:00:00,KL-PKD-09,Palakkad,Gap/Plains/Forest,10.7867,76.6548,0.0,34.9,69.5,84.3,13.3
2024-07-17 09:00:00,KL-PKD-09,Palakkad,Gap/Plains/Forest,10.7867,76.6548,12.3,33.8,83.2,88.6,16.3
2024-07-17 10:00:00,KL-PKD-09,Palakkad,Gap/Plains/Forest,10.7867,76.6548,0.0,36.4,71.3,88.3,10.2
2024-07-17 11:00:00,KL-PKD-09,Palakkad,Gap/Plains/Forest,10.7867,76.6548,0.0,36.2,71.0,88.1,14.8
2024-07-17 12:00:00,KL-PKD-09,Palakkad,Gap/Plains/Forest,10.7867,76.6548,0.0,36.5,71.4,87.8,12.1
2024-07-17 13:00:00,KL-PKD-09,Palakkad,Gap/Plains/Forest,10.7867,76.6548,0.0,36.3,72.3,87.6,12.9
2024-07-17 14:00:00,KL-PKD-09,Palakkad,Gap/Plains/Forest,10.7867,76.6548,12.1,34.6,79.2,91.8,20.0
2024-07-17 15:00:00,KL-PKD-09,Palakkad,Gap/Plains/Forest,10.7867,76.6548,7.6,33.7,79.9,94.5,18.6
2024-07-17 16:00:00,KL-PKD-09,Palakkad,Gap/Plains/Forest,10.7867,76.6548,2.6,34.4,72.0,95.4,16.1
2024-07-17 17:00:00,KL-PKD-09,Palakkad,Gap/Plains/Forest,10.7867,76.6548,0.0,35.1,69.1,95.1,10.1
2024-07-17 18:00:00,KL-PKD-09,Palakkad,Gap/Plains/Forest,10.7867,76.6548,0.0,34.6,72.7,94.9,10.9
2024-07-17 19:00:00,KL-PKD-09,Palakkad,Gap/Plains/Forest,10.7867,76.6548,0.0,34.1,71.8,94.6,15.2
2024-07-17 20:00:00,KL-PKD-09,Palakkad,Gap/Plains/Forest,10.7867,76.6548,0.0,32.4,69.7,94.4,14.2
2024-07-17 21:00:00,KL-PKD-09,Palakkad,Gap/Plains/Forest,10.7867,76.6548,11.4,30.2,78.7,98.0,21.4
2024-07-17 22:00:00,KL-PKD-09,Palakkad,Gap/Plains/Forest,10.7867,76.6548,12.3,30.0,79.1,98.0,16.6
2024-07-17 23:00:00,KL-PKD-09,Palakkad,Gap/Plains/Forest,10.7867,76.6548,9.0,30.7,77.4,98.0,20.4
2024-07-18 00:00:00,KL-PKD-09,Palakkad,Gap/Plains/Forest,10.7867,76.6548,0.0,31.5,70.7,97.8,14.1
2024-07-18 01:00:00,KL-PKD-09,Palakkad,Gap/Plains/Forest,10.7867,76.6548,0.0,31.4,70.1,97.5,10.0
2024-07-18 02:00:00,KL-PKD-09,Palakkad,Gap/Plains/Forest,10.7867,76.6548,5.0,30.9,76.3,98.0,18.3
2024-07-18 03:00:00,KL-PKD-09,Palakkad,Gap/Plains/Forest,10.7867,76.6548,0.0,32.9,69.5,97.8,11.1
2024-07-18 04:00:00,KL-PKD-09,Palakkad,Gap/Plains/Forest,10.7867,76.6548,17.6,29.8,86.9,98.0,22.4
2024-07-18 05:00:00,KL-PKD-09,Palakkad,Gap/Plains/Forest,10.7867,76.6548,0.0,33.5,70.7,97.8,12.6
2024-07-18 06:00:00,KL-PKD-09,Palakkad,Gap/Plains/Forest,10.7867,76.6548,0.0,34.4,72.2,97.5,13.9
2024-07-18 07:00:00,KL-PKD-09,Palakkad,Gap/Plains/Forest,10.7867,76.6548,0.0,34.1,73.5,97.2,10.4
2024-07-18 08:00:00,KL-PKD-09,Palakkad,Gap/Plains/Forest,10.7867,76.6548,8.7,34.1,79.7,98.0,19.3
2024-07-18 09:00:00,KL-PKD-09,Palakkad,Gap/Plains/Forest,10.7867,76.6548,16.9,33.2,82.6,98.0,22.9
2024-07-18 10:00:00,KL-PKD-09,Palakkad,Gap/Plains/Forest,10.7867,76.6548,14.2,34.3,82.5,98.0,21.2
2024-07-18 11:00:00,KL-PKD-09,Palakkad,Gap/Plains/Forest,10.7867,76.6548,0.0,31.2,70.6,97.8,15.0
2024-07-18 12:00:00,KL-PKD-09,Palakkad,Gap/Plains/Forest,10.7867,76.6548,0.0,32.4,71.9,97.5,13.0
2024-07-18 13:00:00,KL-PKD-09,Palakkad,Gap/Plains/Forest,10.7867,76.6548,0.0,31.6,75.0,97.2,11.1
2024-07-18 14:00:00,KL-PKD-09,Palakkad,Gap/Plains/Forest,10.7867,76.6548,0.0,31.0,71.1,97.0,12.8
2024-07-18 15:00:00,KL-PKD-09,Palakkad,Gap/Plains/Forest,10.7867,76.6548,25.5,28.1,95.2,98.0,25.5
2024-07-18 16:00:00,KL-PKD-09,Palakkad,Gap/Plains/Forest,10.7867,76.6548,0.0,30.9,69.9,97.8,14.5
2024-07-18 17:00:00,KL-PKD-09,Palakkad,Gap/Plains/Forest,10.7867,76.6548,4.4,29.3,74.4,98.0,18.1
2024-07-18 18:00:00,KL-PKD-09,Palakkad,Gap/Plains/Forest,10.7867,76.6548,0.0,29.8,69.1,97.8,14.7
2024-07-18 19:00:00,KL-PKD-09,Palakkad,Gap/Plains/Forest,10.7867,76.6548,0.0,29.0,72.6,97.5,11.1
2024-07-18 20:00:00,KL-PKD-09,Palakkad,Gap/Plains/Forest,10.7867,76.6548,15.8,26.1,83.7,98.0,18.0
2024-07-18 21:00:00,KL-PKD-09,Palakkad,Gap/Plains/Forest,10.7867,76.6548,13.8,27.2,83.3,98.0,18.3
2024-07-18 22:00:00,KL-PKD-09,Palakkad,Gap/Plains/Forest,10.7867,76.6548,27.8,24.0,96.9,98.0,24.9
2024-07-18 23:00:00,KL-PKD-09,Palakkad,Gap/Plains/Forest,10.7867,76.6548,0.0,27.4,74.8,97.8,10.4
2024-07-19 00:00:00,KL-PKD-09,Palakkad,Gap/Plains/Forest,10.7867,76.6548,21.5,24.4,87.6,98.0,26.4
2024-07-19 01:00:00,KL-PKD-09,Palakkad,Gap/Plains/Forest,10.7867,76.6548,0.0,27.9,69.1,97.8,11.8
2024-07-19 02:00:00,KL-PKD-09,Palakkad,Gap/Plains/Forest,10.7867,76.6548,29.0,24.2,94.8,98.0,25.2
2024-07-19 03:00:00,KL-PKD-09,Palakkad,Gap/Plains/Forest,10.7867,76.6548,16.5,26.5,87.0,98.0,23.4
2024-07-19 04:00:00,KL-PKD-09,Palakkad,Gap/Plains/Forest,10.7867,76.6548,44.8,21.6,99.0,98.0,34.9
2024-07-19 05:00:00,KL-PKD-09,Palakkad,Gap/Plains/Forest,10.7867,76.6548,19.5,26.1,89.8,98.0,21.6
2024-07-19 06:00:00,KL-PKD-09,Palakkad,Gap/Plains/Forest,10.7867,76.6548,0.0,30.8,73.7,97.8,13.3
2024-07-19 07:00:00,KL-PKD-09,Palakkad,Gap/Plains/Forest,10.7867,76.6548,21.0,26.9,86.6,98.0,22.4
2024-07-19 08:00:00,KL-PKD-09,Palakkad,Gap/Plains/Forest,10.7867,76.6548,50.8,22.9,99.0,98.0,36.8
2024-07-19 09:00:00,KL-PKD-09,Palakkad,Gap/Plains/Forest,10.7867,76.6548,0.0,31.4,71.8,97.8,10.1
2024-07-19 10:00:00,KL-PKD-09,Palakkad,Gap/Plains/Forest,10.7867,76.6548,11.5,30.4,81.9,98.0,16.2
2024-07-19 11:00:00,KL-PKD-09,Palakkad,Gap/Plains/Forest,10.7867,76.6548,36.8,27.0,99.0,98.0,30.0
2024-07-19 12:00:00,KL-PKD-09,Palakkad,Gap/Plains/Forest,10.7867,76.6548,46.5,25.5,99.0,98.0,34.1
2024-07-19 13:00:00,KL-PKD-09,Palakkad,Gap/Plains/Forest,10.7867,76.6548,0.0,31.2,70.5,97.8,13.8
2024-07-19 14:00:00,KL-PKD-09,Palakkad,Gap/Plains/Forest,10.7867,76.6548,50.9,24.1,99.0,98.0,37.1
2024-07-19 15:00:00,KL-PKD-09,Palakkad,Gap/Plains/Forest,10.7867,76.6548,60.4,22.5,99.0,98.0,45.1
2024-07-19 16:00:00,KL-PKD-09,Palakkad,Gap/Plains/Forest,10.7867,76.6548,59.8,22.2,99.0,98.0,44.3
2024-07-19 17:00:00,KL-PKD-09,Palakkad,Gap/Plains/Forest,10.7867,76.6548,18.6,28.2,85.6,98.0,24.0
2024-07-19 18:00:00,KL-PKD-09,Palakkad,Gap/Plains/Forest,10.7867,76.6548,53.7,21.2,99.0,98.0,37.7
2024-07-19 19:00:00,KL-PKD-09,Palakkad,Gap/Plains/Forest,10.7867,76.6548,44.8,23.2,99.0,98.0,35.2
2024-07-19 20:00:00,KL-PKD-09,Palakkad,Gap/Plains/Forest,10.7867,76.6548,0.0,28.4,72.8,97.8,13.3
2024-07-19 21:00:00,KL-PKD-09,Palakkad,Gap/Plains/Forest,10.7867,76.6548,51.6,20.2,99.0,98.0,37.5
2024-07-19 22:00:00,KL-PKD-09,Palakkad,Gap/Plains/Forest,10.7867,76.6548,34.3,22.6,97.2,98.0,32.9
2024-07-19 23:00:00,KL-PKD-09,Palakkad,Gap/Plains/Forest,10.7867,76.6548,58.3,19.4,99.0,98.0,41.0
2024-07-20 00:00:00,KL-PKD-09,Palakkad,Gap/Plains/Forest,10.7867,76.6548,40.0,22.2,99.0,98.0,32.4
2024-07-20 01:00:00,KL-PKD-09,Palakkad,Gap/Plains/Forest,10.7867,76.6548,56.5,18.8,99.0,98.0,41.6
2024-07-20 02:00:00,KL-PKD-09,Palakkad,Gap/Plains/Forest,10.7867,76.6548,59.0,18.7,99.0,98.0,40.3
2024-07-20 03:00:00,KL-PKD-09,Palakkad,Gap/Plains/Forest,10.7867,76.6548,12.1,26.2,81.8,98.0,21.7
2024-07-20 04:00:00,KL-PKD-09,Palakkad,Gap/Plains/Forest,10.7867,76.6548,51.1,22.1,99.0,98.0,38.0
2024-07-20 05:00:00,KL-PKD-09,Palakkad,Gap/Plains/Forest,10.7867,76.6548,35.8,24.2,99.0,98.0,31.8
2024-07-20 06:00:00,KL-PKD-09,Palakkad,Gap/Plains/Forest,10.7867,76.6548,16.6,28.0,87.2,98.0,21.0
2024-07-20 07:00:00,KL-PKD-09,Palakkad,Gap/Plains/Forest,10.7867,76.6548,58.1,21.4,99.0,98.0,42.9
2024-07-20 08:00:00,KL-PKD-09,Palakkad,Gap/Plains/Forest,10.7867,76.6548,10.6,30.0,78.8,98.0,15.6
2024-07-20 09:00:00,KL-PKD-09,Palakkad,Gap/Plains/Forest,10.7867,76.6548,20.1,27.8,90.3,98.0,23.1
2024-07-20 10:00:00,KL-PKD-09,Palakkad,Gap/Plains/Forest,10.7867,76.6548,47.3,24.9,99.0,98.0,38.2
2024-07-20 11:00:00,KL-PKD-09,Palakkad,Gap/Plains/Forest,10.7867,76.6548,41.9,26.0,99.0,98.0,31.2
2024-07-20 12:00:00,KL-PKD-09,Palakkad,Gap/Plains/Forest,10.7867,76.6548,17.8,29.5,83.3,98.0,23.1
2024-07-20 13:00:00,KL-PKD-09,Palakkad,Gap/Plains/Forest,10.7867,76.6548,25.2,28.8,90.1,98.0,23.9
2024-07-20 14:00:00,KL-PKD-09,Palakkad,Gap/Plains/Forest,10.7867,76.6548,51.0,24.5,99.0,98.0,38.8
2024-07-20 15:00:00,KL-PKD-09,Palakkad,Gap/Plains/Forest,10.7867,76.6548,14.2,28.8,84.0,98.0,19.1
2024-07-20 16:00:00,KL-PKD-09,Palakkad,Gap/Plains/Forest,10.7867,76.6548,18.4,27.6,85.4,98.0,19.4
2024-07-20 17:00:00,KL-PKD-09,Palakkad,Gap/Plains/Forest,10.7867,76.6548,35.2,25.3,99.0,98.0,28.7
2024-07-20 18:00:00,KL-PKD-09,Palakkad,Gap/Plains/Forest,10.7867,76.6548,40.7,24.3,99.0,98.0,31.6
2024-07-20 19:00:00,KL-PKD-09,Palakkad,Gap/Plains/Forest,10.7867,76.6548,37.0,24.5,99.0,98.0,33.8
2024-07-20 20:00:00,KL-PKD-09,Palakkad,Gap/Plains/Forest,10.7867,76.6548,0.0,28.8,69.3,97.8,13.8
2024-07-20 21:00:00,KL-PKD-09,Palakkad,Gap/Plains/Forest,10.7867,76.6548,39.9,22.2,99.0,98.0,31.8
2024-07-20 22:00:00,KL-PKD-09,Palakkad,Gap/Plains/Forest,10.7867,76.6548,12.1,26.2,81.7,98.0,20.4
2024-07-20 23:00:00,KL-PKD-09,Palakkad,Gap/Plains/Forest,10.7867,76.6548,0.0,28.0,71.3,97.8,14.5
2024-07-21 00:00:00,KL-PKD-09,Palakkad,Gap/Plains/Forest,10.7867,76.6548,0.0,28.0,72.6,97.5,14.8
2024-07-21 01:00:00,KL-PKD-09,Palakkad,Gap/Plains/Forest,10.7867,76.6548,0.0,28.8,69.5,97.2,10.6
2024-07-21 02:00:00,KL-PKD-09,Palakkad,Gap/Plains/Forest,10.7867,76.6548,5.6,26.7,73.5,98.0,14.4
2024-07-21 03:00:00,KL-PKD-09,Palakkad,Gap/Plains/Forest,10.7867,76.6548,18.1,26.2,89.2,98.0,19.6
2024-07-21 04:00:00,KL-PKD-09,Palakkad,Gap/Plains/Forest,10.7867,76.6548,23.3,26.3,92.1,98.0,23.9
2024-07-21 05:00:00,KL-PKD-09,Palakkad,Gap/Plains/Forest,10.7867,76.6548,22.6,25.8,87.3,98.0,22.0
2024-07-21 06:00:00,KL-PKD-09,Palakkad,Gap/Plains/Forest,10.7867,76.6548,16.3,28.2,87.9,98.0,23.6
2024-07-21 07:00:00,KL-PKD-09,Palakkad,Gap/Plains/Forest,10.7867,76.6548,20.3,28.2,90.0,98.0,25.4
2024-07-21 08:00:00,KL-PKD-09,Palakkad,Gap/Plains/Forest,10.7867,76.6548,0.0,30.5,69.7,97.8,14.3
2024-07-21 09:00:00,KL-PKD-09,Palakkad,Gap/Plains/Forest,10.7867,76.6548,24.6,28.0,90.3,98.0,22.4
2024-07-21 10:00:00,KL-PKD-09,Palakkad,Gap/Plains/Forest,10.7867,76.6548,0.0,31.0,73.2,97.8,11.3
2024-07-21 11:00:00,KL-PKD-09,Palakkad,Gap/Plains/Forest,10.7867,76.6548,11.4,29.5,80.7,98.0,18.5
2024-07-21 12:00:00,KL-PKD-09,Palakkad,Gap/Plains/Forest,10.7867,76.6548,3.3,32.1,75.6,98.0,17.4
2024-07-21 13:00:00,KL-PKD-09,Palakkad,Gap/Plains/Forest,10.7867,76.6548,0.0,32.3,73.3,97.8,11.2
2024-07-21 14:00:00,KL-PKD-09,Palakkad,Gap/Plains/Forest,10.7867,76.6548,15.8,34.1,82.8,98.0,22.0
2024-07-21 15:00:00,KL-PKD-09,Palakkad,Gap/Plains/Forest,10.7867,76.6548,0.0,36.2,69.3,97.8,13.4
2024-07-21 16:00:00,KL-PKD-09,Palakkad,Gap/Plains/Forest,10.7867,76.6548,0.0,35.1,73.2,97.5,14.8
2024-07-21 17:00:00,KL-PKD-09,Palakkad,Gap/Plains/Forest,10.7867,76.6548,0.0,34.9,70.7,97.2,10.5
2024-07-21 18:00:00,KL-PKD-09,Palakkad,Gap/Plains/Forest,10.7867,76.6548,16.0,31.7,84.0,98.0,23.4
2024-07-21 19:00:00,KL-PKD-09,Palakkad,Gap/Plains/Forest,10.7867,76.6548,0.0,33.5,70.9,97.8,13.8
2024-07-21 20:00:00,KL-PKD-09,Palakkad,Gap/Plains/Forest,10.7867,76.6548,0.0,33.1,71.2,97.5,15.9
2024-07-21 21:00:00,KL-PKD-09,Palakkad,Gap/Plains/Forest,10.7867,76.6548,0.0,32.0,73.0,97.2,15.3
2024-07-21 22:00:00,KL-PKD-09,Palakkad,Gap/Plains/Forest,10.7867,76.6548,0.0,32.1,74.8,97.0,10.5
2024-07-21 23:00:00,KL-PKD-09,Palakkad,Gap/Plains/Forest,10.7867,76.6548,4.0,32.1,76.1,98.0,14.7
2024-07-22 00:00:00,KL-PKD-09,Palakkad,Gap/Plains/Forest,10.7867,76.6548,0.0,32.3,74.3,97.8,12.1
2024-07-22 01:00:00,KL-PKD-09,Palakkad,Gap/Plains/Forest,10.7867,76.6548,0.0,32.8,69.9,97.5,12.0
2024-07-22 02:00:00,KL-PKD-09,Palakkad,Gap/Plains/Forest,10.7867,76.6548,0.0,32.7,74.1,97.2,13.4
2024-07-22 03:00:00,KL-PKD-09,Palakkad,Gap/Plains/Forest,10.7867,76.6548,0.0,33.1,73.9,97.0,12.4
2024-07-22 04:00:00,KL-PKD-09,Palakkad,Gap/Plains/Forest,10.7867,76.6548,0.0,33.6,74.9,96.8,13.3
2024-07-22 05:00:00,KL-PKD-09,Palakkad,Gap/Plains/Forest,10.7867,76.6548,0.0,33.6,70.5,96.5,13.3
2024-07-22 06:00:00,KL-PKD-09,Palakkad,Gap/Plains/Forest,10.7867,76.6548,0.0,34.4,73.1,96.2,14.7
2024-07-22 07:00:00,KL-PKD-09,Palakkad,Gap/Plains/Forest,10.7867,76.6548,0.0,34.2,74.0,96.0,12.2
2024-07-22 08:00:00,KL-PKD-09,Palakkad,Gap/Plains/Forest,10.7867,76.6548,0.0,35.0,73.9,95.8,11.3
2024-07-22 09:00:00,KL-PKD-09,Palakkad,Gap/Plains/Forest,10.7867,76.6548,6.4,34.9,74.8,98.0,17.0
2024-07-22 10:00:00,KL-PKD-09,Palakkad,Gap/Plains/Forest,10.7867,76.6548,0.0,36.3,74.4,97.7,11.1
2024-07-22 11:00:00,KL-PKD-09,Palakkad,Gap/Plains/Forest,10.7867,76.6548,10.7,34.3,78.2,98.0,16.2
2024-07-22 12:00:00,KL-PKD-09,Palakkad,Gap/Plains/Forest,10.7867,76.6548,12.4,33.7,81.4,98.0,21.2
2024-07-22 13:00:00,KL-PKD-09,Palakkad,Gap/Plains/Forest,10.7867,76.6548,0.0,35.3,73.9,97.8,10.1
2024-07-22 14:00:00,KL-PKD-09,Palakkad,Gap/Plains/Forest,10.7867,76.6548,2.9,34.8,76.0,98.0,11.9
2024-07-22 15:00:00,KL-PKD-09,Palakkad,Gap/Plains/Forest,10.7867,76.6548,12.2,33.5,80.9,98.0,18.5
2024-07-22 16:00:00,KL-PKD-09,Palakkad,Gap/Plains/Forest,10.7867,76.6548,0.0,34.7,71.3,97.8,11.3
2024-07-22 17:00:00,KL-PKD-09,Palakkad,Gap/Plains/Forest,10.7867,76.6548,0.0,34.7,71.9,97.5,13.7
2024-07-22 18:00:00,KL-PKD-09,Palakkad,Gap/Plains/Forest,10.7867,76.6548,7.0,32.2,76.5,98.0,13.7
2024-07-22 19:00:00,KL-PKD-09,Palakkad,Gap/Plains/Forest,10.7867,76.6548,0.0,34.1,71.3,97.8,13.2
2024-07-22 20:00:00,KL-PKD-09,Palakkad,Gap/Plains/Forest,10.7867,76.6548,9.2,31.8,78.5,98.0,20.4
2024-07-22 21:00:00,KL-PKD-09,Palakkad,Gap/Plains/Forest,10.7867,76.6548,0.0,31.8,69.2,97.8,12.9
2024-07-22 22:00:00,KL-PKD-09,Palakkad,Gap/Plains/Forest,10.7867,76.6548,0.0,32.2,72.3,97.5,10.5
2024-07-22 23:00:00,KL-PKD-09,Palakkad,Gap/Plains/Forest,10.7867,76.6548,0.0,32.4,74.5,97.2,12.7
2024-07-23 00:00:00,KL-PKD-09,Palakkad,Gap/Plains/Forest,10.7867,76.6548,0.0,31.6,74.9,97.0,10.2
2024-07-23 01:00:00,KL-PKD-09,Palakkad,Gap/Plains/Forest,10.7867,76.6548,10.3,31.1,78.5,98.0,17.6
2024-07-23 02:00:00,KL-PKD-09,Palakkad,Gap/Plains/Forest,10.7867,76.6548,3.1,32.4,76.2,98.0,17.2
2024-07-23 03:00:00,KL-PKD-09,Palakkad,Gap/Plains/Forest,10.7867,76.6548,0.0,32.6,71.8,97.8,14.2
2024-07-23 04:00:00,KL-PKD-09,Palakkad,Gap/Plains/Forest,10.7867,76.6548,0.0,33.7,72.9,97.5,10.3
2024-07-23 05:00:00,KL-PKD-09,Palakkad,Gap/Plains/Forest,10.7867,76.6548,0.0,33.8,71.9,97.2,15.4
2024-07-23 06:00:00,KL-PKD-09,Palakkad,Gap/Plains/Forest,10.7867,76.6548,3.6,33.1,73.9,98.0,12.5
2024-07-23 07:00:00,KL-PKD-09,Palakkad,Gap/Plains/Forest,10.7867,76.6548,11.6,32.3,81.2,98.0,15.8
2024-07-23 08:00:00,KL-PKD-09,Palakkad,Gap/Plains/Forest,10.7867,76.6548,0.0,35.5,74.4,97.8,14.6
2024-07-23 09:00:00,KL-PKD-09,Palakkad,Gap/Plains/Forest,10.7867,76.6548,4.0,34.6,76.3,98.0,17.1
2024-07-23 10:00:00,KL-PKD-09,Palakkad,Gap/Plains/Forest,10.7867,76.6548,7.3,35.0,80.3,98.0,14.3
2024-07-23 11:00:00,KL-PKD-09,Palakkad,Gap/Plains/Forest,10.7867,76.6548,11.2,35.0,81.3,98.0,18.2
2024-07-23 12:00:00,KL-PKD-09,Palakkad,Gap/Plains/Forest,10.7867,76.6548,0.0,36.3,69.1,97.8,13.2
2024-07-23 13:00:00,KL-PKD-09,Palakkad,Gap/Plains/Forest,10.7867,76.6548,0.0,36.1,69.6,97.5,12.8
2024-07-23 14:00:00,KL-PKD-09,Palakkad,Gap/Plains/Forest,10.7867,76.6548,9.5,34.2,77.0,98.0,16.3
2024-07-23 15:00:00,KL-PKD-09,Palakkad,Gap/Plains/Forest,10.7867,76.6548,0.0,35.2,71.4,97.8,15.5
2024-07-23 16:00:00,KL-PKD-09,Palakkad,Gap/Plains/Forest,10.7867,76.6548,0.0,35.6,69.7,97.5,11.0
2024-07-23 17:00:00,KL-PKD-09,Palakkad,Gap/Plains/Forest,10.7867,76.6548,0.0,34.8,71.7,97.2,16.0
2024-07-23 18:00:00,KL-PKD-09,Palakkad,Gap/Plains/Forest,10.7867,76.6548,6.2,32.4,78.7,98.0,14.2
2024-07-23 19:00:00,KL-PKD-09,Palakkad,Gap/Plains/Forest,10.7867,76.6548,0.0,33.6,70.4,97.8,10.9
2024-07-23 20:00:00,KL-PKD-09,Palakkad,Gap/Plains/Forest,10.7867,76.6548,13.8,30.1,80.4,98.0,21.6
2024-07-23 21:00:00,KL-PKD-09,Palakkad,Gap/Plains/Forest,10.7867,76.6548,13.7,30.7,80.0,98.0,22.1
2024-07-23 22:00:00,KL-PKD-09,Palakkad,Gap/Plains/Forest,10.7867,76.6548,18.7,30.0,88.8,98.0,20.5
2024-07-23 23:00:00,KL-PKD-09,Palakkad,Gap/Plains/Forest,10.7867,76.6548,0.0,32.0,69.6,97.8,12.3
2024-07-24 00:00:00,KL-PKD-09,Palakkad,Gap/Plains/Forest,10.7867,76.6548,0.0,32.1,73.8,97.5,10.9
2024-07-24 01:00:00,KL-PKD-09,Palakkad,Gap/Plains/Forest,10.7867,76.6548,13.0,30.7,79.8,98.0,19.6
2024-07-24 02:00:00,KL-PKD-09,Palakkad,Gap/Plains/Forest,10.7867,76.6548,0.0,32.4,70.5,97.8,14.5
2024-07-24 03:00:00,KL-PKD-09,Palakkad,Gap/Plains/Forest,10.7867,76.6548,0.0,32.4,70.4,97.5,11.6
2024-07-24 04:00:00,KL-PKD-09,Palakkad,Gap/Plains/Forest,10.7867,76.6548,13.0,31.6,84.1,98.0,16.7
2024-07-24 05:00:00,KL-PKD-09,Palakkad,Gap/Plains/Forest,10.7867,76.6548,0.0,34.2,71.3,97.8,13.6
2024-07-24 06:00:00,KL-PKD-09,Palakkad,Gap/Plains/Forest,10.7867,76.6548,0.0,34.4,69.8,97.5,13.7
2024-07-24 07:00:00,KL-PKD-09,Palakkad,Gap/Plains/Forest,10.7867,76.6548,0.0,35.1,72.9,97.2,14.5
2024-07-24 08:00:00,KL-PKD-09,Palakkad,Gap/Plains/Forest,10.7867,76.6548,20.3,27.6,89.9,98.0,22.7
2024-07-24 09:00:00,KL-PKD-09,Palakkad,Gap/Plains/Forest,10.7867,76.6548,6.0,29.8,79.1,98.0,13.9
2024-07-24 10:00:00,KL-PKD-09,Palakkad,Gap/Plains/Forest,10.7867,76.6548,0.0,31.5,71.4,97.8,12.8
2024-07-24 11:00:00,KL-PKD-09,Palakkad,Gap/Plains/Forest,10.7867,76.6548,0.0,32.6,70.8,97.5,13.2
2024-07-24 12:00:00,KL-PKD-09,Palakkad,Gap/Plains/Forest,10.7867,76.6548,14.9,30.5,84.0,98.0,19.8
2024-07-24 13:00:00,KL-PKD-09,Palakkad,Gap/Plains/Forest,10.7867,76.6548,0.0,32.2,73.2,97.8,15.5
2024-07-24 14:00:00,KL-PKD-09,Palakkad,Gap/Plains/Forest,10.7867,76.6548,0.0,32.0,72.4,97.5,12.8
2024-07-24 15:00:00,KL-PKD-09,Palakkad,Gap/Plains/Forest,10.7867,76.6548,24.1,27.5,91.4,98.0,25.8
2024-07-24 16:00:00,KL-PKD-09,Palakkad,Gap/Plains/Forest,10.7867,76.6548,16.4,28.2,83.9,98.0,21.3
2024-07-24 17:00:00,KL-PKD-09,Palakkad,Gap/Plains/Forest,10.7867,76.6548,43.7,24.6,99.0,98.0,33.9
2024-07-24 18:00:00,KL-PKD-09,Palakkad,Gap/Plains/Forest,10.7867,76.6548,42.2,23.7,99.0,98.0,40.7
2024-07-24 19:00:00,KL-PKD-09,Palakkad,Gap/Plains/Forest,10.7867,76.6548,36.5,24.4,99.0,98.0,37.1
2024-07-24 20:00:00,KL-PKD-09,Palakkad,Gap/Plains/Forest,10.7867,76.6548,0.0,28.7,73.1,97.8,20.2
2024-07-24 21:00:00,KL-PKD-09,Palakkad,Gap/Plains/Forest,10.7867,76.6548,23.0,25.6,90.9,98.0,30.5
2024-07-24 22:00:00,KL-PKD-09,Palakkad,Gap/Plains/Forest,10.7867,76.6548,0.0,28.9,72.8,97.8,19.2
2024-07-24 23:00:00,KL-PKD-09,Palakkad,Gap/Plains/Forest,10.7867,76.6548,0.0,28.6,70.1,97.5,21.9
2024-07-25 00:00:00,KL-PKD-09,Palakkad,Gap/Plains/Forest,10.7867,76.6548,21.6,24.7,87.9,98.0,32.2
2024-07-25 01:00:00,KL-PKD-09,Palakkad,Gap/Plains/Forest,10.7867,76.6548,16.7,25.2,88.2,98.0,31.2
2024-07-25 02:00:00,KL-PKD-09,Palakkad,Gap/Plains/Forest,10.7867,76.6548,0.0,27.5,70.1,97.8,23.6
2024-07-25 03:00:00,KL-PKD-09,Palakkad,Gap/Plains/Forest,10.7867,76.6548,0.0,28.5,74.9,97.5,21.5
2024-07-25 04:00:00,KL-PKD-09,Palakkad,Gap/Plains/Forest,10.7867,76.6548,45.5,21.5,99.0,98.0,46.6
2024-07-25 05:00:00,KL-PKD-09,Palakkad,Gap/Plains/Forest,10.7867,76.6548,40.9,22.7,99.0,98.0,40.6
2024-07-25 06:00:00,KL-PKD-09,Palakkad,Gap/Plains/Forest,10.7867,76.6548,0.0,29.3,74.1,97.8,19.7
2024-07-25 07:00:00,KL-PKD-09,Palakkad,Gap/Plains/Forest,10.7867,76.6548,28.8,26.9,96.2,98.0,33.6
2024-07-25 08:00:00,KL-PKD-09,Palakkad,Gap/Plains/Forest,10.7867,76.6548,0.0,31.1,69.1,97.8,20.0
2024-07-25 09:00:00,KL-PKD-09,Palakkad,Gap/Plains/Forest,10.7867,76.6548,31.0,26.3,97.5,98.0,36.9
2024-07-25 10:00:00,KL-PKD-09,Palakkad,Gap/Plains/Forest,10.7867,76.6548,52.6,23.3,99.0,98.0,46.2
2024-07-25 11:00:00,KL-PKD-09,Palakkad,Gap/Plains/Forest,10.7867,76.6548,73.4,20.4,99.0,98.0,60.4
2024-07-25 12:00:00,KL-PKD-09,Palakkad,Gap/Plains/Forest,10.7867,76.6548,69.8,21.2,99.0,98.0,53.5
2024-07-25 13:00:00,KL-PKD-09,Palakkad,Gap/Plains/Forest,10.7867,76.6548,0.0,31.5,71.8,97.8,19.0
2024-07-25 14:00:00,KL-PKD-09,Palakkad,Gap/Plains/Forest,10.7867,76.6548,62.0,22.1,99.0,98.0,52.6
2024-07-25 15:00:00,KL-PKD-09,Palakkad,Gap/Plains/Forest,10.7867,76.6548,57.2,23.2,99.0,98.0,51.0
2024-07-25 16:00:00,KL-PKD-09,Palakkad,Gap/Plains/Forest,10.7867,76.6548,64.1,21.5,99.0,98.0,55.3
2024-07-25 17:00:00,KL-PKD-09,Palakkad,Gap/Plains/Forest,10.7867,76.6548,79.8,18.3,99.0,98.0,61.6
2024-07-25 18:00:00,KL-PKD-09,Palakkad,Gap/Plains/Forest,10.7867,76.6548,0.0,30.2,71.2,97.8,22.2
2024-07-25 19:00:00,KL-PKD-09,Palakkad,Gap/Plains/Forest,10.7867,76.6548,73.6,18.9,99.0,98.0,56.7
2024-07-25 20:00:00,KL-PKD-09,Palakkad,Gap/Plains/Forest,10.7867,76.6548,34.5,23.4,99.0,98.0,38.1
2024-07-25 21:00:00,KL-PKD-09,Palakkad,Gap/Plains/Forest,10.7867,76.6548,95.5,18.0,99.0,98.0,70.6
2024-07-25 22:00:00,KL-PKD-09,Palakkad,Gap/Plains/Forest,10.7867,76.6548,43.4,21.7,99.0,98.0,45.2
2024-07-25 23:00:00,KL-PKD-09,Palakkad,Gap/Plains/Forest,10.7867,76.6548,35.5,22.5,99.0,98.0,38.6
2024-07-26 00:00:00,KL-PKD-09,Palakkad,Gap/Plains/Forest,10.7867,76.6548,88.9,18.0,99.0,98.0,67.5
2024-07-26 01:00:00,KL-PKD-09,Palakkad,Gap/Plains/Forest,10.7867,76.6548,0.0,27.9,73.6,97.8,18.5
2024-07-26 02:00:00,KL-PKD-09,Palakkad,Gap/Plains/Forest,10.7867,76.6548,0.0,27.6,73.2,97.5,18.3
2024-07-26 03:00:00,KL-PKD-09,Palakkad,Gap/Plains/Forest,10.7867,76.6548,95.2,18.0,99.0,98.0,67.3
2024-07-26 04:00:00,KL-PKD-09,Palakkad,Gap/Plains/Forest,10.7867,76.6548,0.0,28.6,70.9,97.8,21.1
2024-07-26 05:00:00,KL-PKD-09,Palakkad,Gap/Plains/Forest,10.7867,76.6548,65.1,20.2,99.0,98.0,56.2
2024-07-26 06:00:00,KL-PKD-09,Palakkad,Gap/Plains/Forest,10.7867,76.6548,59.8,21.7,99.0,98.0,52.7
2024-07-26 07:00:00,KL-PKD-09,Palakkad,Gap/Plains/Forest,10.7867,76.6548,101.2,18.0,99.0,98.0,69.3
2024-07-26 08:00:00,KL-PKD-09,Palakkad,Gap/Plains/Forest,10.7867,76.6548,76.4,19.0,99.0,98.0,57.7
2024-07-26 09:00:00,KL-PKD-09,Palakkad,Gap/Plains/Forest,10.7867,76.6548,83.2,19.0,99.0,98.0,62.6
2024-07-26 10:00:00,KL-PKD-09,Palakkad,Gap/Plains/Forest,10.7867,76.6548,52.5,23.3,99.0,98.0,49.3
2024-07-26 11:00:00,KL-PKD-09,Palakkad,Gap/Plains/Forest,10.7867,76.6548,34.0,26.3,96.9,98.0,36.5
2024-07-26 12:00:00,KL-PKD-09,Palakkad,Gap/Plains/Forest,10.7867,76.6548,107.2,18.0,99.0,98.0,76.4
2024-07-26 13:00:00,KL-PKD-09,Palakkad,Gap/Plains/Forest,10.7867,76.6548,41.6,25.5,99.0,98.0,44.6
2024-07-26 14:00:00,KL-PKD-09,Palakkad,Gap/Plains/Forest,10.7867,76.6548,0.0,31.5,72.6,97.8,22.3
2024-07-26 15:00:00,KL-PKD-09,Palakkad,Gap/Plains/Forest,10.7867,76.6548,0.0,31.8,72.1,97.5,20.4
2024-07-26 16:00:00,KL-PKD-09,Palakkad,Gap/Plains/Forest,10.7867,76.6548,46.3,23.6,99.0,98.0,43.4
2024-07-26 17:00:00,KL-PKD-09,Palakkad,Gap/Plains/Forest,10.7867,76.6548,52.4,22.5,99.0,98.0,46.1
2024-07-26 18:00:00,KL-PKD-09,Palakkad,Gap/Plains/Forest,10.7867,76.6548,10.8,28.6,78.5,98.0,28.6
2024-07-26 19:00:00,KL-PKD-09,Palakkad,Gap/Plains/Forest,10.7867,76.6548,0.0,29.9,72.9,97.8,19.8
2024-07-26 20:00:00,KL-PKD-09,Palakkad,Gap/Plains/Forest,10.7867,76.6548,10.2,27.4,80.1,98.0,25.9
2024-07-26 21:00:00,KL-PKD-09,Palakkad,Gap/Plains/Forest,10.7867,76.6548,63.5,18.9,99.0,98.0,55.4
2024-07-26 22:00:00,KL-PKD-09,Palakkad,Gap/Plains/Forest,10.7867,76.6548,0.0,28.9,70.8,97.8,18.3
2024-07-26 23:00:00,KL-PKD-09,Palakkad,Gap/Plains/Forest,10.7867,76.6548,30.6,23.4,97.1,98.0,35.4
2024-07-27 00:00:00,KL-PKD-09,Palakkad,Gap/Plains/Forest,10.7867,76.6548,34.5,23.5,99.0,98.0,38.1
2024-07-27 01:00:00,KL-PKD-09,Palakkad,Gap/Plains/Forest,10.7867,76.6548,18.0,26.0,84.4,98.0,33.0
2024-07-27 02:00:00,KL-PKD-09,Palakkad,Gap/Plains/Forest,10.7867,76.6548,44.0,21.3,99.0,98.0,41.3
2024-07-27 03:00:00,KL-PKD-09,Palakkad,Gap/Plains/Forest,10.7867,76.6548,8.3,27.2,80.4,98.0,24.9
2024-07-27 04:00:00,KL-PKD-09,Palakkad,Gap/Plains/Forest,10.7867,76.6548,0.0,28.7,69.3,97.8,21.1
2024-07-27 05:00:00,KL-PKD-09,Palakkad,Gap/Plains/Forest,10.7867,76.6548,26.4,25.5,94.7,98.0,31.4
2024-07-27 06:00:00,KL-PKD-09,Palakkad,Gap/Plains/Forest,10.7867,76.6548,0.0,30.4,72.4,97.8,18.4
2024-07-27 07:00:00,KL-PKD-09,Palakkad,Gap/Plains/Forest,10.7867,76.6548,0.0,31.2,71.3,97.5,14.0
2024-07-27 08:00:00,KL-PKD-09,Palakkad,Gap/Plains/Forest,10.7867,76.6548,34.5,25.5,97.5,98.0,32.7
2024-07-27 09:00:00,KL-PKD-09,Palakkad,Gap/Plains/Forest,10.7867,76.6548,20.0,28.2,85.3,98.0,21.8
2024-07-27 10:00:00,KL-PKD-09,Palakkad,Gap/Plains/Forest,10.7867,76.6548,0.0,31.2,72.4,97.8,12.5
2024-07-27 11:00:00,KL-PKD-09,Palakkad,Gap/Plains/Forest,10.7867,76.6548,0.0,31.4,72.3,97.5,11.5
2024-07-27 12:00:00,KL-PKD-09,Palakkad,Gap/Plains/Forest,10.7867,76.6548,0.0,31.2,69.4,97.2,15.2
2024-07-27 13:00:00,KL-PKD-09,Palakkad,Gap/Plains/Forest,10.7867,76.6548,19.7,28.3,87.6,98.0,25.7
2024-07-27 14:00:00,KL-PKD-09,Palakkad,Gap/Plains/Forest,10.7867,76.6548,0.0,31.7,69.5,97.8,12.8
2024-07-27 15:00:00,KL-PKD-09,Palakkad,Gap/Plains/Forest,10.7867,76.6548,0.0,31.6,74.9,97.5,15.1
2024-07-27 16:00:00,KL-PKD-09,Palakkad,Gap/Plains/Forest,10.7867,76.6548,0.0,30.6,72.4,97.2,15.3
2024-07-27 17:00:00,KL-PKD-09,Palakkad,Gap/Plains/Forest,10.7867,76.6548,0.0,34.2,73.0,97.0,13.2
2024-07-27 18:00:00,KL-PKD-09,Palakkad,Gap/Plains/Forest,10.7867,76.6548,0.0,34.5,72.5,96.8,14.1
2024-07-27 19:00:00,KL-PKD-09,Palakkad,Gap/Plains/Forest,10.7867,76.6548,0.0,33.9,70.5,96.5,14.9
2024-07-27 20:00:00,KL-PKD-09,Palakkad,Gap/Plains/Forest,10.7867,76.6548,0.0,32.6,74.6,96.2,11.8
2024-07-27 21:00:00,KL-PKD-09,Palakkad,Gap/Plains/Forest,10.7867,76.6548,0.0,33.4,69.3,96.0,13.6
2024-07-27 22:00:00,KL-PKD-09,Palakkad,Gap/Plains/Forest,10.7867,76.6548,0.0,31.9,73.9,95.8,13.3
2024-07-27 23:00:00,KL-PKD-09,Palakkad,Gap/Plains/Forest,10.7867,76.6548,0.0,31.6,74.7,95.5,12.8
2024-07-28 00:00:00,KL-PKD-09,Palakkad,Gap/Plains/Forest,10.7867,76.6548,4.6,31.4,74.9,97.1,16.8
2024-07-28 01:00:00,KL-PKD-09,Palakkad,Gap/Plains/Forest,10.7867,76.6548,0.0,31.8,69.5,96.9,11.0
2024-07-28 02:00:00,KL-PKD-09,Palakkad,Gap/Plains/Forest,10.7867,76.6548,0.0,33.0,69.4,96.6,11.9
2024-07-28 03:00:00,KL-PKD-09,Palakkad,Gap/Plains/Forest,10.7867,76.6548,0.0,32.5,73.9,96.4,10.9
2024-07-28 04:00:00,KL-PKD-09,Palakkad,Gap/Plains/Forest,10.7867,76.6548,0.0,32.2,74.6,96.1,10.7
2024-07-28 05:00:00,KL-PKD-09,Palakkad,Gap/Plains/Forest,10.7867,76.6548,16.1,31.1,87.6,98.0,21.6
2024-07-28 06:00:00,KL-PKD-09,Palakkad,Gap/Plains/Forest,10.7867,76.6548,0.0,34.6,70.7,97.8,13.7
2024-07-28 07:00:00,KL-PKD-09,Palakkad,Gap/Plains/Forest,10.7867,76.6548,4.5,33.6,74.9,98.0,12.7
2024-07-28 08:00:00,KL-PKD-09,Palakkad,Gap/Plains/Forest,10.7867,76.6548,13.5,32.2,83.0,98.0,19.7
2024-07-28 09:00:00,KL-PKD-09,Palakkad,Gap/Plains/Forest,10.7867,76.6548,15.5,33.6,85.3,98.0,23.7
2024-07-28 10:00:00,KL-PKD-09,Palakkad,Gap/Plains/Forest,10.7867,76.6548,4.3,34.5,78.3,98.0,14.4
2024-07-28 11:00:00,KL-PKD-09,Palakkad,Gap/Plains/Forest,10.7867,76.6548,0.0,36.5,71.1,97.8,13.4
2024-07-28 12:00:00,KL-PKD-09,Palakkad,Gap/Plains/Forest,10.7867,76.6548,13.4,33.7,80.0,98.0,20.2
2024-07-28 13:00:00,KL-PKD-09,Palakkad,Gap/Plains/Forest,10.7867,76.6548,0.0,36.1,73.9,97.8,11.2
2024-07-28 14:00:00,KL-PKD-09,Palakkad,Gap/Plains/Forest,10.7867,76.6548,6.6,35.5,74.9,98.0,16.9
2024-07-28 15:00:00,KL-PKD-09,Palakkad,Gap/Plains/Forest,10.7867,76.6548,0.0,35.5,74.0,97.8,11.7
2024-07-28 16:00:00,KL-PKD-09,Palakkad,Gap/Plains/Forest,10.7867,76.6548,9.0,33.3,80.1,98.0,18.7
2024-07-28 17:00:00,KL-PKD-09,Palakkad,Gap/Plains/Forest,10.7867,76.6548,8.9,33.5,76.3,98.0,19.6
2024-07-28 18:00:00,KL-PKD-09,Palakkad,Gap/Plains/Forest,10.7867,76.6548,0.0,34.3,73.9,97.8,12.2
2024-07-28 19:00:00,KL-PKD-09,Palakkad,Gap/Plains/Forest,10.7867,76.6548,0.0,33.2,73.2,97.5,12.4
2024-07-28 20:00:00,KL-PKD-09,Palakkad,Gap/Plains/Forest,10.7867,76.6548,0.0,32.6,74.9,97.2,11.9
2024-07-28 21:00:00,KL-PKD-09,Palakkad,Gap/Plains/Forest,10.7867,76.6548,4.3,31.4,73.4,98.0,12.6
2024-07-28 22:00:00,KL-PKD-09,Palakkad,Gap/Plains/Forest,10.7867,76.6548,0.0,31.7,69.6,97.8,12.7
2024-07-28 23:00:00,KL-PKD-09,Palakkad,Gap/Plains/Forest,10.7867,76.6548,2.4,32.1,75.0,98.0,14.7
2024-07-15 00:00:00,KL-KTM-10,Kottayam,Midland/Basin,9.5916,76.5222,0.0,27.4,72.9,56.9,15.7
2024-07-15 01:00:00,KL-KTM-10,Kottayam,Midland/Basin,9.5916,76.5222,0.0,28.2,74.6,56.7,11.3
2024-07-15 02:00:00,KL-KTM-10,Kottayam,Midland/Basin,9.5916,76.5222,0.0,27.5,69.9,56.4,11.1
2024-07-15 03:00:00,KL-KTM-10,Kottayam,Midland/Basin,9.5916,76.5222,1.8,28.9,72.0,57.1,12.0
2024-07-15 04:00:00,KL-KTM-10,Kottayam,Midland/Basin,9.5916,76.5222,0.0,29.3,71.4,56.8,14.3
2024-07-15 05:00:00,KL-KTM-10,Kottayam,Midland/Basin,9.5916,76.5222,2.9,28.8,77.1,57.8,14.0
2024-07-15 06:00:00,KL-KTM-10,Kottayam,Midland/Basin,9.5916,76.5222,11.1,28.4,82.1,61.7,15.6
2024-07-15 07:00:00,KL-KTM-10,Kottayam,Midland/Basin,9.5916,76.5222,0.0,31.2,71.5,61.5,12.9
2024-07-15 08:00:00,KL-KTM-10,Kottayam,Midland/Basin,9.5916,76.5222,0.0,30.4,74.3,61.2,11.4
2024-07-15 09:00:00,KL-KTM-10,Kottayam,Midland/Basin,9.5916,76.5222,0.0,32.1,74.4,61.0,14.3
2024-07-15 10:00:00,KL-KTM-10,Kottayam,Midland/Basin,9.5916,76.5222,0.0,32.2,72.8,60.7,14.3
2024-07-15 11:00:00,KL-KTM-10,Kottayam,Midland/Basin,9.5916,76.5222,0.0,31.7,69.0,60.5,12.9
2024-07-15 12:00:00,KL-KTM-10,Kottayam,Midland/Basin,9.5916,76.5222,0.0,32.0,70.3,60.2,12.0
2024-07-15 13:00:00,KL-KTM-10,Kottayam,Midland/Basin,9.5916,76.5222,0.0,32.3,72.0,60.0,13.2
2024-07-15 14:00:00,KL-KTM-10,Kottayam,Midland/Basin,9.5916,76.5222,0.0,32.5,72.7,59.7,13.7
2024-07-15 15:00:00,KL-KTM-10,Kottayam,Midland/Basin,9.5916,76.5222,0.0,32.1,73.8,59.5,12.7
2024-07-15 16:00:00,KL-KTM-10,Kottayam,Midland/Basin,9.5916,76.5222,0.0,31.1,72.2,59.2,14.5
2024-07-15 17:00:00,KL-KTM-10,Kottayam,Midland/Basin,9.5916,76.5222,5.0,29.6,76.8,61.0,17.3
2024-07-15 18:00:00,KL-KTM-10,Kottayam,Midland/Basin,9.5916,76.5222,0.0,30.6,74.6,60.7,15.5
2024-07-15 19:00:00,KL-KTM-10,Kottayam,Midland/Basin,9.5916,76.5222,0.0,29.1,70.9,60.5,13.5
2024-07-15 20:00:00,KL-KTM-10,Kottayam,Midland/Basin,9.5916,76.5222,0.0,28.7,72.9,60.2,10.2
2024-07-15 21:00:00,KL-KTM-10,Kottayam,Midland/Basin,9.5916,76.5222,11.0,26.5,79.4,64.1,18.7
2024-07-15 22:00:00,KL-KTM-10,Kottayam,Midland/Basin,9.5916,76.5222,11.5,26.5,80.6,68.1,18.3
2024-07-15 23:00:00,KL-KTM-10,Kottayam,Midland/Basin,9.5916,76.5222,0.0,28.6,70.6,67.8,14.9
2024-07-16 00:00:00,KL-KTM-10,Kottayam,Midland/Basin,9.5916,76.5222,0.0,27.9,72.0,67.6,15.7
2024-07-16 01:00:00,KL-KTM-10,Kottayam,Midland/Basin,9.5916,76.5222,0.0,28.3,70.8,67.3,13.6
2024-07-16 02:00:00,KL-KTM-10,Kottayam,Midland/Basin,9.5916,76.5222,11.9,26.0,82.5,71.5,17.7
2024-07-16 03:00:00,KL-KTM-10,Kottayam,Midland/Basin,9.5916,76.5222,4.0,28.8,75.6,72.9,14.0
2024-07-16 04:00:00,KL-KTM-10,Kottayam,Midland/Basin,9.5916,76.5222,0.0,28.5,73.1,72.7,10.5
2024-07-16 05:00:00,KL-KTM-10,Kottayam,Midland/Basin,9.5916,76.5222,0.0,30.2,69.1,72.4,10.8
2024-07-16 06:00:00,KL-KTM-10,Kottayam,Midland/Basin,9.5916,76.5222,0.0,29.6,72.9,72.2,14.0
2024-07-16 07:00:00,KL-KTM-10,Kottayam,Midland/Basin,9.5916,76.5222,0.0,31.2,70.2,71.9,11.0
2024-07-16 08:00:00,KL-KTM-10,Kottayam,Midland/Basin,9.5916,76.5222,11.3,29.0,81.3,75.9,18.9
2024-07-16 09:00:00,KL-KTM-10,Kottayam,Midland/Basin,9.5916,76.5222,11.8,30.2,83.6,80.0,15.9
2024-07-16 10:00:00,KL-KTM-10,Kottayam,Midland/Basin,9.5916,76.5222,9.7,30.7,82.4,83.4,20.6
2024-07-16 11:00:00,KL-KTM-10,Kottayam,Midland/Basin,9.5916,76.5222,6.2,30.4,78.6,85.6,17.8
2024-07-16 12:00:00,KL-KTM-10,Kottayam,Midland/Basin,9.5916,76.5222,0.0,31.4,73.0,85.3,11.7
2024-07-16 13:00:00,KL-KTM-10,Kottayam,Midland/Basin,9.5916,76.5222,9.8,30.2,79.2,88.7,16.0
2024-07-16 14:00:00,KL-KTM-10,Kottayam,Midland/Basin,9.5916,76.5222,0.0,32.1,74.5,88.5,13.7
2024-07-16 15:00:00,KL-KTM-10,Kottayam,Midland/Basin,9.5916,76.5222,0.0,31.8,75.0,88.2,11.0
2024-07-16 16:00:00,KL-KTM-10,Kottayam,Midland/Basin,9.5916,76.5222,7.0,30.3,75.8,90.7,19.4
2024-07-16 17:00:00,KL-KTM-10,Kottayam,Midland/Basin,9.5916,76.5222,0.0,30.3,71.0,90.4,12.3
2024-07-16 18:00:00,KL-KTM-10,Kottayam,Midland/Basin,9.5916,76.5222,0.0,29.4,72.1,90.2,14.9
2024-07-16 19:00:00,KL-KTM-10,Kottayam,Midland/Basin,9.5916,76.5222,3.5,29.2,76.4,91.4,16.2
2024-07-16 20:00:00,KL-KTM-10,Kottayam,Midland/Basin,9.5916,76.5222,12.0,26.8,82.5,95.6,21.5
2024-07-16 21:00:00,KL-KTM-10,Kottayam,Midland/Basin,9.5916,76.5222,0.0,29.0,71.3,95.4,13.9
2024-07-16 22:00:00,KL-KTM-10,Kottayam,Midland/Basin,9.5916,76.5222,2.0,27.9,70.6,96.1,13.1
2024-07-16 23:00:00,KL-KTM-10,Kottayam,Midland/Basin,9.5916,76.5222,0.0,28.8,72.9,95.8,12.5
2024-07-17 00:00:00,KL-KTM-10,Kottayam,Midland/Basin,9.5916,76.5222,0.0,28.8,74.2,95.6,10.5
2024-07-17 01:00:00,KL-KTM-10,Kottayam,Midland/Basin,9.5916,76.5222,0.0,28.2,72.4,95.3,10.7
2024-07-17 02:00:00,KL-KTM-10,Kottayam,Midland/Basin,9.5916,76.5222,6.8,28.0,78.8,97.7,15.4
2024-07-17 03:00:00,KL-KTM-10,Kottayam,Midland/Basin,9.5916,76.5222,0.0,27.8,74.0,97.4,11.9
2024-07-17 04:00:00,KL-KTM-10,Kottayam,Midland/Basin,9.5916,76.5222,10.3,27.1,82.4,98.0,15.5
2024-07-17 05:00:00,KL-KTM-10,Kottayam,Midland/Basin,9.5916,76.5222,11.9,27.1,80.1,98.0,18.2
2024-07-17 06:00:00,KL-KTM-10,Kottayam,Midland/Basin,9.5916,76.5222,5.2,29.1,73.6,98.0,15.8
2024-07-17 07:00:00,KL-KTM-10,Kottayam,Midland/Basin,9.5916,76.5222,4.9,29.5,73.1,98.0,18.3
2024-07-17 08:00:00,KL-KTM-10,Kottayam,Midland/Basin,9.5916,76.5222,9.3,30.2,82.0,98.0,18.3
2024-07-17 09:00:00,KL-KTM-10,Kottayam,Midland/Basin,9.5916,76.5222,0.0,31.2,69.6,97.8,11.6
2024-07-17 10:00:00,KL-KTM-10,Kottayam,Midland/Basin,9.5916,76.5222,11.4,29.5,79.4,98.0,20.5
2024-07-17 11:00:00,KL-KTM-10,Kottayam,Midland/Basin,9.5916,76.5222,4.7,31.8,76.1,98.0,15.6
2024-07-17 12:00:00,KL-KTM-10,Kottayam,Midland/Basin,9.5916,76.5222,0.0,32.5,72.3,97.8,13.5
2024-07-17 13:00:00,KL-KTM-10,Kottayam,Midland/Basin,9.5916,76.5222,0.0,31.6,72.3,97.5,11.8
2024-07-17 14:00:00,KL-KTM-10,Kottayam,Midland/Basin,9.5916,76.5222,0.0,32.1,69.2,97.2,15.5
2024-07-17 15:00:00,KL-KTM-10,Kottayam,Midland/Basin,9.5916,76.5222,0.0,31.7,70.6,97.0,10.3
2024-07-17 16:00:00,KL-KTM-10,Kottayam,Midland/Basin,9.5916,76.5222,12.8,29.2,79.9,98.0,19.3
2024-07-17 17:00:00,KL-KTM-10,Kottayam,Midland/Basin,9.5916,76.5222,0.0,30.3,72.3,97.8,11.6
2024-07-17 18:00:00,KL-KTM-10,Kottayam,Midland/Basin,9.5916,76.5222,0.0,30.1,73.8,97.5,10.5
2024-07-17 19:00:00,KL-KTM-10,Kottayam,Midland/Basin,9.5916,76.5222,9.8,28.1,82.0,98.0,18.7
2024-07-17 20:00:00,KL-KTM-10,Kottayam,Midland/Basin,9.5916,76.5222,4.5,28.7,73.6,98.0,18.0
2024-07-17 21:00:00,KL-KTM-10,Kottayam,Midland/Basin,9.5916,76.5222,0.0,28.6,74.9,97.8,10.0
2024-07-17 22:00:00,KL-KTM-10,Kottayam,Midland/Basin,9.5916,76.5222,0.0,27.9,73.8,97.5,14.7
2024-07-17 23:00:00,KL-KTM-10,Kottayam,Midland/Basin,9.5916,76.5222,9.3,26.0,77.7,98.0,18.7
2024-07-18 00:00:00,KL-KTM-10,Kottayam,Midland/Basin,9.5916,76.5222,9.2,26.4,78.8,98.0,18.1
2024-07-18 01:00:00,KL-KTM-10,Kottayam,Midland/Basin,9.5916,76.5222,0.0,27.7,70.5,97.8,15.1
2024-07-18 02:00:00,KL-KTM-10,Kottayam,Midland/Basin,9.5916,76.5222,8.2,27.3,78.5,98.0,20.0
2024-07-18 03:00:00,KL-KTM-10,Kottayam,Midland/Basin,9.5916,76.5222,0.0,28.1,70.5,97.8,10.8
2024-07-18 04:00:00,KL-KTM-10,Kottayam,Midland/Basin,9.5916,76.5222,12.2,26.6,82.8,98.0,16.9
2024-07-18 05:00:00,KL-KTM-10,Kottayam,Midland/Basin,9.5916,76.5222,18.3,27.1,88.0,98.0,23.3
2024-07-18 06:00:00,KL-KTM-10,Kottayam,Midland/Basin,9.5916,76.5222,6.0,29.8,77.2,98.0,16.9
2024-07-18 07:00:00,KL-KTM-10,Kottayam,Midland/Basin,9.5916,76.5222,0.0,31.0,69.1,97.8,10.6
2024-07-18 08:00:00,KL-KTM-10,Kottayam,Midland/Basin,9.5916,76.5222,5.1,30.6,77.8,98.0,17.8
2024-07-18 09:00:00,KL-KTM-10,Kottayam,Midland/Basin,9.5916,76.5222,10.3,30.1,81.3,98.0,17.8
2024-07-18 10:00:00,KL-KTM-10,Kottayam,Midland/Basin,9.5916,76.5222,15.1,29.0,83.2,98.0,22.8
2024-07-18 11:00:00,KL-KTM-10,Kottayam,Midland/Basin,9.5916,76.5222,0.0,32.2,71.9,97.8,15.7
2024-07-18 12:00:00,KL-KTM-10,Kottayam,Midland/Basin,9.5916,76.5222,8.3,30.6,76.6,98.0,18.8
2024-07-18 13:00:00,KL-KTM-10,Kottayam,Midland/Basin,9.5916,76.5222,0.0,32.3,72.1,97.8,11.2
2024-07-18 14:00:00,KL-KTM-10,Kottayam,Midland/Basin,9.5916,76.5222,9.8,29.9,77.9,98.0,19.5
2024-07-18 15:00:00,KL-KTM-10,Kottayam,Midland/Basin,9.5916,76.5222,21.6,27.5,89.0,98.0,22.6
2024-07-18 16:00:00,KL-KTM-10,Kottayam,Midland/Basin,9.5916,76.5222,8.6,30.3,80.9,98.0,20.1
2024-07-18 17:00:00,KL-KTM-10,Kottayam,Midland/Basin,9.5916,76.5222,16.2,28.0,82.8,98.0,22.8
2024-07-18 18:00:00,KL-KTM-10,Kottayam,Midland/Basin,9.5916,76.5222,0.0,29.8,74.9,97.8,13.3
2024-07-18 19:00:00,KL-KTM-10,Kottayam,Midland/Basin,9.5916,76.5222,0.0,28.9,70.6,97.5,12.2
2024-07-18 20:00:00,KL-KTM-10,Kottayam,Midland/Basin,9.5916,76.5222,7.1,28.5,77.8,98.0,15.4
2024-07-18 21:00:00,KL-KTM-10,Kottayam,Midland/Basin,9.5916,76.5222,6.3,28.4,74.7,98.0,18.5
2024-07-18 22:00:00,KL-KTM-10,Kottayam,Midland/Basin,9.5916,76.5222,12.4,27.1,84.5,98.0,21.3
2024-07-18 23:00:00,KL-KTM-10,Kottayam,Midland/Basin,9.5916,76.5222,0.0,28.7,74.5,97.8,13.8
2024-07-19 00:00:00,KL-KTM-10,Kottayam,Midland/Basin,9.5916,76.5222,0.0,27.2,74.8,97.5,12.0
2024-07-19 01:00:00,KL-KTM-10,Kottayam,Midland/Basin,9.5916,76.5222,0.0,28.2,72.4,97.2,10.0
2024-07-19 02:00:00,KL-KTM-10,Kottayam,Midland/Basin,9.5916,76.5222,9.4,26.5,81.1,98.0,16.2
2024-07-19 03:00:00,KL-KTM-10,Kottayam,Midland/Basin,9.5916,76.5222,0.0,28.7,72.8,97.8,14.0
2024-07-19 04:00:00,KL-KTM-10,Kottayam,Midland/Basin,9.5916,76.5222,0.0,29.1,71.1,97.5,12.3
2024-07-19 05:00:00,KL-KTM-10,Kottayam,Midland/Basin,9.5916,76.5222,43.0,22.8,99.0,98.0,33.6
2024-07-19 06:00:00,KL-KTM-10,Kottayam,Midland/Basin,9.5916,76.5222,0.0,30.1,72.0,97.8,12.6
2024-07-19 07:00:00,KL-KTM-10,Kottayam,Midland/Basin,9.5916,76.5222,36.9,24.3,99.0,98.0,29.8
2024-07-19 08:00:00,KL-KTM-10,Kottayam,Midland/Basin,9.5916,76.5222,0.0,30.5,71.5,97.8,16.0
2024-07-19 09:00:00,KL-KTM-10,Kottayam,Midland/Basin,9.5916,76.5222,38.7,26.4,99.0,98.0,30.2
2024-07-19 10:00:00,KL-KTM-10,Kottayam,Midland/Basin,9.5916,76.5222,0.0,31.3,69.6,97.8,11.5
2024-07-19 11:00:00,KL-KTM-10,Kottayam,Midland/Basin,9.5916,76.5222,0.0,31.8,74.9,97.5,13.9
2024-07-19 12:00:00,KL-KTM-10,Kottayam,Midland/Basin,9.5916,76.5222,0.0,32.6,69.6,97.2,15.5
2024-07-19 13:00:00,KL-KTM-10,Kottayam,Midland/Basin,9.5916,76.5222,12.2,29.7,82.3,98.0,20.6
2024-07-19 14:00:00,KL-KTM-10,Kottayam,Midland/Basin,9.5916,76.5222,0.0,31.3,71.9,97.8,11.7
2024-07-19 15:00:00,KL-KTM-10,Kottayam,Midland/Basin,9.5916,76.5222,48.2,24.6,99.0,98.0,37.0
2024-07-19 16:00:00,KL-KTM-10,Kottayam,Midland/Basin,9.5916,76.5222,0.0,31.5,74.3,97.8,10.6
2024-07-19 17:00:00,KL-KTM-10,Kottayam,Midland/Basin,9.5916,76.5222,20.5,27.6,85.4,98.0,24.4
2024-07-19 18:00:00,KL-KTM-10,Kottayam,Midland/Basin,9.5916,76.5222,0.0,30.4,72.3,97.8,11.0
2024-07-19 19:00:00,KL-KTM-10,Kottayam,Midland/Basin,9.5916,76.5222,63.4,20.1,99.0,98.0,42.9
2024-07-19 20:00:00,KL-KTM-10,Kottayam,Midland/Basin,9.5916,76.5222,0.0,28.6,69.3,97.8,11.1
2024-07-19 21:00:00,KL-KTM-10,Kottayam,Midland/Basin,9.5916,76.5222,0.0,28.1,70.8,97.5,10.4
2024-07-19 22:00:00,KL-KTM-10,Kottayam,Midland/Basin,9.5916,76.5222,43.8,20.9,99.0,98.0,36.2
2024-07-19 23:00:00,KL-KTM-10,Kottayam,Midland/Basin,9.5916,76.5222,51.9,20.7,99.0,98.0,38.5
2024-07-20 00:00:00,KL-KTM-10,Kottayam,Midland/Basin,9.5916,76.5222,56.4,19.0,99.0,98.0,39.2
2024-07-20 01:00:00,KL-KTM-10,Kottayam,Midland/Basin,9.5916,76.5222,18.3,25.9,86.2,98.0,19.7
2024-07-20 02:00:00,KL-KTM-10,Kottayam,Midland/Basin,9.5916,76.5222,12.4,26.3,81.5,98.0,20.4
2024-07-20 03:00:00,KL-KTM-10,Kottayam,Midland/Basin,9.5916,76.5222,49.0,21.6,99.0,98.0,37.7
2024-07-20 04:00:00,KL-KTM-10,Kottayam,Midland/Basin,9.5916,76.5222,0.0,29.1,74.8,97.8,13.5
2024-07-20 05:00:00,KL-KTM-10,Kottayam,Midland/Basin,9.5916,76.5222,33.6,25.0,99.0,98.0,30.8
2024-07-20 06:00:00,KL-KTM-10,Kottayam,Midland/Basin,9.5916,76.5222,33.0,24.5,99.0,98.0,29.2
2024-07-20 07:00:00,KL-KTM-10,Kottayam,Midland/Basin,9.5916,76.5222,41.3,25.0,99.0,98.0,35.7
2024-07-20 08:00:00,KL-KTM-10,Kottayam,Midland/Basin,9.5916,76.5222,23.8,27.9,90.8,98.0,22.4
2024-07-20 09:00:00,KL-KTM-10,Kottayam,Midland/Basin,9.5916,76.5222,50.3,23.3,99.0,98.0,39.6
2024-07-20 10:00:00,KL-KTM-10,Kottayam,Midland/Basin,9.5916,76.5222,52.6,23.9,99.0,98.0,40.2
2024-07-20 11:00:00,KL-KTM-10,Kottayam,Midland/Basin,9.5916,76.5222,49.5,23.8,99.0,98.0,40.0
2024-07-20 12:00:00,KL-KTM-10,Kottayam,Midland/Basin,9.5916,76.5222,0.0,31.6,69.3,97.8,15.1
2024-07-20 13:00:00,KL-KTM-10,Kottayam,Midland/Basin,9.5916,76.5222,10.7,30.4,78.1,98.0,18.5
2024-07-20 14:00:00,KL-KTM-10,Kottayam,Midland/Basin,9.5916,76.5222,19.5,28.9,89.6,98.0,20.0
2024-07-20 15:00:00,KL-KTM-10,Kottayam,Midland/Basin,9.5916,76.5222,46.0,23.9,99.0,98.0,37.2
2024-07-20 16:00:00,KL-KTM-10,Kottayam,Midland/Basin,9.5916,76.5222,13.3,28.9,82.2,98.0,20.5
2024-07-20 17:00:00,KL-KTM-10,Kottayam,Midland/Basin,9.5916,76.5222,40.0,24.5,99.0,98.0,36.0
2024-07-20 18:00:00,KL-KTM-10,Kottayam,Midland/Basin,9.5916,76.5222,7.6,28.1,75.2,98.0,17.8
2024-07-20 19:00:00,KL-KTM-10,Kottayam,Midland/Basin,9.5916,76.5222,39.6,22.8,99.0,98.0,34.3
2024-07-20 20:00:00,KL-KTM-10,Kottayam,Midland/Basin,9.5916,76.5222,0.0,29.1,69.5,97.8,11.1
2024-07-20 21:00:00,KL-KTM-10,Kottayam,Midland/Basin,9.5916,76.5222,0.0,27.9,73.7,97.5,13.2
2024-07-20 22:00:00,KL-KTM-10,Kottayam,Midland/Basin,9.5916,76.5222,34.9,23.4,99.0,98.0,31.8
2024-07-20 23:00:00,KL-KTM-10,Kottayam,Midland/Basin,9.5916,76.5222,0.0,27.8,73.0,97.8,14.8
2024-07-21 00:00:00,KL-KTM-10,Kottayam,Midland/Basin,9.5916,76.5222,15.0,25.4,82.0,98.0,20.8
2024-07-21 01:00:00,KL-KTM-10,Kottayam,Midland/Basin,9.5916,76.5222,27.1,24.1,92.4,98.0,26.7
2024-07-21 02:00:00,KL-KTM-10,Kottayam,Midland/Basin,9.5916,76.5222,0.0,27.7,73.9,97.8,11.7
2024-07-21 03:00:00,KL-KTM-10,Kottayam,Midland/Basin,9.5916,76.5222,0.0,27.9,71.3,97.5,10.2
2024-07-21 04:00:00,KL-KTM-10,Kottayam,Midland/Basin,9.5916,76.5222,5.0,28.4,73.0,98.0,14.1
2024-07-21 05:00:00,KL-KTM-10,Kottayam,Midland/Basin,9.5916,76.5222,13.8,27.2,82.2,98.0,20.0
2024-07-21 06:00:00,KL-KTM-10,Kottayam,Midland/Basin,9.5916,76.5222,0.0,29.8,72.4,97.8,11.4
2024-07-21 07:00:00,KL-KTM-10,Kottayam,Midland/Basin,9.5916,76.5222,10.7,28.5,79.5,98.0,19.3
2024-07-21 08:00:00,KL-KTM-10,Kottayam,Midland/Basin,9.5916,76.5222,24.1,27.8,90.5,98.0,22.3
2024-07-21 09:00:00,KL-KTM-10,Kottayam,Midland/Basin,9.5916,76.5222,0.0,31.6,69.3,97.8,11.2
2024-07-21 10:00:00,KL-KTM-10,Kottayam,Midland/Basin,9.5916,76.5222,22.9,28.4,91.0,98.0,26.2
2024-07-21 11:00:00,KL-KTM-10,Kottayam,Midland/Basin,9.5916,76.5222,16.8,29.6,88.1,98.0,23.9
2024-07-21 12:00:00,KL-KTM-10,Kottayam,Midland/Basin,9.5916,76.5222,4.4,31.0,72.8,98.0,12.9
2024-07-21 13:00:00,KL-KTM-10,Kottayam,Midland/Basin,9.5916,76.5222,19.7,28.4,88.1,98.0,23.0
2024-07-21 14:00:00,KL-KTM-10,Kottayam,Midland/Basin,9.5916,76.5222,14.9,29.1,86.1,98.0,18.5
2024-07-21 15:00:00,KL-KTM-10,Kottayam,Midland/Basin,9.5916,76.5222,0.0,31.4,74.6,97.8,13.1
2024-07-21 16:00:00,KL-KTM-10,Kottayam,Midland/Basin,9.5916,76.5222,16.2,28.6,82.3,98.0,19.7
2024-07-21 17:00:00,KL-KTM-10,Kottayam,Midland/Basin,9.5916,76.5222,3.6,30.3,75.6,98.0,13.6
2024-07-21 18:00:00,KL-KTM-10,Kottayam,Midland/Basin,9.5916,76.5222,11.9,28.5,82.9,98.0,18.4
2024-07-21 19:00:00,KL-KTM-10,Kottayam,Midland/Basin,9.5916,76.5222,6.2,28.4,78.3,98.0,15.3
2024-07-21 20:00:00,KL-KTM-10,Kottayam,Midland/Basin,9.5916,76.5222,0.0,29.0,70.3,97.8,11.9
2024-07-21 21:00:00,KL-KTM-10,Kottayam,Midland/Basin,9.5916,76.5222,0.0,27.9,74.2,97.5,14.9
2024-07-21 22:00:00,KL-KTM-10,Kottayam,Midland/Basin,9.5916,76.5222,16.4,25.6,84.2,98.0,22.7
2024-07-21 23:00:00,KL-KTM-10,Kottayam,Midland/Basin,9.5916,76.5222,0.0,28.7,69.3,97.8,12.4
2024-07-22 00:00:00,KL-KTM-10,Kottayam,Midland/Basin,9.5916,76.5222,11.3,26.0,82.1,98.0,17.4
2024-07-22 01:00:00,KL-KTM-10,Kottayam,Midland/Basin,9.5916,76.5222,0.0,28.7,69.1,97.8,10.5
2024-07-22 02:00:00,KL-KTM-10,Kottayam,Midland/Basin,9.5916,76.5222,0.0,28.1,70.7,97.5,11.7
2024-07-22 03:00:00,KL-KTM-10,Kottayam,Midland/Basin,9.5916,76.5222,0.0,29.1,72.0,97.2,15.5
2024-07-22 04:00:00,KL-KTM-10,Kottayam,Midland/Basin,9.5916,76.5222,0.0,29.4,71.2,97.0,13.3
2024-07-22 05:00:00,KL-KTM-10,Kottayam,Midland/Basin,9.5916,76.5222,0.0,29.0,74.9,96.8,12.0
2024-07-22 06:00:00,KL-KTM-10,Kottayam,Midland/Basin,9.5916,76.5222,0.0,29.9,74.0,96.5,10.4
2024-07-22 07:00:00,KL-KTM-10,Kottayam,Midland/Basin,9.5916,76.5222,0.0,29.8,73.1,96.2,10.3
2024-07-22 08:00:00,KL-KTM-10,Kottayam,Midland/Basin,9.5916,76.5222,0.0,30.6,74.5,96.0,11.3
2024-07-22 09:00:00,KL-KTM-10,Kottayam,Midland/Basin,9.5916,76.5222,0.0,31.2,74.0,95.8,11.5
2024-07-22 10:00:00,KL-KTM-10,Kottayam,Midland/Basin,9.5916,76.5222,9.8,30.1,78.2,98.0,15.7
2024-07-22 11:00:00,KL-KTM-10,Kottayam,Midland/Basin,9.5916,76.5222,2.7,31.7,74.3,98.0,15.7
2024-07-22 12:00:00,KL-KTM-10,Kottayam,Midland/Basin,9.5916,76.5222,0.0,32.1,72.6,97.8,11.2
2024-07-22 13:00:00,KL-KTM-10,Kottayam,Midland/Basin,9.5916,76.5222,0.0,32.1,70.2,97.5,11.3
2024-07-22 14:00:00,KL-KTM-10,Kottayam,Midland/Basin,9.5916,76.5222,0.0,31.4,70.4,97.2,15.3
2024-07-22 15:00:00,KL-KTM-10,Kottayam,Midland/Basin,9.5916,76.5222,0.0,31.8,74.7,97.0,15.5
2024-07-22 16:00:00,KL-KTM-10,Kottayam,Midland/Basin,9.5916,76.5222,0.0,31.0,73.6,96.8,12.0
2024-07-22 17:00:00,KL-KTM-10,Kottayam,Midland/Basin,9.5916,76.5222,0.0,30.5,72.0,96.5,12.4
2024-07-22 18:00:00,KL-KTM-10,Kottayam,Midland/Basin,9.5916,76.5222,0.0,30.6,74.4,96.2,10.1
2024-07-22 19:00:00,KL-KTM-10,Kottayam,Midland/Basin,9.5916,76.5222,10.6,28.7,77.7,98.0,15.9
2024-07-22 20:00:00,KL-KTM-10,Kottayam,Midland/Basin,9.5916,76.5222,0.0,28.4,69.8,97.8,13.6
2024-07-22 21:00:00,KL-KTM-10,Kottayam,Midland/Basin,9.5916,76.5222,0.0,28.2,71.3,97.5,12.8
2024-07-22 22:00:00,KL-KTM-10,Kottayam,Midland/Basin,9.5916,76.5222,0.0,27.9,70.7,97.2,15.9
2024-07-22 23:00:00,KL-KTM-10,Kottayam,Midland/Basin,9.5916,76.5222,9.6,26.5,76.7,98.0,18.5
2024-07-23 00:00:00,KL-KTM-10,Kottayam,Midland/Basin,9.5916,76.5222,5.7,27.6,74.4,98.0,13.2
2024-07-23 01:00:00,KL-KTM-10,Kottayam,Midland/Basin,9.5916,76.5222,2.4,27.1,74.1,98.0,15.8
2024-07-23 02:00:00,KL-KTM-10,Kottayam,Midland/Basin,9.5916,76.5222,7.7,26.7,77.5,98.0,16.7
2024-07-23 03:00:00,KL-KTM-10,Kottayam,Midland/Basin,9.5916,76.5222,0.0,28.7,73.5,97.8,12.4
2024-07-23 04:00:00,KL-KTM-10,Kottayam,Midland/Basin,9.5916,76.5222,9.9,28.2,80.6,98.0,18.0
2024-07-23 05:00:00,KL-KTM-10,Kottayam,Midland/Basin,9.5916,76.5222,6.9,28.2,77.0,98.0,14.0
2024-07-23 06:00:00,KL-KTM-10,Kottayam,Midland/Basin,9.5916,76.5222,0.0,30.3,74.1,97.8,11.8
2024-07-23 07:00:00,KL-KTM-10,Kottayam,Midland/Basin,9.5916,76.5222,0.0,30.4,73.5,97.5,15.0
2024-07-23 08:00:00,KL-KTM-10,Kottayam,Midland/Basin,9.5916,76.5222,0.0,31.4,71.0,97.2,13.0
2024-07-23 09:00:00,KL-KTM-10,Kottayam,Midland/Basin,9.5916,76.5222,0.0,31.3,73.7,97.0,10.3
2024-07-23 10:00:00,KL-KTM-10,Kottayam,Midland/Basin,9.5916,76.5222,0.0,31.1,69.8,96.8,14.7
2024-07-23 11:00:00,KL-KTM-10,Kottayam,Midland/Basin,9.5916,76.5222,2.3,31.1,76.8,97.6,14.3
2024-07-23 12:00:00,KL-KTM-10,Kottayam,Midland/Basin,9.5916,76.5222,6.9,31.6,75.1,98.0,18.7
2024-07-23 13:00:00,KL-KTM-10,Kottayam,Midland/Basin,9.5916,76.5222,3.9,31.3,74.0,98.0,16.4
2024-07-23 14:00:00,KL-KTM-10,Kottayam,Midland/Basin,9.5916,76.5222,4.3,30.6,77.8,98.0,14.3
2024-07-23 15:00:00,KL-KTM-10,Kottayam,Midland/Basin,9.5916,76.5222,0.0,31.4,70.1,97.8,13.4
2024-07-23 16:00:00,KL-KTM-10,Kottayam,Midland/Basin,9.5916,76.5222,0.0,31.6,71.5,97.5,13.4
2024-07-23 17:00:00,KL-KTM-10,Kottayam,Midland/Basin,9.5916,76.5222,0.0,30.7,74.9,97.2,15.0
2024-07-23 18:00:00,KL-KTM-10,Kottayam,Midland/Basin,9.5916,76.5222,16.8,26.9,84.3,98.0,21.7
2024-07-23 19:00:00,KL-KTM-10,Kottayam,Midland/Basin,9.5916,76.5222,0.0,30.3,73.7,97.8,12.1
2024-07-23 20:00:00,KL-KTM-10,Kottayam,Midland/Basin,9.5916,76.5222,16.4,27.2,86.5,98.0,21.4
2024-07-23 21:00:00,KL-KTM-10,Kottayam,Midland/Basin,9.5916,76.5222,0.0,28.1,72.9,97.8,13.7
2024-07-23 22:00:00,KL-KTM-10,Kottayam,Midland/Basin,9.5916,76.5222,4.3,27.4,76.6,98.0,12.3
2024-07-23 23:00:00,KL-KTM-10,Kottayam,Midland/Basin,9.5916,76.5222,0.0,28.1,75.0,97.8,13.5
2024-07-24 00:00:00,KL-KTM-10,Kottayam,Midland/Basin,9.5916,76.5222,8.2,26.9,81.2,98.0,18.4
2024-07-24 01:00:00,KL-KTM-10,Kottayam,Midland/Basin,9.5916,76.5222,0.0,27.7,73.8,97.8,12.4
2024-07-24 02:00:00,KL-KTM-10,Kottayam,Midland/Basin,9.5916,76.5222,0.0,28.4,74.7,97.5,12.5
2024-07-24 03:00:00,KL-KTM-10,Kottayam,Midland/Basin,9.5916,76.5222,0.0,29.1,74.2,97.2,13.9
2024-07-24 04:00:00,KL-KTM-10,Kottayam,Midland/Basin,9.5916,76.5222,0.0,29.2,73.6,97.0,14.5
2024-07-24 05:00:00,KL-KTM-10,Kottayam,Midland/Basin,9.5916,76.5222,0.0,29.9,74.1,96.8,10.5
2024-07-24 06:00:00,KL-KTM-10,Kottayam,Midland/Basin,9.5916,76.5222,0.0,29.4,73.7,96.5,13.5
2024-07-24 07:00:00,KL-KTM-10,Kottayam,Midland/Basin,9.5916,76.5222,0.0,30.6,69.9,96.2,13.4
2024-07-24 08:00:00,KL-KTM-10,Kottayam,Midland/Basin,9.5916,76.5222,25.0,27.9,92.4,98.0,27.3
2024-07-24 09:00:00,KL-KTM-10,Kottayam,Midland/Basin,9.5916,76.5222,0.0,32.1,74.3,97.8,10.7
2024-07-24 10:00:00,KL-KTM-10,Kottayam,Midland/Basin,9.5916,76.5222,0.0,32.2,70.3,97.5,14.7
2024-07-24 11:00:00,KL-KTM-10,Kottayam,Midland/Basin,9.5916,76.5222,0.0,31.8,72.4,97.2,15.8
2024-07-24 12:00:00,KL-KTM-10,Kottayam,Midland/Basin,9.5916,76.5222,25.3,27.4,92.6,98.0,23.6
2024-07-24 13:00:00,KL-KTM-10,Kottayam,Midland/Basin,9.5916,76.5222,0.0,31.9,71.5,97.8,15.3
2024-07-24 14:00:00,KL-KTM-10,Kottayam,Midland/Basin,9.5916,76.5222,0.0,31.2,70.3,97.5,13.4
2024-07-24 15:00:00,KL-KTM-10,Kottayam,Midland/Basin,9.5916,76.5222,0.0,31.0,72.6,97.2,12.0
2024-07-24 16:00:00,KL-KTM-10,Kottayam,Midland/Basin,9.5916,76.5222,0.0,31.7,72.9,97.0,15.4
2024-07-24 17:00:00,KL-KTM-10,Kottayam,Midland/Basin,9.5916,76.5222,33.3,25.6,95.7,98.0,31.6
2024-07-24 18:00:00,KL-KTM-10,Kottayam,Midland/Basin,9.5916,76.5222,6.4,28.8,76.6,98.0,25.2
2024-07-24 19:00:00,KL-KTM-10,Kottayam,Midland/Basin,9.5916,76.5222,0.0,30.1,72.4,97.8,20.6
2024-07-24 20:00:00,KL-KTM-10,Kottayam,Midland/Basin,9.5916,76.5222,45.0,22.7,99.0,98.0,45.1
2024-07-24 21:00:00,KL-KTM-10,Kottayam,Midland/Basin,9.5916,76.5222,14.3,26.7,81.0,98.0,28.5
2024-07-24 22:00:00,KL-KTM-10,Kottayam,Midland/Basin,9.5916,76.5222,25.1,24.7,94.6,98.0,31.8
2024-07-24 23:00:00,KL-KTM-10,Kottayam,Midland/Basin,9.5916,76.5222,51.0,19.8,99.0,98.0,48.8
2024-07-25 00:00:00,KL-KTM-10,Kottayam,Midland/Basin,9.5916,76.5222,0.0,28.5,70.9,97.8,20.0
2024-07-25 01:00:00,KL-KTM-10,Kottayam,Midland/Basin,9.5916,76.5222,0.0,27.5,74.1,97.5,22.7
2024-07-25 02:00:00,KL-KTM-10,Kottayam,Midland/Basin,9.5916,76.5222,17.5,26.1,88.1,98.0,28.4
2024-07-25 03:00:00,KL-KTM-10,Kottayam,Midland/Basin,9.5916,76.5222,0.0,29.2,74.0,97.8,19.0
2024-07-25 04:00:00,KL-KTM-10,Kottayam,Midland/Basin,9.5916,76.5222,0.0,28.2,73.0,97.5,21.1
2024-07-25 05:00:00,KL-KTM-10,Kottayam,Midland/Basin,9.5916,76.5222,69.4,19.9,99.0,98.0,58.6
2024-07-25 06:00:00,KL-KTM-10,Kottayam,Midland/Basin,9.5916,76.5222,54.3,22.0,99.0,98.0,50.1
2024-07-25 07:00:00,KL-KTM-10,Kottayam,Midland/Basin,9.5916,76.5222,76.3,18.4,99.0,98.0,56.6
2024-07-25 08:00:00,KL-KTM-10,Kottayam,Midland/Basin,9.5916,76.5222,15.6,27.9,83.9,98.0,26.9
2024-07-25 09:00:00,KL-KTM-10,Kottayam,Midland/Basin,9.5916,76.5222,25.0,27.6,91.5,98.0,31.4
2024-07-25 10:00:00,KL-KTM-10,Kottayam,Midland/Basin,9.5916,76.5222,0.0,31.3,70.7,97.8,18.1
2024-07-25 11:00:00,KL-KTM-10,Kottayam,Midland/Basin,9.5916,76.5222,45.3,24.6,99.0,98.0,43.3
2024-07-25 12:00:00,KL-KTM-10,Kottayam,Midland/Basin,9.5916,76.5222,43.2,25.8,99.0,98.0,41.7
2024-07-25 13:00:00,KL-KTM-10,Kottayam,Midland/Basin,9.5916,76.5222,18.9,29.5,89.1,98.0,33.0
2024-07-25 14:00:00,KL-KTM-10,Kottayam,Midland/Basin,9.5916,76.5222,0.0,32.5,72.4,97.8,23.6
2024-07-25 15:00:00,KL-KTM-10,Kottayam,Midland/Basin,9.5916,76.5222,129.8,18.0,99.0,98.0,88.7
2024-07-25 16:00:00,KL-KTM-10,Kottayam,Midland/Basin,9.5916,76.5222,79.4,19.8,99.0,98.0,63.3
2024-07-25 17:00:00,KL-KTM-10,Kottayam,Midland/Basin,9.5916,76.5222,90.6,18.0,99.0,98.0,66.1
2024-07-25 18:00:00,KL-KTM-10,Kottayam,Midland/Basin,9.5916,76.5222,98.6,18.0,99.0,98.0,68.3
2024-07-25 19:00:00,KL-KTM-10,Kottayam,Midland/Basin,9.5916,76.5222,31.6,25.3,99.0,98.0,35.7
2024-07-25 20:00:00,KL-KTM-10,Kottayam,Midland/Basin,9.5916,76.5222,60.7,19.7,99.0,98.0,51.0
2024-07-25 21:00:00,KL-KTM-10,Kottayam,Midland/Basin,9.5916,76.5222,0.0,28.7,70.8,97.8,21.6
2024-07-25 22:00:00,KL-KTM-10,Kottayam,Midland/Basin,9.5916,76.5222,27.7,23.4,96.3,98.0,33.6
2024-07-25 23:00:00,KL-KTM-10,Kottayam,Midland/Basin,9.5916,76.5222,85.6,18.0,99.0,98.0,63.5
2024-07-26 00:00:00,KL-KTM-10,Kottayam,Midland/Basin,9.5916,76.5222,87.0,18.0,99.0,98.0,66.9
2024-07-26 01:00:00,KL-KTM-10,Kottayam,Midland/Basin,9.5916,76.5222,57.3,20.1,99.0,98.0,51.7
2024-07-26 02:00:00,KL-KTM-10,Kottayam,Midland/Basin,9.5916,76.5222,90.8,18.0,99.0,98.0,64.0
2024-07-26 03:00:00,KL-KTM-10,Kottayam,Midland/Basin,9.5916,76.5222,58.7,19.3,99.0,98.0,51.8
2024-07-26 04:00:00,KL-KTM-10,Kottayam,Midland/Basin,9.5916,76.5222,77.0,18.0,99.0,98.0,61.5
2024-07-26 05:00:00,KL-KTM-10,Kottayam,Midland/Basin,9.5916,76.5222,0.0,29.5,74.3,97.8,23.1
2024-07-26 06:00:00,KL-KTM-10,Kottayam,Midland/Basin,9.5916,76.5222,71.4,18.5,99.0,98.0,58.2
2024-07-26 07:00:00,KL-KTM-10,Kottayam,Midland/Basin,9.5916,76.5222,0.0,29.8,73.7,97.8,21.5
2024-07-26 08:00:00,KL-KTM-10,Kottayam,Midland/Basin,9.5916,76.5222,48.3,24.5,99.0,98.0,46.4
2024-07-26 09:00:00,KL-KTM-10,Kottayam,Midland/Basin,9.5916,76.5222,90.1,18.0,99.0,98.0,63.9
2024-07-26 10:00:00,KL-KTM-10,Kottayam,Midland/Basin,9.5916,76.5222,0.0,31.5,69.0,97.8,21.2
2024-07-26 11:00:00,KL-KTM-10,Kottayam,Midland/Basin,9.5916,76.5222,79.2,20.3,99.0,98.0,58.6
2024-07-26 12:00:00,KL-KTM-10,Kottayam,Midland/Basin,9.5916,76.5222,0.0,32.3,73.0,97.8,18.1
2024-07-26 13:00:00,KL-KTM-10,Kottayam,Midland/Basin,9.5916,76.5222,87.6,19.1,99.0,98.0,62.7
2024-07-26 14:00:00,KL-KTM-10,Kottayam,Midland/Basin,9.5916,76.5222,60.1,22.0,99.0,98.0,50.0
2024-07-26 15:00:00,KL-KTM-10,Kottayam,Midland/Basin,9.5916,76.5222,44.3,24.0,99.0,98.0,44.8
2024-07-26 16:00:00,KL-KTM-10,Kottayam,Midland/Basin,9.5916,76.5222,41.3,24.5,99.0,98.0,38.7
2024-07-26 17:00:00,KL-KTM-10,Kottayam,Midland/Basin,9.5916,76.5222,107.4,18.0,99.0,98.0,76.1
2024-07-26 18:00:00,KL-KTM-10,Kottayam,Midland/Basin,9.5916,76.5222,46.7,23.2,99.0,98.0,44.4
2024-07-26 19:00:00,KL-KTM-10,Kottayam,Midland/Basin,9.5916,76.5222,18.0,26.5,87.8,98.0,30.1
2024-07-26 20:00:00,KL-KTM-10,Kottayam,Midland/Basin,9.5916,76.5222,50.6,21.3,99.0,98.0,46.0
2024-07-26 21:00:00,KL-KTM-10,Kottayam,Midland/Basin,9.5916,76.5222,0.0,29.2,73.2,97.8,20.6
2024-07-26 22:00:00,KL-KTM-10,Kottayam,Midland/Basin,9.5916,76.5222,19.3,25.2,86.8,98.0,28.8
2024-07-26 23:00:00,KL-KTM-10,Kottayam,Midland/Basin,9.5916,76.5222,0.0,28.3,69.2,97.8,21.7
2024-07-27 00:00:00,KL-KTM-10,Kottayam,Midland/Basin,9.5916,76.5222,51.4,21.0,99.0,98.0,47.5
2024-07-27 01:00:00,KL-KTM-10,Kottayam,Midland/Basin,9.5916,76.5222,0.0,28.1,72.2,97.8,20.3
2024-07-27 02:00:00,KL-KTM-10,Kottayam,Midland/Basin,9.5916,76.5222,39.5,23.0,99.0,98.0,42.1
2024-07-27 03:00:00,KL-KTM-10,Kottayam,Midland/Basin,9.5916,76.5222,48.3,21.1,99.0,98.0,45.1
2024-07-27 04:00:00,KL-KTM-10,Kottayam,Midland/Basin,9.5916,76.5222,0.0,29.5,72.2,97.8,22.1
2024-07-27 05:00:00,KL-KTM-10,Kottayam,Midland/Basin,9.5916,76.5222,35.8,24.4,99.0,98.0,38.1
2024-07-27 06:00:00,KL-KTM-10,Kottayam,Midland/Basin,9.5916,76.5222,0.0,30.6,73.0,97.8,23.2
2024-07-27 07:00:00,KL-KTM-10,Kottayam,Midland/Basin,9.5916,76.5222,0.0,30.3,73.4,97.5,12.0
2024-07-27 08:00:00,KL-KTM-10,Kottayam,Midland/Basin,9.5916,76.5222,7.2,30.2,75.8,98.0,19.0
2024-07-27 09:00:00,KL-KTM-10,Kottayam,Midland/Basin,9.5916,76.5222,33.8,26.9,97.6,98.0,28.0
2024-07-27 10:00:00,KL-KTM-10,Kottayam,Midland/Basin,9.5916,76.5222,0.0,31.7,71.4,97.8,10.8
2024-07-27 11:00:00,KL-KTM-10,Kottayam,Midland/Basin,9.5916,76.5222,0.0,32.1,70.1,97.5,11.5
2024-07-27 12:00:00,KL-KTM-10,Kottayam,Midland/Basin,9.5916,76.5222,0.0,32.3,73.4,97.2,15.1
2024-07-27 13:00:00,KL-KTM-10,Kottayam,Midland/Basin,9.5916,76.5222,0.0,32.5,70.3,97.0,15.6
2024-07-27 14:00:00,KL-KTM-10,Kottayam,Midland/Basin,9.5916,76.5222,0.0,32.4,72.4,96.8,10.6
2024-07-27 15:00:00,KL-KTM-10,Kottayam,Midland/Basin,9.5916,76.5222,11.6,30.0,83.8,98.0,16.9
2024-07-27 16:00:00,KL-KTM-10,Kottayam,Midland/Basin,9.5916,76.5222,0.0,31.4,74.6,97.8,11.1
2024-07-27 17:00:00,KL-KTM-10,Kottayam,Midland/Basin,9.5916,76.5222,0.0,30.3,74.8,97.5,11.0
2024-07-27 18:00:00,KL-KTM-10,Kottayam,Midland/Basin,9.5916,76.5222,0.0,29.6,73.2,97.2,12.1
2024-07-27 19:00:00,KL-KTM-10,Kottayam,Midland/Basin,9.5916,76.5222,0.0,29.8,69.6,97.0,15.2
2024-07-27 20:00:00,KL-KTM-10,Kottayam,Midland/Basin,9.5916,76.5222,0.0,28.4,73.3,96.8,12.2
2024-07-27 21:00:00,KL-KTM-10,Kottayam,Midland/Basin,9.5916,76.5222,17.1,26.1,88.4,98.0,24.2
2024-07-27 22:00:00,KL-KTM-10,Kottayam,Midland/Basin,9.5916,76.5222,0.0,27.5,70.9,97.8,12.9
2024-07-27 23:00:00,KL-KTM-10,Kottayam,Midland/Basin,9.5916,76.5222,0.0,28.6,70.3,97.5,11.2
2024-07-28 00:00:00,KL-KTM-10,Kottayam,Midland/Basin,9.5916,76.5222,0.0,27.4,73.1,97.2,13.1
2024-07-28 01:00:00,KL-KTM-10,Kottayam,Midland/Basin,9.5916,76.5222,0.0,28.8,69.7,97.0,12.9
2024-07-28 02:00:00,KL-KTM-10,Kottayam,Midland/Basin,9.5916,76.5222,0.0,27.5,72.1,96.8,14.2
2024-07-28 03:00:00,KL-KTM-10,Kottayam,Midland/Basin,9.5916,76.5222,0.0,28.2,69.2,96.5,15.0
2024-07-28 04:00:00,KL-KTM-10,Kottayam,Midland/Basin,9.5916,76.5222,7.3,27.6,77.6,98.0,15.6
2024-07-28 05:00:00,KL-KTM-10,Kottayam,Midland/Basin,9.5916,76.5222,3.9,29.3,74.3,98.0,17.3
2024-07-28 06:00:00,KL-KTM-10,Kottayam,Midland/Basin,9.5916,76.5222,0.0,30.0,74.1,97.8,13.1
2024-07-28 07:00:00,KL-KTM-10,Kottayam,Midland/Basin,9.5916,76.5222,8.4,29.8,76.0,98.0,20.0
2024-07-28 08:00:00,KL-KTM-10,Kottayam,Midland/Basin,9.5916,76.5222,14.2,29.2,84.2,98.0,17.8
2024-07-28 09:00:00,KL-KTM-10,Kottayam,Midland/Basin,9.5916,76.5222,0.0,31.9,69.2,97.8,12.1
2024-07-28 10:00:00,KL-KTM-10,Kottayam,Midland/Basin,9.5916,76.5222,0.0,31.9,74.7,97.5,10.7
2024-07-28 11:00:00,KL-KTM-10,Kottayam,Midland/Basin,9.5916,76.5222,0.0,31.9,69.4,97.2,14.4
2024-07-28 12:00:00,KL-KTM-10,Kottayam,Midland/Basin,9.5916,76.5222,8.0,30.4,76.2,98.0,19.1
2024-07-28 13:00:00,KL-KTM-10,Kottayam,Midland/Basin,9.5916,76.5222,0.0,32.5,71.1,97.8,11.0
2024-07-28 14:00:00,KL-KTM-10,Kottayam,Midland/Basin,9.5916,76.5222,5.9,31.3,78.6,98.0,15.5
2024-07-28 15:00:00,KL-KTM-10,Kottayam,Midland/Basin,9.5916,76.5222,5.7,31.0,76.6,98.0,17.6
2024-07-28 16:00:00,KL-KTM-10,Kottayam,Midland/Basin,9.5916,76.5222,0.0,30.9,70.8,97.8,11.0
2024-07-28 17:00:00,KL-KTM-10,Kottayam,Midland/Basin,9.5916,76.5222,0.0,30.3,71.0,97.5,14.4
2024-07-28 18:00:00,KL-KTM-10,Kottayam,Midland/Basin,9.5916,76.5222,0.0,30.1,71.0,97.2,13.5
2024-07-28 19:00:00,KL-KTM-10,Kottayam,Midland/Basin,9.5916,76.5222,0.0,30.0,70.9,97.0,14.3
2024-07-28 20:00:00,KL-KTM-10,Kottayam,Midland/Basin,9.5916,76.5222,0.0,28.5,69.8,96.8,15.7
2024-07-28 21:00:00,KL-KTM-10,Kottayam,Midland/Basin,9.5916,76.5222,0.0,29.3,73.9,96.5,12.6
2024-07-28 22:00:00,KL-KTM-10,Kottayam,Midland/Basin,9.5916,76.5222,3.1,28.4,76.8,97.6,11.8
2024-07-28 23:00:00,KL-KTM-10,Kottayam,Midland/Basin,9.5916,76.5222,0.0,27.9,70.4,97.3,13.9
2024-07-15 00:00:00,KL-KLM-11,Kollam,Coastal/Midland,8.8932,76.6141,0.0,27.4,74.3,52.1,15.3
2024-07-15 01:00:00,KL-KLM-11,Kollam,Coastal/Midland,8.8932,76.6141,0.0,28.5,74.2,51.8,10.4
2024-07-15 02:00:00,KL-KLM-11,Kollam,Coastal/Midland,8.8932,76.6141,5.1,26.8,74.3,53.6,16.3
2024-07-15 03:00:00,KL-KLM-11,Kollam,Coastal/Midland,8.8932,76.6141,0.0,28.1,69.6,53.4,11.8
2024-07-15 04:00:00,KL-KLM-11,Kollam,Coastal/Midland,8.8932,76.6141,0.0,29.0,71.3,53.1,13.5
2024-07-15 05:00:00,KL-KLM-11,Kollam,Coastal/Midland,8.8932,76.6141,0.0,29.5,72.0,52.9,15.1
2024-07-15 06:00:00,KL-KLM-11,Kollam,Coastal/Midland,8.8932,76.6141,0.0,29.6,71.7,52.6,13.8
2024-07-15 07:00:00,KL-KLM-11,Kollam,Coastal/Midland,8.8932,76.6141,0.0,31.2,72.9,52.4,10.9
2024-07-15 08:00:00,KL-KLM-11,Kollam,Coastal/Midland,8.8932,76.6141,5.3,30.2,77.7,54.2,13.7
2024-07-15 09:00:00,KL-KLM-11,Kollam,Coastal/Midland,8.8932,76.6141,0.0,30.9,74.8,54.0,13.2
2024-07-15 10:00:00,KL-KLM-11,Kollam,Coastal/Midland,8.8932,76.6141,0.0,31.2,72.3,53.7,14.9
2024-07-15 11:00:00,KL-KLM-11,Kollam,Coastal/Midland,8.8932,76.6141,0.0,31.4,69.4,53.5,11.2
2024-07-15 12:00:00,KL-KLM-11,Kollam,Coastal/Midland,8.8932,76.6141,10.3,29.7,79.1,57.1,15.7
2024-07-15 13:00:00,KL-KLM-11,Kollam,Coastal/Midland,8.8932,76.6141,0.0,31.1,69.5,56.8,11.5
2024-07-15 14:00:00,KL-KLM-11,Kollam,Coastal/Midland,8.8932,76.6141,3.2,31.6,74.3,57.9,11.7
2024-07-15 15:00:00,KL-KLM-11,Kollam,Coastal/Midland,8.8932,76.6141,6.5,30.5,74.7,60.2,16.0
2024-07-15 16:00:00,KL-KLM-11,Kollam,Coastal/Midland,8.8932,76.6141,0.0,31.6,71.9,60.0,11.9
2024-07-15 17:00:00,KL-KLM-11,Kollam,Coastal/Midland,8.8932,76.6141,0.0,30.3,72.8,59.7,12.9
2024-07-15 18:00:00,KL-KLM-11,Kollam,Coastal/Midland,8.8932,76.6141,0.0,30.6,74.7,59.5,12.0
2024-07-15 19:00:00,KL-KLM-11,Kollam,Coastal/Midland,8.8932,76.6141,0.0,29.5,73.7,59.2,14.0
2024-07-15 20:00:00,KL-KLM-11,Kollam,Coastal/Midland,8.8932,76.6141,0.0,29.6,72.3,59.0,14.4
2024-07-15 21:00:00,KL-KLM-11,Kollam,Coastal/Midland,8.8932,76.6141,0.0,28.7,70.1,58.7,12.6
2024-07-15 22:00:00,KL-KLM-11,Kollam,Coastal/Midland,8.8932,76.6141,6.4,26.6,78.2,61.0,14.4
2024-07-15 23:00:00,KL-KLM-11,Kollam,Coastal/Midland,8.8932,76.6141,0.0,28.4,74.6,60.7,13.9
2024-07-16 00:00:00,KL-KLM-11,Kollam,Coastal/Midland,8.8932,76.6141,0.0,28.7,74.6,60.5,12.0
2024-07-16 01:00:00,KL-KLM-11,Kollam,Coastal/Midland,8.8932,76.6141,7.6,27.0,78.8,63.1,18.2
2024-07-16 02:00:00,KL-KLM-11,Kollam,Coastal/Midland,8.8932,76.6141,0.0,29.0,73.4,62.9,14.8
2024-07-16 03:00:00,KL-KLM-11,Kollam,Coastal/Midland,8.8932,76.6141,0.0,28.7,72.8,62.6,11.4
2024-07-16 04:00:00,KL-KLM-11,Kollam,Coastal/Midland,8.8932,76.6141,0.0,28.6,70.0,62.4,13.9
2024-07-16 05:00:00,KL-KLM-11,Kollam,Coastal/Midland,8.8932,76.6141,0.0,29.1,72.5,62.1,15.4
2024-07-16 06:00:00,KL-KLM-11,Kollam,Coastal/Midland,8.8932,76.6141,7.3,28.6,77.3,64.7,16.6
2024-07-16 07:00:00,KL-KLM-11,Kollam,Coastal/Midland,8.8932,76.6141,0.0,30.9,74.3,64.4,11.3
2024-07-16 08:00:00,KL-KLM-11,Kollam,Coastal/Midland,8.8932,76.6141,0.0,30.7,74.7,64.2,13.4
2024-07-16 09:00:00,KL-KLM-11,Kollam,Coastal/Midland,8.8932,76.6141,4.2,31.3,77.0,65.6,15.8
2024-07-16 10:00:00,KL-KLM-11,Kollam,Coastal/Midland,8.8932,76.6141,0.0,31.2,71.7,65.4,14.9
2024-07-16 11:00:00,KL-KLM-11,Kollam,Coastal/Midland,8.8932,76.6141,0.0,31.8,70.1,65.1,11.0
2024-07-16 12:00:00,KL-KLM-11,Kollam,Coastal/Midland,8.8932,76.6141,2.1,31.3,76.1,65.9,13.9
2024-07-16 13:00:00,KL-KLM-11,Kollam,Coastal/Midland,8.8932,76.6141,0.0,31.9,69.7,65.6,12.9
2024-07-16 14:00:00,KL-KLM-11,Kollam,Coastal/Midland,8.8932,76.6141,0.0,31.5,72.5,65.4,13.3
2024-07-16 15:00:00,KL-KLM-11,Kollam,Coastal/Midland,8.8932,76.6141,0.0,31.0,69.9,65.1,14.9
2024-07-16 16:00:00,KL-KLM-11,Kollam,Coastal/Midland,8.8932,76.6141,0.0,30.4,73.8,64.9,12.4
2024-07-16 17:00:00,KL-KLM-11,Kollam,Coastal/Midland,8.8932,76.6141,0.0,31.1,72.3,64.6,11.0
2024-07-16 18:00:00,KL-KLM-11,Kollam,Coastal/Midland,8.8932,76.6141,0.0,29.6,72.3,64.4,13.6
2024-07-16 19:00:00,KL-KLM-11,Kollam,Coastal/Midland,8.8932,76.6141,0.0,30.1,72.1,64.1,13.0
2024-07-16 20:00:00,KL-KLM-11,Kollam,Coastal/Midland,8.8932,76.6141,0.0,28.8,70.3,63.9,14.4
2024-07-16 21:00:00,KL-KLM-11,Kollam,Coastal/Midland,8.8932,76.6141,0.0,28.4,72.1,63.6,11.1
2024-07-16 22:00:00,KL-KLM-11,Kollam,Coastal/Midland,8.8932,76.6141,0.0,28.1,69.4,63.4,15.0
2024-07-16 23:00:00,KL-KLM-11,Kollam,Coastal/Midland,8.8932,76.6141,0.0,28.9,73.6,63.1,11.2
2024-07-17 00:00:00,KL-KLM-11,Kollam,Coastal/Midland,8.8932,76.6141,4.7,28.0,76.6,64.8,17.2
2024-07-17 01:00:00,KL-KLM-11,Kollam,Coastal/Midland,8.8932,76.6141,0.0,28.2,69.7,64.5,10.4
2024-07-17 02:00:00,KL-KLM-11,Kollam,Coastal/Midland,8.8932,76.6141,0.0,27.7,70.3,64.3,14.4
2024-07-17 03:00:00,KL-KLM-11,Kollam,Coastal/Midland,8.8932,76.6141,0.0,29.2,69.1,64.0,10.9
2024-07-17 04:00:00,KL-KLM-11,Kollam,Coastal/Midland,8.8932,76.6141,0.0,29.4,73.4,63.8,13.5
2024-07-17 05:00:00,KL-KLM-11,Kollam,Coastal/Midland,8.8932,76.6141,1.8,28.9,73.3,64.4,14.8
2024-07-17 06:00:00,KL-KLM-11,Kollam,Coastal/Midland,8.8932,76.6141,0.0,29.5,72.7,64.1,11.2
2024-07-17 07:00:00,KL-KLM-11,Kollam,Coastal/Midland,8.8932,76.6141,6.1,29.6,75.1,66.3,16.6
2024-07-17 08:00:00,KL-KLM-11,Kollam,Coastal/Midland,8.8932,76.6141,12.1,28.6,79.0,70.5,17.0
2024-07-17 09:00:00,KL-KLM-11,Kollam,Coastal/Midland,8.8932,76.6141,3.8,30.2,76.2,71.8,16.1
2024-07-17 10:00:00,KL-KLM-11,Kollam,Coastal/Midland,8.8932,76.6141,0.0,31.7,73.0,71.6,10.3
2024-07-17 11:00:00,KL-KLM-11,Kollam,Coastal/Midland,8.8932,76.6141,0.0,32.3,69.5,71.3,10.7
2024-07-17 12:00:00,KL-KLM-11,Kollam,Coastal/Midland,8.8932,76.6141,0.0,31.4,70.1,71.1,10.7
2024-07-17 13:00:00,KL-KLM-11,Kollam,Coastal/Midland,8.8932,76.6141,0.0,31.8,73.3,70.8,14.0
2024-07-17 14:00:00,KL-KLM-11,Kollam,Coastal/Midland,8.8932,76.6141,0.0,32.1,74.6,70.6,11.2
2024-07-17 15:00:00,KL-KLM-11,Kollam,Coastal/Midland,8.8932,76.6141,0.0,31.8,69.2,70.3,13.4
2024-07-17 16:00:00,KL-KLM-11,Kollam,Coastal/Midland,8.8932,76.6141,0.0,30.7,72.2,70.1,14.0
2024-07-17 17:00:00,KL-KLM-11,Kollam,Coastal/Midland,8.8932,76.6141,0.0,31.1,73.9,69.8,14.7
2024-07-17 18:00:00,KL-KLM-11,Kollam,Coastal/Midland,8.8932,76.6141,11.0,28.0,78.4,73.7,17.2
2024-07-17 19:00:00,KL-KLM-11,Kollam,Coastal/Midland,8.8932,76.6141,0.0,29.8,72.8,73.4,10.8
2024-07-17 20:00:00,KL-KLM-11,Kollam,Coastal/Midland,8.8932,76.6141,1.9,29.0,76.4,74.1,11.9
2024-07-17 21:00:00,KL-KLM-11,Kollam,Coastal/Midland,8.8932,76.6141,3.5,28.6,75.3,75.3,16.0
2024-07-17 22:00:00,KL-KLM-11,Kollam,Coastal/Midland,8.8932,76.6141,14.6,26.4,85.7,80.4,17.7
2024-07-17 23:00:00,KL-KLM-11,Kollam,Coastal/Midland,8.8932,76.6141,0.0,28.3,73.8,80.2,11.3
2024-07-18 00:00:00,KL-KLM-11,Kollam,Coastal/Midland,8.8932,76.6141,0.0,28.2,69.8,79.9,14.2
2024-07-18 01:00:00,KL-KLM-11,Kollam,Coastal/Midland,8.8932,76.6141,0.0,27.3,69.6,79.7,15.8
2024-07-18 02:00:00,KL-KLM-11,Kollam,Coastal/Midland,8.8932,76.6141,6.1,27.2,76.0,81.8,15.0
2024-07-18 03:00:00,KL-KLM-11,Kollam,Coastal/Midland,8.8932,76.6141,6.8,28.2,75.7,84.2,13.6
2024-07-18 04:00:00,KL-KLM-11,Kollam,Coastal/Midland,8.8932,76.6141,0.0,29.6,73.7,84.0,10.2
2024-07-18 05:00:00,KL-KLM-11,Kollam,Coastal/Midland,8.8932,76.6141,0.0,30.2,71.5,83.7,12.2
2024-07-18 06:00:00,KL-KLM-11,Kollam,Coastal/Midland,8.8932,76.6141,6.2,29.1,74.3,85.9,16.7
2024-07-18 07:00:00,KL-KLM-11,Kollam,Coastal/Midland,8.8932,76.6141,14.9,29.0,83.5,91.1,22.6
2024-07-18 08:00:00,KL-KLM-11,Kollam,Coastal/Midland,8.8932,76.6141,6.6,29.4,76.0,93.4,17.2
2024-07-18 09:00:00,KL-KLM-11,Kollam,Coastal/Midland,8.8932,76.6141,0.0,31.2,70.6,93.2,15.2
2024-07-18 10:00:00,KL-KLM-11,Kollam,Coastal/Midland,8.8932,76.6141,0.0,32.0,72.9,92.9,11.3
2024-07-18 11:00:00,KL-KLM-11,Kollam,Coastal/Midland,8.8932,76.6141,0.0,31.6,70.5,92.7,10.7
2024-07-18 12:00:00,KL-KLM-11,Kollam,Coastal/Midland,8.8932,76.6141,0.0,32.7,71.4,92.4,13.0
2024-07-18 13:00:00,KL-KLM-11,Kollam,Coastal/Midland,8.8932,76.6141,0.0,32.2,71.2,92.2,15.4
2024-07-18 14:00:00,KL-KLM-11,Kollam,Coastal/Midland,8.8932,76.6141,4.8,30.9,76.9,93.8,18.4
2024-07-18 15:00:00,KL-KLM-11,Kollam,Coastal/Midland,8.8932,76.6141,13.6,28.9,81.4,98.0,19.7
2024-07-18 16:00:00,KL-KLM-11,Kollam,Coastal/Midland,8.8932,76.6141,24.4,26.9,91.1,98.0,22.9
2024-07-18 17:00:00,KL-KLM-11,Kollam,Coastal/Midland,8.8932,76.6141,0.0,30.9,73.8,97.8,13.1
2024-07-18 18:00:00,KL-KLM-11,Kollam,Coastal/Midland,8.8932,76.6141,4.6,30.0,77.4,98.0,15.6
2024-07-18 19:00:00,KL-KLM-11,Kollam,Coastal/Midland,8.8932,76.6141,15.4,27.6,81.9,98.0,18.7
2024-07-18 20:00:00,KL-KLM-11,Kollam,Coastal/Midland,8.8932,76.6141,20.3,26.0,90.1,98.0,24.2
2024-07-18 21:00:00,KL-KLM-11,Kollam,Coastal/Midland,8.8932,76.6141,9.0,26.5,80.5,98.0,20.3
2024-07-18 22:00:00,KL-KLM-11,Kollam,Coastal/Midland,8.8932,76.6141,0.0,28.2,70.2,97.8,10.3
2024-07-18 23:00:00,KL-KLM-11,Kollam,Coastal/Midland,8.8932,76.6141,13.0,26.1,80.8,98.0,17.0
2024-07-19 00:00:00,KL-KLM-11,Kollam,Coastal/Midland,8.8932,76.6141,35.2,22.5,99.0,98.0,29.3
2024-07-19 01:00:00,KL-KLM-11,Kollam,Coastal/Midland,8.8932,76.6141,34.1,22.4,99.0,98.0,27.2
2024-07-19 02:00:00,KL-KLM-11,Kollam,Coastal/Midland,8.8932,76.6141,12.2,26.5,81.9,98.0,18.2
2024-07-19 03:00:00,KL-KLM-11,Kollam,Coastal/Midland,8.8932,76.6141,22.2,24.9,86.9,98.0,21.8
2024-07-19 04:00:00,KL-KLM-11,Kollam,Coastal/Midland,8.8932,76.6141,13.8,27.2,85.3,98.0,18.1
2024-07-19 05:00:00,KL-KLM-11,Kollam,Coastal/Midland,8.8932,76.6141,40.2,24.1,99.0,98.0,31.6
2024-07-19 06:00:00,KL-KLM-11,Kollam,Coastal/Midland,8.8932,76.6141,23.1,27.1,88.0,98.0,25.1
2024-07-19 07:00:00,KL-KLM-11,Kollam,Coastal/Midland,8.8932,76.6141,43.1,24.4,99.0,98.0,31.7
2024-07-19 08:00:00,KL-KLM-11,Kollam,Coastal/Midland,8.8932,76.6141,0.0,30.8,71.6,97.8,11.9
2024-07-19 09:00:00,KL-KLM-11,Kollam,Coastal/Midland,8.8932,76.6141,34.4,26.7,99.0,98.0,27.5
2024-07-19 10:00:00,KL-KLM-11,Kollam,Coastal/Midland,8.8932,76.6141,39.0,25.3,99.0,98.0,29.6
2024-07-19 11:00:00,KL-KLM-11,Kollam,Coastal/Midland,8.8932,76.6141,36.0,26.6,99.0,98.0,28.4
2024-07-19 12:00:00,KL-KLM-11,Kollam,Coastal/Midland,8.8932,76.6141,45.5,25.7,99.0,98.0,34.4
2024-07-19 13:00:00,KL-KLM-11,Kollam,Coastal/Midland,8.8932,76.6141,20.2,29.7,85.6,98.0,24.8
2024-07-19 14:00:00,KL-KLM-11,Kollam,Coastal/Midland,8.8932,76.6141,39.6,25.8,99.0,98.0,31.6
2024-07-19 15:00:00,KL-KLM-11,Kollam,Coastal/Midland,8.8932,76.6141,0.0,31.9,74.6,97.8,12.4
2024-07-19 16:00:00,KL-KLM-11,Kollam,Coastal/Midland,8.8932,76.6141,61.6,22.0,99.0,98.0,42.0
2024-07-19 17:00:00,KL-KLM-11,Kollam,Coastal/Midland,8.8932,76.6141,45.7,24.2,99.0,98.0,36.2
2024-07-19 18:00:00,KL-KLM-11,Kollam,Coastal/Midland,8.8932,76.6141,30.9,25.2,94.3,98.0,26.7
2024-07-19 19:00:00,KL-KLM-11,Kollam,Coastal/Midland,8.8932,76.6141,10.8,27.8,79.2,98.0,16.8
2024-07-19 20:00:00,KL-KLM-11,Kollam,Coastal/Midland,8.8932,76.6141,26.5,24.5,94.6,98.0,29.1
2024-07-19 21:00:00,KL-KLM-11,Kollam,Coastal/Midland,8.8932,76.6141,42.3,22.4,99.0,98.0,37.1
2024-07-19 22:00:00,KL-KLM-11,Kollam,Coastal/Midland,8.8932,76.6141,9.1,27.2,81.7,98.0,15.5
2024-07-19 23:00:00,KL-KLM-11,Kollam,Coastal/Midland,8.8932,76.6141,65.2,18.5,99.0,98.0,45.4
2024-07-20 00:00:00,KL-KLM-11,Kollam,Coastal/Midland,8.8932,76.6141,55.6,19.7,99.0,98.0,38.3
2024-07-20 01:00:00,KL-KLM-11,Kollam,Coastal/Midland,8.8932,76.6141,17.4,25.7,83.1,98.0,23.5
2024-07-20 02:00:00,KL-KLM-11,Kollam,Coastal/Midland,8.8932,76.6141,13.7,26.9,85.6,98.0,22.5
2024-07-20 03:00:00,KL-KLM-11,Kollam,Coastal/Midland,8.8932,76.6141,0.0,28.2,73.1,97.8,14.5
2024-07-20 04:00:00,KL-KLM-11,Kollam,Coastal/Midland,8.8932,76.6141,42.0,23.3,99.0,98.0,33.7
2024-07-20 05:00:00,KL-KLM-11,Kollam,Coastal/Midland,8.8932,76.6141,14.4,28.1,86.3,98.0,21.6
2024-07-20 06:00:00,KL-KLM-11,Kollam,Coastal/Midland,8.8932,76.6141,42.9,24.3,99.0,98.0,34.5
2024-07-20 07:00:00,KL-KLM-11,Kollam,Coastal/Midland,8.8932,76.6141,0.0,31.1,74.8,97.8,15.6
2024-07-20 08:00:00,KL-KLM-11,Kollam,Coastal/Midland,8.8932,76.6141,0.0,30.7,69.8,97.5,14.5
2024-07-20 09:00:00,KL-KLM-11,Kollam,Coastal/Midland,8.8932,76.6141,54.8,23.0,99.0,98.0,43.0
2024-07-20 10:00:00,KL-KLM-11,Kollam,Coastal/Midland,8.8932,76.6141,30.7,27.1,96.2,98.0,25.4
2024-07-20 11:00:00,KL-KLM-11,Kollam,Coastal/Midland,8.8932,76.6141,49.2,24.2,99.0,98.0,37.4
2024-07-20 12:00:00,KL-KLM-11,Kollam,Coastal/Midland,8.8932,76.6141,11.9,30.8,83.6,98.0,18.2
2024-07-20 13:00:00,KL-KLM-11,Kollam,Coastal/Midland,8.8932,76.6141,36.5,25.8,99.0,98.0,28.8
2024-07-20 14:00:00,KL-KLM-11,Kollam,Coastal/Midland,8.8932,76.6141,49.8,24.5,99.0,98.0,39.6
2024-07-20 15:00:00,KL-KLM-11,Kollam,Coastal/Midland,8.8932,76.6141,26.6,28.1,91.2,98.0,27.7
2024-07-20 16:00:00,KL-KLM-11,Kollam,Coastal/Midland,8.8932,76.6141,49.6,23.8,99.0,98.0,38.8
2024-07-20 17:00:00,KL-KLM-11,Kollam,Coastal/Midland,8.8932,76.6141,8.2,29.1,79.8,98.0,15.7
2024-07-20 18:00:00,KL-KLM-11,Kollam,Coastal/Midland,8.8932,76.6141,0.0,30.5,71.5,97.8,12.1
2024-07-20 19:00:00,KL-KLM-11,Kollam,Coastal/Midland,8.8932,76.6141,43.4,23.2,99.0,98.0,33.4
2024-07-20 20:00:00,KL-KLM-11,Kollam,Coastal/Midland,8.8932,76.6141,0.0,29.3,72.3,97.8,12.0
2024-07-20 21:00:00,KL-KLM-11,Kollam,Coastal/Midland,8.8932,76.6141,9.7,27.8,80.2,98.0,20.0
2024-07-20 22:00:00,KL-KLM-11,Kollam,Coastal/Midland,8.8932,76.6141,0.0,28.5,70.1,97.8,13.8
2024-07-20 23:00:00,KL-KLM-11,Kollam,Coastal/Midland,8.8932,76.6141,0.0,28.8,73.2,97.5,11.7
2024-07-21 00:00:00,KL-KLM-11,Kollam,Coastal/Midland,8.8932,76.6141,0.0,27.8,70.5,97.2,11.6
2024-07-21 01:00:00,KL-KLM-11,Kollam,Coastal/Midland,8.8932,76.6141,0.0,27.3,71.7,97.0,11.9
2024-07-21 02:00:00,KL-KLM-11,Kollam,Coastal/Midland,8.8932,76.6141,5.0,27.6,73.6,98.0,13.4
2024-07-21 03:00:00,KL-KLM-11,Kollam,Coastal/Midland,8.8932,76.6141,0.0,28.4,73.6,97.8,15.0
2024-07-21 04:00:00,KL-KLM-11,Kollam,Coastal/Midland,8.8932,76.6141,20.3,25.4,88.3,98.0,23.6
2024-07-21 05:00:00,KL-KLM-11,Kollam,Coastal/Midland,8.8932,76.6141,0.0,29.0,72.2,97.8,13.2
2024-07-21 06:00:00,KL-KLM-11,Kollam,Coastal/Midland,8.8932,76.6141,20.6,27.5,86.3,98.0,21.9
2024-07-21 07:00:00,KL-KLM-11,Kollam,Coastal/Midland,8.8932,76.6141,29.5,26.5,95.3,98.0,28.2
2024-07-21 08:00:00,KL-KLM-11,Kollam,Coastal/Midland,8.8932,76.6141,19.1,27.4,86.1,98.0,20.8
2024-07-21 09:00:00,KL-KLM-11,Kollam,Coastal/Midland,8.8932,76.6141,0.0,31.6,73.5,97.8,14.3
2024-07-21 10:00:00,KL-KLM-11,Kollam,Coastal/Midland,8.8932,76.6141,20.6,28.8,90.4,98.0,26.3
2024-07-21 11:00:00,KL-KLM-11,Kollam,Coastal/Midland,8.8932,76.6141,0.0,32.3,69.6,97.8,11.3
2024-07-21 12:00:00,KL-KLM-11,Kollam,Coastal/Midland,8.8932,76.6141,0.0,32.6,71.1,97.5,15.9
2024-07-21 13:00:00,KL-KLM-11,Kollam,Coastal/Midland,8.8932,76.6141,8.0,30.8,76.0,98.0,16.0
2024-07-21 14:00:00,KL-KLM-11,Kollam,Coastal/Midland,8.8932,76.6141,0.0,31.0,70.0,97.8,15.4
2024-07-21 15:00:00,KL-KLM-11,Kollam,Coastal/Midland,8.8932,76.6141,8.3,29.6,76.4,98.0,14.7
2024-07-21 16:00:00,KL-KLM-11,Kollam,Coastal/Midland,8.8932,76.6141,3.1,30.0,73.2,98.0,11.7
2024-07-21 17:00:00,KL-KLM-11,Kollam,Coastal/Midland,8.8932,76.6141,0.0,30.4,69.4,97.8,14.5
2024-07-21 18:00:00,KL-KLM-11,Kollam,Coastal/Midland,8.8932,76.6141,0.0,30.7,73.5,97.5,14.6
2024-07-21 19:00:00,KL-KLM-11,Kollam,Coastal/Midland,8.8932,76.6141,6.5,28.6,78.7,98.0,17.0
2024-07-21 20:00:00,KL-KLM-11,Kollam,Coastal/Midland,8.8932,76.6141,0.0,29.7,73.4,97.8,15.2
2024-07-21 21:00:00,KL-KLM-11,Kollam,Coastal/Midland,8.8932,76.6141,0.0,28.7,69.6,97.5,10.5
2024-07-21 22:00:00,KL-KLM-11,Kollam,Coastal/Midland,8.8932,76.6141,9.6,27.6,81.4,98.0,19.8
2024-07-21 23:00:00,KL-KLM-11,Kollam,Coastal/Midland,8.8932,76.6141,0.0,28.7,72.8,97.8,15.7
2024-07-22 00:00:00,KL-KLM-11,Kollam,Coastal/Midland,8.8932,76.6141,0.0,28.2,72.2,97.5,14.8
2024-07-22 01:00:00,KL-KLM-11,Kollam,Coastal/Midland,8.8932,76.6141,15.0,25.7,84.7,98.0,20.1
2024-07-22 02:00:00,KL-KLM-11,Kollam,Coastal/Midland,8.8932,76.6141,0.0,28.1,70.9,97.8,15.4
2024-07-22 03:00:00,KL-KLM-11,Kollam,Coastal/Midland,8.8932,76.6141,6.2,27.3,75.8,98.0,17.1
2024-07-22 04:00:00,KL-KLM-11,Kollam,Coastal/Midland,8.8932,76.6141,9.5,27.9,80.7,98.0,15.1
2024-07-22 05:00:00,KL-KLM-11,Kollam,Coastal/Midland,8.8932,76.6141,0.0,29.4,71.2,97.8,14.2
2024-07-22 06:00:00,KL-KLM-11,Kollam,Coastal/Midland,8.8932,76.6141,0.0,30.3,71.1,97.5,10.4
2024-07-22 07:00:00,KL-KLM-11,Kollam,Coastal/Midland,8.8932,76.6141,9.9,28.3,81.9,98.0,18.2
2024-07-22 08:00:00,KL-KLM-11,Kollam,Coastal/Midland,8.8932,76.6141,0.0,31.5,70.2,97.8,11.9
2024-07-22 09:00:00,KL-KLM-11,Kollam,Coastal/Midland,8.8932,76.6141,0.0,31.7,69.8,97.5,13.1
2024-07-22 10:00:00,KL-KLM-11,Kollam,Coastal/Midland,8.8932,76.6141,5.9,30.1,76.6,98.0,13.2
2024-07-22 11:00:00,KL-KLM-11,Kollam,Coastal/Midland,8.8932,76.6141,0.0,32.2,70.8,97.8,10.8
2024-07-22 12:00:00,KL-KLM-11,Kollam,Coastal/Midland,8.8932,76.6141,0.0,32.1,70.1,97.5,11.8
2024-07-22 13:00:00,KL-KLM-11,Kollam,Coastal/Midland,8.8932,76.6141,0.0,31.7,74.2,97.2,14.7
2024-07-22 14:00:00,KL-KLM-11,Kollam,Coastal/Midland,8.8932,76.6141,0.0,31.8,71.6,97.0,13.0
2024-07-22 15:00:00,KL-KLM-11,Kollam,Coastal/Midland,8.8932,76.6141,10.4,29.5,77.4,98.0,19.9
2024-07-22 16:00:00,KL-KLM-11,Kollam,Coastal/Midland,8.8932,76.6141,6.3,29.8,78.6,98.0,15.2
2024-07-22 17:00:00,KL-KLM-11,Kollam,Coastal/Midland,8.8932,76.6141,0.0,30.6,73.7,97.8,11.9
2024-07-22 18:00:00,KL-KLM-11,Kollam,Coastal/Midland,8.8932,76.6141,4.0,29.9,77.0,98.0,12.2
2024-07-22 19:00:00,KL-KLM-11,Kollam,Coastal/Midland,8.8932,76.6141,11.0,27.6,82.6,98.0,20.8
2024-07-22 20:00:00,KL-KLM-11,Kollam,Coastal/Midland,8.8932,76.6141,0.0,29.6,70.1,97.8,12.5
2024-07-22 21:00:00,KL-KLM-11,Kollam,Coastal/Midland,8.8932,76.6141,0.0,27.9,71.4,97.5,12.0
2024-07-22 22:00:00,KL-KLM-11,Kollam,Coastal/Midland,8.8932,76.6141,0.0,27.8,69.3,97.2,14.2
2024-07-22 23:00:00,KL-KLM-11,Kollam,Coastal/Midland,8.8932,76.6141,0.0,27.5,70.1,97.0,11.0
2024-07-23 00:00:00,KL-KLM-11,Kollam,Coastal/Midland,8.8932,76.6141,12.3,26.6,81.4,98.0,21.4
2024-07-23 01:00:00,KL-KLM-11,Kollam,Coastal/Midland,8.8932,76.6141,0.0,28.0,71.4,97.8,14.6
2024-07-23 02:00:00,KL-KLM-11,Kollam,Coastal/Midland,8.8932,76.6141,0.0,28.1,69.6,97.5,11.1
2024-07-23 03:00:00,KL-KLM-11,Kollam,Coastal/Midland,8.8932,76.6141,0.0,27.9,71.2,97.2,15.8
2024-07-23 04:00:00,KL-KLM-11,Kollam,Coastal/Midland,8.8932,76.6141,0.0,29.7,72.2,97.0,13.1
2024-07-23 05:00:00,KL-KLM-11,Kollam,Coastal/Midland,8.8932,76.6141,0.0,28.8,73.6,96.8,15.9
2024-07-23 06:00:00,KL-KLM-11,Kollam,Coastal/Midland,8.8932,76.6141,7.2,28.9,77.1,98.0,17.9
2024-07-23 07:00:00,KL-KLM-11,Kollam,Coastal/Midland,8.8932,76.6141,0.0,29.9,74.2,97.8,11.0
2024-07-23 08:00:00,KL-KLM-11,Kollam,Coastal/Midland,8.8932,76.6141,0.0,31.7,71.7,97.5,14.7
2024-07-23 09:00:00,KL-KLM-11,Kollam,Coastal/Midland,8.8932,76.6141,11.6,29.6,84.2,98.0,18.3
2024-07-23 10:00:00,KL-KLM-11,Kollam,Coastal/Midland,8.8932,76.6141,3.8,31.7,72.5,98.0,16.3
2024-07-23 11:00:00,KL-KLM-11,Kollam,Coastal/Midland,8.8932,76.6141,0.0,31.2,72.2,97.8,11.4
2024-07-23 12:00:00,KL-KLM-11,Kollam,Coastal/Midland,8.8932,76.6141,0.0,32.0,70.4,97.5,12.1
2024-07-23 13:00:00,KL-KLM-11,Kollam,Coastal/Midland,8.8932,76.6141,0.0,31.7,73.5,97.2,10.3
2024-07-23 14:00:00,KL-KLM-11,Kollam,Coastal/Midland,8.8932,76.6141,0.0,32.5,72.8,97.0,12.2
2024-07-23 15:00:00,KL-KLM-11,Kollam,Coastal/Midland,8.8932,76.6141,9.2,29.7,77.1,98.0,17.9
2024-07-23 16:00:00,KL-KLM-11,Kollam,Coastal/Midland,8.8932,76.6141,0.0,31.0,74.3,97.8,12.2
2024-07-23 17:00:00,KL-KLM-11,Kollam,Coastal/Midland,8.8932,76.6141,0.0,31.2,69.3,97.5,14.1
2024-07-23 18:00:00,KL-KLM-11,Kollam,Coastal/Midland,8.8932,76.6141,0.0,29.7,71.2,97.2,13.9
2024-07-23 19:00:00,KL-KLM-11,Kollam,Coastal/Midland,8.8932,76.6141,4.5,28.3,77.9,98.0,12.9
2024-07-23 20:00:00,KL-KLM-11,Kollam,Coastal/Midland,8.8932,76.6141,0.0,28.4,73.3,97.8,12.7
2024-07-23 21:00:00,KL-KLM-11,Kollam,Coastal/Midland,8.8932,76.6141,0.0,28.8,73.4,97.5,15.9
2024-07-23 22:00:00,KL-KLM-11,Kollam,Coastal/Midland,8.8932,76.6141,0.0,28.5,73.9,97.2,10.5
2024-07-23 23:00:00,KL-KLM-11,Kollam,Coastal/Midland,8.8932,76.6141,0.0,28.5,73.6,97.0,11.5
2024-07-24 00:00:00,KL-KLM-11,Kollam,Coastal/Midland,8.8932,76.6141,14.9,26.2,83.9,98.0,17.6
2024-07-24 01:00:00,KL-KLM-11,Kollam,Coastal/Midland,8.8932,76.6141,0.0,28.2,71.3,97.8,11.0
2024-07-24 02:00:00,KL-KLM-11,Kollam,Coastal/Midland,8.8932,76.6141,12.8,26.7,83.2,98.0,16.8
2024-07-24 03:00:00,KL-KLM-11,Kollam,Coastal/Midland,8.8932,76.6141,0.0,28.8,71.3,97.8,11.5
2024-07-24 04:00:00,KL-KLM-11,Kollam,Coastal/Midland,8.8932,76.6141,10.7,27.6,77.8,98.0,19.0
2024-07-24 05:00:00,KL-KLM-11,Kollam,Coastal/Midland,8.8932,76.6141,0.0,29.0,73.3,97.8,13.0
2024-07-24 06:00:00,KL-KLM-11,Kollam,Coastal/Midland,8.8932,76.6141,19.1,26.7,89.4,98.0,24.8
2024-07-24 07:00:00,KL-KLM-11,Kollam,Coastal/Midland,8.8932,76.6141,26.1,27.2,94.6,98.0,27.5
2024-07-24 08:00:00,KL-KLM-11,Kollam,Coastal/Midland,8.8932,76.6141,0.0,31.3,71.4,97.8,12.8
2024-07-24 09:00:00,KL-KLM-11,Kollam,Coastal/Midland,8.8932,76.6141,30.0,27.5,95.1,98.0,26.0
2024-07-24 10:00:00,KL-KLM-11,Kollam,Coastal/Midland,8.8932,76.6141,31.9,27.7,96.1,98.0,28.5
2024-07-24 11:00:00,KL-KLM-11,Kollam,Coastal/Midland,8.8932,76.6141,0.0,31.5,72.2,97.8,12.2
2024-07-24 12:00:00,KL-KLM-11,Kollam,Coastal/Midland,8.8932,76.6141,24.7,27.8,93.0,98.0,25.7
2024-07-24 13:00:00,KL-KLM-11,Kollam,Coastal/Midland,8.8932,76.6141,28.7,28.0,96.8,98.0,28.4
2024-07-24 14:00:00,KL-KLM-11,Kollam,Coastal/Midland,8.8932,76.6141,26.8,27.1,93.2,98.0,26.4
2024-07-24 15:00:00,KL-KLM-11,Kollam,Coastal/Midland,8.8932,76.6141,0.0,32.0,73.4,97.8,14.8
2024-07-24 16:00:00,KL-KLM-11,Kollam,Coastal/Midland,8.8932,76.6141,0.0,30.9,72.5,97.5,13.1
2024-07-24 17:00:00,KL-KLM-11,Kollam,Coastal/Midland,8.8932,76.6141,42.9,24.4,99.0,98.0,37.4
2024-07-24 18:00:00,KL-KLM-11,Kollam,Coastal/Midland,8.8932,76.6141,31.4,24.7,97.0,98.0,35.3
2024-07-24 19:00:00,KL-KLM-11,Kollam,Coastal/Midland,8.8932,76.6141,12.8,27.4,79.5,98.0,24.9
2024-07-24 20:00:00,KL-KLM-11,Kollam,Coastal/Midland,8.8932,76.6141,0.0,29.2,73.5,97.8,20.3
2024-07-24 21:00:00,KL-KLM-11,Kollam,Coastal/Midland,8.8932,76.6141,20.3,26.2,90.2,98.0,32.0
2024-07-24 22:00:00,KL-KLM-11,Kollam,Coastal/Midland,8.8932,76.6141,0.0,27.7,70.4,97.8,21.4
2024-07-24 23:00:00,KL-KLM-11,Kollam,Coastal/Midland,8.8932,76.6141,60.0,19.8,99.0,98.0,51.0
2024-07-25 00:00:00,KL-KLM-11,Kollam,Coastal/Midland,8.8932,76.6141,53.4,20.7,99.0,98.0,50.6
2024-07-25 01:00:00,KL-KLM-11,Kollam,Coastal/Midland,8.8932,76.6141,80.3,18.0,99.0,98.0,58.9
2024-07-25 02:00:00,KL-KLM-11,Kollam,Coastal/Midland,8.8932,76.6141,0.0,27.5,70.4,97.8,23.3
2024-07-25 03:00:00,KL-KLM-11,Kollam,Coastal/Midland,8.8932,76.6141,51.7,20.7,99.0,98.0,49.3
2024-07-25 04:00:00,KL-KLM-11,Kollam,Coastal/Midland,8.8932,76.6141,49.6,21.7,99.0,98.0,45.7
2024-07-25 05:00:00,KL-KLM-11,Kollam,Coastal/Midland,8.8932,76.6141,44.1,22.7,99.0,98.0,41.8
2024-07-25 06:00:00,KL-KLM-11,Kollam,Coastal/Midland,8.8932,76.6141,0.0,29.6,72.3,97.8,23.6
2024-07-25 07:00:00,KL-KLM-11,Kollam,Coastal/Midland,8.8932,76.6141,95.3,18.0,99.0,98.0,68.2
2024-07-25 08:00:00,KL-KLM-11,Kollam,Coastal/Midland,8.8932,76.6141,0.0,31.6,72.8,97.8,19.2
2024-07-25 09:00:00,KL-KLM-11,Kollam,Coastal/Midland,8.8932,76.6141,74.6,20.8,99.0,98.0,55.5
2024-07-25 10:00:00,KL-KLM-11,Kollam,Coastal/Midland,8.8932,76.6141,119.4,18.0,99.0,98.0,79.9
2024-07-25 11:00:00,KL-KLM-11,Kollam,Coastal/Midland,8.8932,76.6141,0.0,32.6,74.7,97.8,21.5
2024-07-25 12:00:00,KL-KLM-11,Kollam,Coastal/Midland,8.8932,76.6141,62.9,22.5,99.0,98.0,53.5
2024-07-25 13:00:00,KL-KLM-11,Kollam,Coastal/Midland,8.8932,76.6141,63.3,23.1,99.0,98.0,50.2
2024-07-25 14:00:00,KL-KLM-11,Kollam,Coastal/Midland,8.8932,76.6141,80.7,19.2,99.0,98.0,63.2
2024-07-25 15:00:00,KL-KLM-11,Kollam,Coastal/Midland,8.8932,76.6141,20.3,29.0,88.8,98.0,32.8
2024-07-25 16:00:00,KL-KLM-11,Kollam,Coastal/Midland,8.8932,76.6141,104.5,18.0,99.0,98.0,73.5
2024-07-25 17:00:00,KL-KLM-11,Kollam,Coastal/Midland,8.8932,76.6141,24.3,27.0,92.2,98.0,31.1
2024-07-25 18:00:00,KL-KLM-11,Kollam,Coastal/Midland,8.8932,76.6141,80.3,18.0,99.0,98.0,61.3
2024-07-25 19:00:00,KL-KLM-11,Kollam,Coastal/Midland,8.8932,76.6141,22.8,26.4,91.1,98.0,34.1
2024-07-25 20:00:00,KL-KLM-11,Kollam,Coastal/Midland,8.8932,76.6141,15.3,26.6,83.4,98.0,30.7
2024-07-25 21:00:00,KL-KLM-11,Kollam,Coastal/Midland,8.8932,76.6141,134.9,18.0,99.0,98.0,86.2
2024-07-25 22:00:00,KL-KLM-11,Kollam,Coastal/Midland,8.8932,76.6141,0.0,28.7,71.2,97.8,23.1
2024-07-25 23:00:00,KL-KLM-11,Kollam,Coastal/Midland,8.8932,76.6141,64.2,18.0,99.0,98.0,56.0
2024-07-26 00:00:00,KL-KLM-11,Kollam,Coastal/Midland,8.8932,76.6141,13.3,26.6,81.9,98.0,25.5
2024-07-26 01:00:00,KL-KLM-11,Kollam,Coastal/Midland,8.8932,76.6141,53.8,19.7,99.0,98.0,47.7
2024-07-26 02:00:00,KL-KLM-11,Kollam,Coastal/Midland,8.8932,76.6141,75.5,18.0,99.0,98.0,59.4
2024-07-26 03:00:00,KL-KLM-11,Kollam,Coastal/Midland,8.8932,76.6141,21.2,25.9,89.3,98.0,30.3
2024-07-26 04:00:00,KL-KLM-11,Kollam,Coastal/Midland,8.8932,76.6141,64.7,19.2,99.0,98.0,51.2
2024-07-26 05:00:00,KL-KLM-11,Kollam,Coastal/Midland,8.8932,76.6141,0.0,29.2,72.5,97.8,20.7
2024-07-26 06:00:00,KL-KLM-11,Kollam,Coastal/Midland,8.8932,76.6141,0.0,30.6,74.5,97.5,19.6
2024-07-26 07:00:00,KL-KLM-11,Kollam,Coastal/Midland,8.8932,76.6141,84.7,18.0,99.0,98.0,63.3
2024-07-26 08:00:00,KL-KLM-11,Kollam,Coastal/Midland,8.8932,76.6141,0.0,30.7,73.7,97.8,18.8
2024-07-26 09:00:00,KL-KLM-11,Kollam,Coastal/Midland,8.8932,76.6141,0.0,30.8,74.1,97.5,20.2
2024-07-26 10:00:00,KL-KLM-11,Kollam,Coastal/Midland,8.8932,76.6141,0.0,32.1,69.1,97.2,22.4
2024-07-26 11:00:00,KL-KLM-11,Kollam,Coastal/Midland,8.8932,76.6141,43.7,26.0,99.0,98.0,45.6
2024-07-26 12:00:00,KL-KLM-11,Kollam,Coastal/Midland,8.8932,76.6141,78.4,20.2,99.0,98.0,58.2
2024-07-26 13:00:00,KL-KLM-11,Kollam,Coastal/Midland,8.8932,76.6141,36.5,26.9,98.2,98.0,36.8
2024-07-26 14:00:00,KL-KLM-11,Kollam,Coastal/Midland,8.8932,76.6141,82.4,18.9,99.0,98.0,63.5
2024-07-26 15:00:00,KL-KLM-11,Kollam,Coastal/Midland,8.8932,76.6141,20.6,28.1,91.1,98.0,33.8
2024-07-26 16:00:00,KL-KLM-11,Kollam,Coastal/Midland,8.8932,76.6141,0.0,30.8,71.9,97.8,18.4
2024-07-26 17:00:00,KL-KLM-11,Kollam,Coastal/Midland,8.8932,76.6141,49.4,23.8,99.0,98.0,46.1
2024-07-26 18:00:00,KL-KLM-11,Kollam,Coastal/Midland,8.8932,76.6141,0.0,30.2,74.1,97.8,23.3
2024-07-26 19:00:00,KL-KLM-11,Kollam,Coastal/Midland,8.8932,76.6141,94.0,18.0,99.0,98.0,69.5
2024-07-26 20:00:00,KL-KLM-11,Kollam,Coastal/Midland,8.8932,76.6141,61.5,19.1,99.0,98.0,49.9
2024-07-26 21:00:00,KL-KLM-11,Kollam,Coastal/Midland,8.8932,76.6141,13.2,26.3,79.6,98.0,30.3
2024-07-26 22:00:00,KL-KLM-11,Kollam,Coastal/Midland,8.8932,76.6141,50.5,20.0,99.0,98.0,48.0
2024-07-26 23:00:00,KL-KLM-11,Kollam,Coastal/Midland,8.8932,76.6141,27.2,24.5,91.6,98.0,35.0
2024-07-27 00:00:00,KL-KLM-11,Kollam,Coastal/Midland,8.8932,76.6141,41.0,22.0,99.0,98.0,41.0
2024-07-27 01:00:00,KL-KLM-11,Kollam,Coastal/Midland,8.8932,76.6141,21.4,25.6,90.7,98.0,31.2
2024-07-27 02:00:00,KL-KLM-11,Kollam,Coastal/Midland,8.8932,76.6141,0.0,29.0,73.8,97.8,21.1
2024-07-27 03:00:00,KL-KLM-11,Kollam,Coastal/Midland,8.8932,76.6141,30.5,24.5,98.3,98.0,33.7
2024-07-27 04:00:00,KL-KLM-11,Kollam,Coastal/Midland,8.8932,76.6141,0.0,29.4,69.4,97.8,19.5
2024-07-27 05:00:00,KL-KLM-11,Kollam,Coastal/Midland,8.8932,76.6141,22.5,26.2,90.7,98.0,30.6
2024-07-27 06:00:00,KL-KLM-11,Kollam,Coastal/Midland,8.8932,76.6141,26.6,25.7,96.1,98.0,36.0
2024-07-27 07:00:00,KL-KLM-11,Kollam,Coastal/Midland,8.8932,76.6141,0.0,30.4,72.1,97.8,15.3
2024-07-27 08:00:00,KL-KLM-11,Kollam,Coastal/Midland,8.8932,76.6141,40.4,24.4,99.0,98.0,32.6
2024-07-27 09:00:00,KL-KLM-11,Kollam,Coastal/Midland,8.8932,76.6141,26.2,26.7,92.5,98.0,24.3
2024-07-27 10:00:00,KL-KLM-11,Kollam,Coastal/Midland,8.8932,76.6141,0.0,32.5,75.0,97.8,15.3
2024-07-27 11:00:00,KL-KLM-11,Kollam,Coastal/Midland,8.8932,76.6141,0.0,31.9,72.3,97.5,15.8
2024-07-27 12:00:00,KL-KLM-11,Kollam,Coastal/Midland,8.8932,76.6141,12.3,30.8,83.6,98.0,19.9
2024-07-27 13:00:00,KL-KLM-11,Kollam,Coastal/Midland,8.8932,76.6141,0.0,31.8,69.8,97.8,10.3
2024-07-27 14:00:00,KL-KLM-11,Kollam,Coastal/Midland,8.8932,76.6141,17.7,29.0,84.8,98.0,19.2
2024-07-27 15:00:00,KL-KLM-11,Kollam,Coastal/Midland,8.8932,76.6141,21.9,27.9,88.7,98.0,23.3
2024-07-27 16:00:00,KL-KLM-11,Kollam,Coastal/Midland,8.8932,76.6141,8.9,30.2,79.7,98.0,17.7
2024-07-27 17:00:00,KL-KLM-11,Kollam,Coastal/Midland,8.8932,76.6141,23.7,26.3,90.9,98.0,26.0
2024-07-27 18:00:00,KL-KLM-11,Kollam,Coastal/Midland,8.8932,76.6141,0.0,30.3,72.6,97.8,15.3
2024-07-27 19:00:00,KL-KLM-11,Kollam,Coastal/Midland,8.8932,76.6141,5.4,28.0,78.0,98.0,18.3
2024-07-27 20:00:00,KL-KLM-11,Kollam,Coastal/Midland,8.8932,76.6141,25.6,24.4,91.5,98.0,24.6
2024-07-27 21:00:00,KL-KLM-11,Kollam,Coastal/Midland,8.8932,76.6141,0.0,28.9,69.3,97.8,14.2
2024-07-27 22:00:00,KL-KLM-11,Kollam,Coastal/Midland,8.8932,76.6141,3.5,28.1,74.0,98.0,13.2
2024-07-27 23:00:00,KL-KLM-11,Kollam,Coastal/Midland,8.8932,76.6141,0.0,28.8,73.2,97.8,10.5
2024-07-28 00:00:00,KL-KLM-11,Kollam,Coastal/Midland,8.8932,76.6141,2.7,26.9,72.0,98.0,14.0
2024-07-28 01:00:00,KL-KLM-11,Kollam,Coastal/Midland,8.8932,76.6141,17.1,25.6,87.9,98.0,18.9
2024-07-28 02:00:00,KL-KLM-11,Kollam,Coastal/Midland,8.8932,76.6141,9.8,27.3,82.4,98.0,15.4
2024-07-28 03:00:00,KL-KLM-11,Kollam,Coastal/Midland,8.8932,76.6141,6.0,28.0,74.9,98.0,18.3
2024-07-28 04:00:00,KL-KLM-11,Kollam,Coastal/Midland,8.8932,76.6141,0.0,29.2,73.1,97.8,11.6
2024-07-28 05:00:00,KL-KLM-11,Kollam,Coastal/Midland,8.8932,76.6141,0.0,29.7,69.2,97.5,11.7
2024-07-28 06:00:00,KL-KLM-11,Kollam,Coastal/Midland,8.8932,76.6141,0.0,30.0,73.6,97.2,14.2
2024-07-28 07:00:00,KL-KLM-11,Kollam,Coastal/Midland,8.8932,76.6141,0.0,30.5,72.3,97.0,15.6
2024-07-28 08:00:00,KL-KLM-11,Kollam,Coastal/Midland,8.8932,76.6141,0.0,31.1,71.2,96.8,10.2
2024-07-28 09:00:00,KL-KLM-11,Kollam,Coastal/Midland,8.8932,76.6141,12.5,28.8,79.1,98.0,18.6
2024-07-28 10:00:00,KL-KLM-11,Kollam,Coastal/Midland,8.8932,76.6141,0.0,31.9,74.8,97.8,14.6
2024-07-28 11:00:00,KL-KLM-11,Kollam,Coastal/Midland,8.8932,76.6141,11.0,30.4,77.8,98.0,17.6
2024-07-28 12:00:00,KL-KLM-11,Kollam,Coastal/Midland,8.8932,76.6141,0.0,32.6,71.6,97.8,13.0
2024-07-28 13:00:00,KL-KLM-11,Kollam,Coastal/Midland,8.8932,76.6141,0.0,32.3,69.4,97.5,13.3
2024-07-28 14:00:00,KL-KLM-11,Kollam,Coastal/Midland,8.8932,76.6141,0.0,32.4,74.7,97.2,15.9
2024-07-28 15:00:00,KL-KLM-11,Kollam,Coastal/Midland,8.8932,76.6141,9.3,30.6,82.2,98.0,16.8
2024-07-28 16:00:00,KL-KLM-11,Kollam,Coastal/Midland,8.8932,76.6141,0.0,30.6,71.2,97.8,13.4
2024-07-28 17:00:00,KL-KLM-11,Kollam,Coastal/Midland,8.8932,76.6141,6.0,28.9,74.2,98.0,18.8
2024-07-28 18:00:00,KL-KLM-11,Kollam,Coastal/Midland,8.8932,76.6141,0.0,30.1,72.9,97.8,12.4
2024-07-28 19:00:00,KL-KLM-11,Kollam,Coastal/Midland,8.8932,76.6141,0.0,30.1,73.9,97.5,10.4
2024-07-28 20:00:00,KL-KLM-11,Kollam,Coastal/Midland,8.8932,76.6141,0.0,29.3,71.9,97.2,10.3
2024-07-28 21:00:00,KL-KLM-11,Kollam,Coastal/Midland,8.8932,76.6141,0.0,28.2,71.9,97.0,11.6
2024-07-28 22:00:00,KL-KLM-11,Kollam,Coastal/Midland,8.8932,76.6141,0.0,28.6,74.7,96.8,14.0
2024-07-28 23:00:00,KL-KLM-11,Kollam,Coastal/Midland,8.8932,76.6141,0.0,27.7,72.5,96.5,15.8
2024-07-15 00:00:00,KL-TVM-12,Thiruvananthapuram,Coastal/Urban,8.5241,76.9366,1.5,27.8,72.5,54.3,15.8
2024-07-15 01:00:00,KL-TVM-12,Thiruvananthapuram,Coastal/Urban,8.5241,76.9366,4.9,26.9,76.7,56.0,17.4
2024-07-15 02:00:00,KL-TVM-12,Thiruvananthapuram,Coastal/Urban,8.5241,76.9366,3.7,27.5,73.5,57.3,17.2
2024-07-15 03:00:00,KL-TVM-12,Thiruvananthapuram,Coastal/Urban,8.5241,76.9366,2.6,28.3,72.2,58.2,11.7
2024-07-15 04:00:00,KL-TVM-12,Thiruvananthapuram,Coastal/Urban,8.5241,76.9366,11.4,27.6,79.0,62.2,20.4
2024-07-15 05:00:00,KL-TVM-12,Thiruvananthapuram,Coastal/Urban,8.5241,76.9366,10.5,27.2,81.8,65.9,15.4
2024-07-15 06:00:00,KL-TVM-12,Thiruvananthapuram,Coastal/Urban,8.5241,76.9366,10.9,28.2,81.8,69.7,17.6
2024-07-15 07:00:00,KL-TVM-12,Thiruvananthapuram,Coastal/Urban,8.5241,76.9366,9.5,29.2,82.1,73.0,17.8
2024-07-15 08:00:00,KL-TVM-12,Thiruvananthapuram,Coastal/Urban,8.5241,76.9366,3.1,31.2,72.0,74.1,13.9
2024-07-15 09:00:00,KL-TVM-12,Thiruvananthapuram,Coastal/Urban,8.5241,76.9366,2.9,31.7,73.0,75.1,15.5
2024-07-15 10:00:00,KL-TVM-12,Thiruvananthapuram,Coastal/Urban,8.5241,76.9366,0.0,32.4,71.7,74.8,14.5
2024-07-15 11:00:00,KL-TVM-12,Thiruvananthapuram,Coastal/Urban,8.5241,76.9366,0.0,32.0,74.9,74.6,12.7
2024-07-15 12:00:00,KL-TVM-12,Thiruvananthapuram,Coastal/Urban,8.5241,76.9366,0.0,32.6,69.5,74.3,13.6
2024-07-15 13:00:00,KL-TVM-12,Thiruvananthapuram,Coastal/Urban,8.5241,76.9366,0.0,31.8,70.0,74.1,10.3
2024-07-15 14:00:00,KL-TVM-12,Thiruvananthapuram,Coastal/Urban,8.5241,76.9366,0.0,31.3,73.0,73.8,15.3
2024-07-15 15:00:00,KL-TVM-12,Thiruvananthapuram,Coastal/Urban,8.5241,76.9366,0.0,32.0,69.8,73.6,12.2
2024-07-15 16:00:00,KL-TVM-12,Thiruvananthapuram,Coastal/Urban,8.5241,76.9366,0.0,30.3,71.8,73.3,12.8
2024-07-15 17:00:00,KL-TVM-12,Thiruvananthapuram,Coastal/Urban,8.5241,76.9366,7.8,28.5,77.9,76.1,14.4
2024-07-15 18:00:00,KL-TVM-12,Thiruvananthapuram,Coastal/Urban,8.5241,76.9366,3.2,29.9,74.9,77.2,12.7
2024-07-15 19:00:00,KL-TVM-12,Thiruvananthapuram,Coastal/Urban,8.5241,76.9366,0.0,30.2,69.6,76.9,14.8
2024-07-15 20:00:00,KL-TVM-12,Thiruvananthapuram,Coastal/Urban,8.5241,76.9366,0.0,28.5,71.1,76.7,15.5
2024-07-15 21:00:00,KL-TVM-12,Thiruvananthapuram,Coastal/Urban,8.5241,76.9366,0.0,28.6,74.5,76.4,14.3
2024-07-15 22:00:00,KL-TVM-12,Thiruvananthapuram,Coastal/Urban,8.5241,76.9366,0.0,28.4,71.6,76.2,14.6
2024-07-15 23:00:00,KL-TVM-12,Thiruvananthapuram,Coastal/Urban,8.5241,76.9366,0.0,27.6,71.2,75.9,13.3
2024-07-16 00:00:00,KL-TVM-12,Thiruvananthapuram,Coastal/Urban,8.5241,76.9366,7.7,26.5,79.7,78.6,18.0
2024-07-16 01:00:00,KL-TVM-12,Thiruvananthapuram,Coastal/Urban,8.5241,76.9366,0.0,28.4,69.6,78.4,13.3
2024-07-16 02:00:00,KL-TVM-12,Thiruvananthapuram,Coastal/Urban,8.5241,76.9366,2.0,28.8,72.6,79.1,12.4
2024-07-16 03:00:00,KL-TVM-12,Thiruvananthapuram,Coastal/Urban,8.5241,76.9366,0.0,29.1,72.6,78.8,11.3
2024-07-16 04:00:00,KL-TVM-12,Thiruvananthapuram,Coastal/Urban,8.5241,76.9366,0.0,28.8,74.7,78.6,13.1
2024-07-16 05:00:00,KL-TVM-12,Thiruvananthapuram,Coastal/Urban,8.5241,76.9366,0.0,30.1,73.8,78.3,11.7
2024-07-16 06:00:00,KL-TVM-12,Thiruvananthapuram,Coastal/Urban,8.5241,76.9366,0.0,29.7,69.3,78.1,10.6
2024-07-16 07:00:00,KL-TVM-12,Thiruvananthapuram,Coastal/Urban,8.5241,76.9366,0.0,30.0,73.5,77.8,11.0
2024-07-16 08:00:00,KL-TVM-12,Thiruvananthapuram,Coastal/Urban,8.5241,76.9366,7.3,30.1,78.1,80.4,17.4
2024-07-16 09:00:00,KL-TVM-12,Thiruvananthapuram,Coastal/Urban,8.5241,76.9366,0.0,31.0,73.0,80.1,10.9
2024-07-16 10:00:00,KL-TVM-12,Thiruvananthapuram,Coastal/Urban,8.5241,76.9366,4.4,31.1,74.2,81.7,13.5
2024-07-16 11:00:00,KL-TVM-12,Thiruvananthapuram,Coastal/Urban,8.5241,76.9366,9.4,30.6,77.2,85.0,17.2
2024-07-16 12:00:00,KL-TVM-12,Thiruvananthapuram,Coastal/Urban,8.5241,76.9366,0.0,31.8,72.6,84.7,11.2
2024-07-16 13:00:00,KL-TVM-12,Thiruvananthapuram,Coastal/Urban,8.5241,76.9366,2.8,31.7,71.3,85.7,11.6
2024-07-16 14:00:00,KL-TVM-12,Thiruvananthapuram,Coastal/Urban,8.5241,76.9366,2.0,32.1,74.8,86.4,12.3
2024-07-16 15:00:00,KL-TVM-12,Thiruvananthapuram,Coastal/Urban,8.5241,76.9366,9.0,30.1,81.3,89.6,15.3
2024-07-16 16:00:00,KL-TVM-12,Thiruvananthapuram,Coastal/Urban,8.5241,76.9366,0.0,30.6,73.3,89.3,10.2
2024-07-16 17:00:00,KL-TVM-12,Thiruvananthapuram,Coastal/Urban,8.5241,76.9366,0.0,29.9,69.6,89.1,12.0
2024-07-16 18:00:00,KL-TVM-12,Thiruvananthapuram,Coastal/Urban,8.5241,76.9366,4.2,28.9,76.5,90.5,17.0
2024-07-16 19:00:00,KL-TVM-12,Thiruvananthapuram,Coastal/Urban,8.5241,76.9366,9.9,27.6,81.9,94.0,17.7
2024-07-16 20:00:00,KL-TVM-12,Thiruvananthapuram,Coastal/Urban,8.5241,76.9366,0.0,29.6,69.6,93.7,13.2
2024-07-16 21:00:00,KL-TVM-12,Thiruvananthapuram,Coastal/Urban,8.5241,76.9366,2.3,27.5,71.8,94.5,14.7
2024-07-16 22:00:00,KL-TVM-12,Thiruvananthapuram,Coastal/Urban,8.5241,76.9366,0.0,28.9,73.1,94.3,14.5
2024-07-16 23:00:00,KL-TVM-12,Thiruvananthapuram,Coastal/Urban,8.5241,76.9366,0.0,27.9,72.6,94.0,15.2
2024-07-17 00:00:00,KL-TVM-12,Thiruvananthapuram,Coastal/Urban,8.5241,76.9366,9.5,26.6,77.3,97.4,19.5
2024-07-17 01:00:00,KL-TVM-12,Thiruvananthapuram,Coastal/Urban,8.5241,76.9366,10.5,26.9,82.3,98.0,15.7
2024-07-17 02:00:00,KL-TVM-12,Thiruvananthapuram,Coastal/Urban,8.5241,76.9366,0.0,27.7,72.4,97.8,14.8
2024-07-17 03:00:00,KL-TVM-12,Thiruvananthapuram,Coastal/Urban,8.5241,76.9366,2.8,28.1,74.2,98.0,13.6
2024-07-17 04:00:00,KL-TVM-12,Thiruvananthapuram,Coastal/Urban,8.5241,76.9366,0.0,28.8,74.0,97.8,15.0
2024-07-17 05:00:00,KL-TVM-12,Thiruvananthapuram,Coastal/Urban,8.5241,76.9366,0.0,29.4,73.5,97.5,15.3
2024-07-17 06:00:00,KL-TVM-12,Thiruvananthapuram,Coastal/Urban,8.5241,76.9366,0.0,30.3,74.6,97.2,10.5
2024-07-17 07:00:00,KL-TVM-12,Thiruvananthapuram,Coastal/Urban,8.5241,76.9366,0.0,30.3,71.2,97.0,11.8
2024-07-17 08:00:00,KL-TVM-12,Thiruvananthapuram,Coastal/Urban,8.5241,76.9366,9.9,29.1,80.9,98.0,17.6
2024-07-17 09:00:00,KL-TVM-12,Thiruvananthapuram,Coastal/Urban,8.5241,76.9366,0.0,32.2,73.1,97.8,13.6
2024-07-17 10:00:00,KL-TVM-12,Thiruvananthapuram,Coastal/Urban,8.5241,76.9366,4.1,31.0,72.3,98.0,15.9
2024-07-17 11:00:00,KL-TVM-12,Thiruvananthapuram,Coastal/Urban,8.5241,76.9366,0.0,31.9,69.8,97.8,11.0
2024-07-17 12:00:00,KL-TVM-12,Thiruvananthapuram,Coastal/Urban,8.5241,76.9366,11.5,29.7,80.0,98.0,16.6
2024-07-17 13:00:00,KL-TVM-12,Thiruvananthapuram,Coastal/Urban,8.5241,76.9366,6.3,30.4,79.0,98.0,15.2
2024-07-17 14:00:00,KL-TVM-12,Thiruvananthapuram,Coastal/Urban,8.5241,76.9366,0.0,32.0,70.6,97.8,10.9
2024-07-17 15:00:00,KL-TVM-12,Thiruvananthapuram,Coastal/Urban,8.5241,76.9366,0.0,32.0,72.8,97.5,15.7
2024-07-17 16:00:00,KL-TVM-12,Thiruvananthapuram,Coastal/Urban,8.5241,76.9366,0.0,31.0,74.9,97.2,15.7
2024-07-17 17:00:00,KL-TVM-12,Thiruvananthapuram,Coastal/Urban,8.5241,76.9366,0.0,30.9,74.6,97.0,10.9
2024-07-17 18:00:00,KL-TVM-12,Thiruvananthapuram,Coastal/Urban,8.5241,76.9366,5.5,29.7,73.9,98.0,16.4
2024-07-17 19:00:00,KL-TVM-12,Thiruvananthapuram,Coastal/Urban,8.5241,76.9366,0.0,29.1,70.2,97.8,12.0
2024-07-17 20:00:00,KL-TVM-12,Thiruvananthapuram,Coastal/Urban,8.5241,76.9366,3.5,29.2,77.7,98.0,17.4
2024-07-17 21:00:00,KL-TVM-12,Thiruvananthapuram,Coastal/Urban,8.5241,76.9366,0.0,28.1,71.2,97.8,10.3
2024-07-17 22:00:00,KL-TVM-12,Thiruvananthapuram,Coastal/Urban,8.5241,76.9366,0.0,27.8,70.6,97.5,11.2
2024-07-17 23:00:00,KL-TVM-12,Thiruvananthapuram,Coastal/Urban,8.5241,76.9366,0.0,28.6,70.4,97.2,10.5
2024-07-18 00:00:00,KL-TVM-12,Thiruvananthapuram,Coastal/Urban,8.5241,76.9366,0.0,28.6,72.2,97.0,12.4
2024-07-18 01:00:00,KL-TVM-12,Thiruvananthapuram,Coastal/Urban,8.5241,76.9366,12.2,26.0,81.6,98.0,20.5
2024-07-18 02:00:00,KL-TVM-12,Thiruvananthapuram,Coastal/Urban,8.5241,76.9366,0.0,28.4,70.6,97.8,12.0
2024-07-18 03:00:00,KL-TVM-12,Thiruvananthapuram,Coastal/Urban,8.5241,76.9366,0.0,28.7,74.4,97.5,14.8
2024-07-18 04:00:00,KL-TVM-12,Thiruvananthapuram,Coastal/Urban,8.5241,76.9366,14.2,27.5,84.2,98.0,22.8
2024-07-18 05:00:00,KL-TVM-12,Thiruvananthapuram,Coastal/Urban,8.5241,76.9366,6.1,28.4,76.7,98.0,18.2
2024-07-18 06:00:00,KL-TVM-12,Thiruvananthapuram,Coastal/Urban,8.5241,76.9366,17.9,27.5,86.3,98.0,24.7
2024-07-18 07:00:00,KL-TVM-12,Thiruvananthapuram,Coastal/Urban,8.5241,76.9366,6.1,29.3,74.4,98.0,15.1
2024-07-18 08:00:00,KL-TVM-12,Thiruvananthapuram,Coastal/Urban,8.5241,76.9366,12.2,29.8,82.2,98.0,21.7
2024-07-18 09:00:00,KL-TVM-12,Thiruvananthapuram,Coastal/Urban,8.5241,76.9366,0.0,32.1,70.8,97.8,10.5
2024-07-18 10:00:00,KL-TVM-12,Thiruvananthapuram,Coastal/Urban,8.5241,76.9366,17.5,29.3,84.9,98.0,24.4
2024-07-18 11:00:00,KL-TVM-12,Thiruvananthapuram,Coastal/Urban,8.5241,76.9366,0.0,31.8,74.1,97.8,11.1
2024-07-18 12:00:00,KL-TVM-12,Thiruvananthapuram,Coastal/Urban,8.5241,76.9366,0.0,31.6,71.7,97.5,15.9
2024-07-18 13:00:00,KL-TVM-12,Thiruvananthapuram,Coastal/Urban,8.5241,76.9366,11.2,30.6,83.9,98.0,17.2
2024-07-18 14:00:00,KL-TVM-12,Thiruvananthapuram,Coastal/Urban,8.5241,76.9366,24.6,27.7,94.7,98.0,28.0
2024-07-18 15:00:00,KL-TVM-12,Thiruvananthapuram,Coastal/Urban,8.5241,76.9366,0.0,31.5,70.5,97.8,15.4
2024-07-18 16:00:00,KL-TVM-12,Thiruvananthapuram,Coastal/Urban,8.5241,76.9366,0.0,31.5,70.8,97.5,11.9
2024-07-18 17:00:00,KL-TVM-12,Thiruvananthapuram,Coastal/Urban,8.5241,76.9366,22.4,26.4,90.3,98.0,22.5
2024-07-18 18:00:00,KL-TVM-12,Thiruvananthapuram,Coastal/Urban,8.5241,76.9366,0.0,29.6,74.8,97.8,14.1
2024-07-18 19:00:00,KL-TVM-12,Thiruvananthapuram,Coastal/Urban,8.5241,76.9366,19.2,26.9,85.1,98.0,25.2
2024-07-18 20:00:00,KL-TVM-12,Thiruvananthapuram,Coastal/Urban,8.5241,76.9366,0.0,29.7,69.9,97.8,10.7
2024-07-18 21:00:00,KL-TVM-12,Thiruvananthapuram,Coastal/Urban,8.5241,76.9366,21.3,24.7,91.6,98.0,22.3
2024-07-18 22:00:00,KL-TVM-12,Thiruvananthapuram,Coastal/Urban,8.5241,76.9366,16.2,26.6,83.6,98.0,23.5
2024-07-18 23:00:00,KL-TVM-12,Thiruvananthapuram,Coastal/Urban,8.5241,76.9366,35.0,23.3,98.6,98.0,32.6
2024-07-19 00:00:00,KL-TVM-12,Thiruvananthapuram,Coastal/Urban,8.5241,76.9366,0.0,28.3,69.3,97.8,13.0
2024-07-19 01:00:00,KL-TVM-12,Thiruvananthapuram,Coastal/Urban,8.5241,76.9366,0.0,27.5,72.9,97.5,14.9
2024-07-19 02:00:00,KL-TVM-12,Thiruvananthapuram,Coastal/Urban,8.5241,76.9366,25.2,25.0,94.4,98.0,27.5
2024-07-19 03:00:00,KL-TVM-12,Thiruvananthapuram,Coastal/Urban,8.5241,76.9366,22.8,25.1,90.7,98.0,23.8
2024-07-19 04:00:00,KL-TVM-12,Thiruvananthapuram,Coastal/Urban,8.5241,76.9366,13.3,27.0,80.3,98.0,22.1
2024-07-19 05:00:00,KL-TVM-12,Thiruvananthapuram,Coastal/Urban,8.5241,76.9366,7.9,28.7,79.5,98.0,18.8
2024-07-19 06:00:00,KL-TVM-12,Thiruvananthapuram,Coastal/Urban,8.5241,76.9366,0.0,30.7,69.4,97.8,15.6
2024-07-19 07:00:00,KL-TVM-12,Thiruvananthapuram,Coastal/Urban,8.5241,76.9366,35.1,25.5,97.4,98.0,27.7
2024-07-19 08:00:00,KL-TVM-12,Thiruvananthapuram,Coastal/Urban,8.5241,76.9366,45.6,23.6,99.0,98.0,34.7
2024-07-19 09:00:00,KL-TVM-12,Thiruvananthapuram,Coastal/Urban,8.5241,76.9366,37.8,26.5,99.0,98.0,29.1
2024-07-19 10:00:00,KL-TVM-12,Thiruvananthapuram,Coastal/Urban,8.5241,76.9366,53.5,24.0,99.0,98.0,42.3
2024-07-19 11:00:00,KL-TVM-12,Thiruvananthapuram,Coastal/Urban,8.5241,76.9366,0.0,32.0,72.8,97.8,10.5
2024-07-19 12:00:00,KL-TVM-12,Thiruvananthapuram,Coastal/Urban,8.5241,76.9366,0.0,32.7,70.2,97.5,11.2
2024-07-19 13:00:00,KL-TVM-12,Thiruvananthapuram,Coastal/Urban,8.5241,76.9366,25.5,27.6,94.1,98.0,23.8
2024-07-19 14:00:00,KL-TVM-12,Thiruvananthapuram,Coastal/Urban,8.5241,76.9366,39.1,25.4,99.0,98.0,34.7
2024-07-19 15:00:00,KL-TVM-12,Thiruvananthapuram,Coastal/Urban,8.5241,76.9366,0.0,31.2,73.3,97.8,15.8
2024-07-19 16:00:00,KL-TVM-12,Thiruvananthapuram,Coastal/Urban,8.5241,76.9366,56.3,22.8,99.0,98.0,39.6
2024-07-19 17:00:00,KL-TVM-12,Thiruvananthapuram,Coastal/Urban,8.5241,76.9366,43.2,24.5,99.0,98.0,35.8
2024-07-19 18:00:00,KL-TVM-12,Thiruvananthapuram,Coastal/Urban,8.5241,76.9366,37.1,24.6,98.7,98.0,30.7
2024-07-19 19:00:00,KL-TVM-12,Thiruvananthapuram,Coastal/Urban,8.5241,76.9366,47.2,23.0,99.0,98.0,38.3
2024-07-19 20:00:00,KL-TVM-12,Thiruvananthapuram,Coastal/Urban,8.5241,76.9366,21.0,25.7,88.8,98.0,26.3
2024-07-19 21:00:00,KL-TVM-12,Thiruvananthapuram,Coastal/Urban,8.5241,76.9366,13.4,25.9,85.6,98.0,17.0
2024-07-19 22:00:00,KL-TVM-12,Thiruvananthapuram,Coastal/Urban,8.5241,76.9366,43.1,22.3,99.0,98.0,34.6
2024-07-19 23:00:00,KL-TVM-12,Thiruvananthapuram,Coastal/Urban,8.5241,76.9366,57.5,19.3,99.0,98.0,41.7
2024-07-20 00:00:00,KL-TVM-12,Thiruvananthapuram,Coastal/Urban,8.5241,76.9366,14.0,26.1,85.9,98.0,22.9
2024-07-20 01:00:00,KL-TVM-12,Thiruvananthapuram,Coastal/Urban,8.5241,76.9366,63.8,18.8,99.0,98.0,43.0
2024-07-20 02:00:00,KL-TVM-12,Thiruvananthapuram,Coastal/Urban,8.5241,76.9366,57.6,19.9,99.0,98.0,41.4
2024-07-20 03:00:00,KL-TVM-12,Thiruvananthapuram,Coastal/Urban,8.5241,76.9366,23.2,25.7,92.2,98.0,24.5
2024-07-20 04:00:00,KL-TVM-12,Thiruvananthapuram,Coastal/Urban,8.5241,76.9366,51.0,20.8,99.0,98.0,41.3
2024-07-20 05:00:00,KL-TVM-12,Thiruvananthapuram,Coastal/Urban,8.5241,76.9366,47.0,21.9,99.0,98.0,39.0
2024-07-20 06:00:00,KL-TVM-12,Thiruvananthapuram,Coastal/Urban,8.5241,76.9366,43.4,23.9,99.0,98.0,37.7
2024-07-20 07:00:00,KL-TVM-12,Thiruvananthapuram,Coastal/Urban,8.5241,76.9366,62.5,21.7,99.0,98.0,45.6
2024-07-20 08:00:00,KL-TVM-12,Thiruvananthapuram,Coastal/Urban,8.5241,76.9366,45.0,24.8,99.0,98.0,38.3
2024-07-20 09:00:00,KL-TVM-12,Thiruvananthapuram,Coastal/Urban,8.5241,76.9366,27.8,27.8,94.9,98.0,29.9
2024-07-20 10:00:00,KL-TVM-12,Thiruvananthapuram,Coastal/Urban,8.5241,76.9366,42.0,26.1,99.0,98.0,36.4
2024-07-20 11:00:00,KL-TVM-12,Thiruvananthapuram,Coastal/Urban,8.5241,76.9366,0.0,31.9,73.8,97.8,10.4
2024-07-20 12:00:00,KL-TVM-12,Thiruvananthapuram,Coastal/Urban,8.5241,76.9366,34.1,26.5,99.0,98.0,30.0
2024-07-20 13:00:00,KL-TVM-12,Thiruvananthapuram,Coastal/Urban,8.5241,76.9366,18.7,29.1,85.9,98.0,24.5
2024-07-20 14:00:00,KL-TVM-12,Thiruvananthapuram,Coastal/Urban,8.5241,76.9366,0.0,32.2,72.9,97.8,11.9
2024-07-20 15:00:00,KL-TVM-12,Thiruvananthapuram,Coastal/Urban,8.5241,76.9366,37.7,25.3,99.0,98.0,31.3
2024-07-20 16:00:00,KL-TVM-12,Thiruvananthapuram,Coastal/Urban,8.5241,76.9366,42.3,24.9,99.0,98.0,36.1
2024-07-20 17:00:00,KL-TVM-12,Thiruvananthapuram,Coastal/Urban,8.5241,76.9366,22.5,26.4,91.4,98.0,26.0
2024-07-20 18:00:00,KL-TVM-12,Thiruvananthapuram,Coastal/Urban,8.5241,76.9366,19.8,27.1,89.6,98.0,25.5
2024-07-20 19:00:00,KL-TVM-12,Thiruvananthapuram,Coastal/Urban,8.5241,76.9366,0.0,29.3,71.6,97.8,14.3
2024-07-20 20:00:00,KL-TVM-12,Thiruvananthapuram,Coastal/Urban,8.5241,76.9366,28.5,25.4,93.9,98.0,26.8
2024-07-20 21:00:00,KL-TVM-12,Thiruvananthapuram,Coastal/Urban,8.5241,76.9366,41.8,21.7,99.0,98.0,34.5
2024-07-20 22:00:00,KL-TVM-12,Thiruvananthapuram,Coastal/Urban,8.5241,76.9366,17.4,25.7,85.1,98.0,19.8
2024-07-20 23:00:00,KL-TVM-12,Thiruvananthapuram,Coastal/Urban,8.5241,76.9366,5.2,26.7,74.7,98.0,15.2
2024-07-21 00:00:00,KL-TVM-12,Thiruvananthapuram,Coastal/Urban,8.5241,76.9366,5.5,27.4,77.3,98.0,13.3
2024-07-21 01:00:00,KL-TVM-12,Thiruvananthapuram,Coastal/Urban,8.5241,76.9366,0.0,27.4,70.8,97.8,15.6
2024-07-21 02:00:00,KL-TVM-12,Thiruvananthapuram,Coastal/Urban,8.5241,76.9366,0.0,28.7,71.6,97.5,15.7
2024-07-21 03:00:00,KL-TVM-12,Thiruvananthapuram,Coastal/Urban,8.5241,76.9366,20.8,25.7,88.1,98.0,23.8
2024-07-21 04:00:00,KL-TVM-12,Thiruvananthapuram,Coastal/Urban,8.5241,76.9366,10.6,26.9,80.4,98.0,18.2
2024-07-21 05:00:00,KL-TVM-12,Thiruvananthapuram,Coastal/Urban,8.5241,76.9366,21.1,26.8,86.7,98.0,24.5
2024-07-21 06:00:00,KL-TVM-12,Thiruvananthapuram,Coastal/Urban,8.5241,76.9366,0.0,29.2,74.8,97.8,14.2
2024-07-21 07:00:00,KL-TVM-12,Thiruvananthapuram,Coastal/Urban,8.5241,76.9366,0.0,30.6,71.9,97.5,13.3
2024-07-21 08:00:00,KL-TVM-12,Thiruvananthapuram,Coastal/Urban,8.5241,76.9366,24.5,28.0,94.2,98.0,26.4
2024-07-21 09:00:00,KL-TVM-12,Thiruvananthapuram,Coastal/Urban,8.5241,76.9366,0.0,31.7,70.9,97.8,10.7
2024-07-21 10:00:00,KL-TVM-12,Thiruvananthapuram,Coastal/Urban,8.5241,76.9366,20.9,28.3,86.9,98.0,26.2
2024-07-21 11:00:00,KL-TVM-12,Thiruvananthapuram,Coastal/Urban,8.5241,76.9366,0.0,32.4,72.8,97.8,11.1
2024-07-21 12:00:00,KL-TVM-12,Thiruvananthapuram,Coastal/Urban,8.5241,76.9366,4.0,30.8,72.6,98.0,17.1
2024-07-21 13:00:00,KL-TVM-12,Thiruvananthapuram,Coastal/Urban,8.5241,76.9366,0.0,31.9,71.3,97.8,16.0
2024-07-21 14:00:00,KL-TVM-12,Thiruvananthapuram,Coastal/Urban,8.5241,76.9366,0.0,31.7,74.5,97.5,12.9
2024-07-21 15:00:00,KL-TVM-12,Thiruvananthapuram,Coastal/Urban,8.5241,76.9366,0.0,30.6,71.5,97.2,13.4
2024-07-21 16:00:00,KL-TVM-12,Thiruvananthapuram,Coastal/Urban,8.5241,76.9366,8.1,30.0,78.1,98.0,16.5
2024-07-21 17:00:00,KL-TVM-12,Thiruvananthapuram,Coastal/Urban,8.5241,76.9366,0.0,30.7,74.5,97.8,15.3
2024-07-21 18:00:00,KL-TVM-12,Thiruvananthapuram,Coastal/Urban,8.5241,76.9366,16.0,27.4,83.9,98.0,22.1
2024-07-21 19:00:00,KL-TVM-12,Thiruvananthapuram,Coastal/Urban,8.5241,76.9366,16.1,26.3,84.3,98.0,20.2
2024-07-21 20:00:00,KL-TVM-12,Thiruvananthapuram,Coastal/Urban,8.5241,76.9366,0.0,29.0,69.2,97.8,14.4
2024-07-21 21:00:00,KL-TVM-12,Thiruvananthapuram,Coastal/Urban,8.5241,76.9366,0.0,28.7,72.7,97.5,15.8
2024-07-21 22:00:00,KL-TVM-12,Thiruvananthapuram,Coastal/Urban,8.5241,76.9366,0.0,27.6,72.8,97.2,13.9
2024-07-21 23:00:00,KL-TVM-12,Thiruvananthapuram,Coastal/Urban,8.5241,76.9366,11.9,25.8,79.8,98.0,20.1
2024-07-22 00:00:00,KL-TVM-12,Thiruvananthapuram,Coastal/Urban,8.5241,76.9366,0.0,28.4,70.1,97.8,12.1
2024-07-22 01:00:00,KL-TVM-12,Thiruvananthapuram,Coastal/Urban,8.5241,76.9366,4.1,27.3,73.5,98.0,13.8
2024-07-22 02:00:00,KL-TVM-12,Thiruvananthapuram,Coastal/Urban,8.5241,76.9366,0.0,28.8,72.7,97.8,15.5
2024-07-22 03:00:00,KL-TVM-12,Thiruvananthapuram,Coastal/Urban,8.5241,76.9366,0.0,28.7,72.4,97.5,12.0
2024-07-22 04:00:00,KL-TVM-12,Thiruvananthapuram,Coastal/Urban,8.5241,76.9366,0.0,29.7,71.5,97.2,12.6
2024-07-22 05:00:00,KL-TVM-12,Thiruvananthapuram,Coastal/Urban,8.5241,76.9366,5.8,28.2,79.0,98.0,18.4
2024-07-22 06:00:00,KL-TVM-12,Thiruvananthapuram,Coastal/Urban,8.5241,76.9366,0.0,29.7,70.5,97.8,10.4
2024-07-22 07:00:00,KL-TVM-12,Thiruvananthapuram,Coastal/Urban,8.5241,76.9366,0.0,30.7,71.4,97.5,15.6
2024-07-22 08:00:00,KL-TVM-12,Thiruvananthapuram,Coastal/Urban,8.5241,76.9366,0.0,31.4,70.5,97.2,14.2
2024-07-22 09:00:00,KL-TVM-12,Thiruvananthapuram,Coastal/Urban,8.5241,76.9366,0.0,31.1,71.7,97.0,11.4
2024-07-22 10:00:00,KL-TVM-12,Thiruvananthapuram,Coastal/Urban,8.5241,76.9366,0.0,32.3,70.6,96.8,13.2
2024-07-22 11:00:00,KL-TVM-12,Thiruvananthapuram,Coastal/Urban,8.5241,76.9366,0.0,32.2,72.4,96.5,10.9
2024-07-22 12:00:00,KL-TVM-12,Thiruvananthapuram,Coastal/Urban,8.5241,76.9366,5.3,31.1,76.9,98.0,15.5
2024-07-22 13:00:00,KL-TVM-12,Thiruvananthapuram,Coastal/Urban,8.5241,76.9366,0.0,32.7,73.0,97.8,13.2
2024-07-22 14:00:00,KL-TVM-12,Thiruvananthapuram,Coastal/Urban,8.5241,76.9366,0.0,31.8,74.1,97.5,11.6
2024-07-22 15:00:00,KL-TVM-12,Thiruvananthapuram,Coastal/Urban,8.5241,76.9366,2.7,30.2,76.5,98.0,14.8
2024-07-22 16:00:00,KL-TVM-12,Thiruvananthapuram,Coastal/Urban,8.5241,76.9366,9.2,29.0,79.2,98.0,14.9
2024-07-22 17:00:00,KL-TVM-12,Thiruvananthapuram,Coastal/Urban,8.5241,76.9366,11.5,28.8,79.4,98.0,19.5
2024-07-22 18:00:00,KL-TVM-12,Thiruvananthapuram,Coastal/Urban,8.5241,76.9366,0.0,29.8,71.8,97.8,13.5
2024-07-22 19:00:00,KL-TVM-12,Thiruvananthapuram,Coastal/Urban,8.5241,76.9366,0.0,28.9,70.5,97.5,10.3
2024-07-22 20:00:00,KL-TVM-12,Thiruvananthapuram,Coastal/Urban,8.5241,76.9366,6.3,27.7,79.6,98.0,14.0
2024-07-22 21:00:00,KL-TVM-12,Thiruvananthapuram,Coastal/Urban,8.5241,76.9366,0.0,28.7,73.9,97.8,10.8
2024-07-22 22:00:00,KL-TVM-12,Thiruvananthapuram,Coastal/Urban,8.5241,76.9366,0.0,28.0,69.8,97.5,10.7
2024-07-22 23:00:00,KL-TVM-12,Thiruvananthapuram,Coastal/Urban,8.5241,76.9366,0.0,28.0,74.2,97.2,15.2
2024-07-23 00:00:00,KL-TVM-12,Thiruvananthapuram,Coastal/Urban,8.5241,76.9366,0.0,28.2,70.1,97.0,13.5
2024-07-23 01:00:00,KL-TVM-12,Thiruvananthapuram,Coastal/Urban,8.5241,76.9366,0.0,28.6,74.8,96.8,13.3
2024-07-23 02:00:00,KL-TVM-12,Thiruvananthapuram,Coastal/Urban,8.5241,76.9366,0.0,28.8,74.5,96.5,13.7
2024-07-23 03:00:00,KL-TVM-12,Thiruvananthapuram,Coastal/Urban,8.5241,76.9366,0.0,28.2,71.2,96.2,11.8
2024-07-23 04:00:00,KL-TVM-12,Thiruvananthapuram,Coastal/Urban,8.5241,76.9366,5.4,28.0,73.8,98.0,14.0
2024-07-23 05:00:00,KL-TVM-12,Thiruvananthapuram,Coastal/Urban,8.5241,76.9366,0.0,29.3,74.3,97.8,11.8
2024-07-23 06:00:00,KL-TVM-12,Thiruvananthapuram,Coastal/Urban,8.5241,76.9366,11.4,27.7,82.1,98.0,16.5
2024-07-23 07:00:00,KL-TVM-12,Thiruvananthapuram,Coastal/Urban,8.5241,76.9366,0.0,30.0,71.7,97.8,11.1
2024-07-23 08:00:00,KL-TVM-12,Thiruvananthapuram,Coastal/Urban,8.5241,76.9366,0.0,31.2,69.1,97.5,11.4
2024-07-23 09:00:00,KL-TVM-12,Thiruvananthapuram,Coastal/Urban,8.5241,76.9366,0.0,31.5,72.0,97.2,14.2
2024-07-23 10:00:00,KL-TVM-12,Thiruvananthapuram,Coastal/Urban,8.5241,76.9366,0.0,31.6,73.9,97.0,15.0
2024-07-23 11:00:00,KL-TVM-12,Thiruvananthapuram,Coastal/Urban,8.5241,76.9366,11.9,30.9,82.4,98.0,20.2
2024-07-23 12:00:00,KL-TVM-12,Thiruvananthapuram,Coastal/Urban,8.5241,76.9366,0.0,32.1,70.7,97.8,14.5
2024-07-23 13:00:00,KL-TVM-12,Thiruvananthapuram,Coastal/Urban,8.5241,76.9366,0.0,31.4,73.8,97.5,10.5
2024-07-23 14:00:00,KL-TVM-12,Thiruvananthapuram,Coastal/Urban,8.5241,76.9366,0.0,31.7,74.3,97.2,10.4
2024-07-23 15:00:00,KL-TVM-12,Thiruvananthapuram,Coastal/Urban,8.5241,76.9366,15.8,28.7,86.7,98.0,18.3
2024-07-23 16:00:00,KL-TVM-12,Thiruvananthapuram,Coastal/Urban,8.5241,76.9366,13.4,29.5,85.4,98.0,17.7
2024-07-23 17:00:00,KL-TVM-12,Thiruvananthapuram,Coastal/Urban,8.5241,76.9366,0.0,30.7,70.7,97.8,12.3
2024-07-23 18:00:00,KL-TVM-12,Thiruvananthapuram,Coastal/Urban,8.5241,76.9366,13.6,28.3,84.4,98.0,21.4
2024-07-23 19:00:00,KL-TVM-12,Thiruvananthapuram,Coastal/Urban,8.5241,76.9366,4.4,29.6,76.3,98.0,13.6
2024-07-23 20:00:00,KL-TVM-12,Thiruvananthapuram,Coastal/Urban,8.5241,76.9366,4.5,28.2,78.5,98.0,13.5
2024-07-23 21:00:00,KL-TVM-12,Thiruvananthapuram,Coastal/Urban,8.5241,76.9366,0.0,28.2,70.3,97.8,11.5
2024-07-23 22:00:00,KL-TVM-12,Thiruvananthapuram,Coastal/Urban,8.5241,76.9366,0.0,27.6,73.2,97.5,14.0
2024-07-23 23:00:00,KL-TVM-12,Thiruvananthapuram,Coastal/Urban,8.5241,76.9366,0.0,28.0,74.6,97.2,10.1
2024-07-24 00:00:00,KL-TVM-12,Thiruvananthapuram,Coastal/Urban,8.5241,76.9366,0.0,27.4,71.9,97.0,13.7
2024-07-24 01:00:00,KL-TVM-12,Thiruvananthapuram,Coastal/Urban,8.5241,76.9366,0.0,27.8,74.4,96.8,10.3
2024-07-24 02:00:00,KL-TVM-12,Thiruvananthapuram,Coastal/Urban,8.5241,76.9366,10.6,26.0,83.1,98.0,16.3
2024-07-24 03:00:00,KL-TVM-12,Thiruvananthapuram,Coastal/Urban,8.5241,76.9366,15.7,26.7,86.5,98.0,18.9
2024-07-24 04:00:00,KL-TVM-12,Thiruvananthapuram,Coastal/Urban,8.5241,76.9366,9.4,28.3,81.3,98.0,15.0
2024-07-24 05:00:00,KL-TVM-12,Thiruvananthapuram,Coastal/Urban,8.5241,76.9366,0.0,29.4,74.7,97.8,14.8
2024-07-24 06:00:00,KL-TVM-12,Thiruvananthapuram,Coastal/Urban,8.5241,76.9366,0.0,30.5,74.5,97.5,10.1
2024-07-24 07:00:00,KL-TVM-12,Thiruvananthapuram,Coastal/Urban,8.5241,76.9366,0.0,30.0,70.0,97.2,14.8
2024-07-24 08:00:00,KL-TVM-12,Thiruvananthapuram,Coastal/Urban,8.5241,76.9366,28.0,26.1,96.3,98.0,28.3
2024-07-24 09:00:00,KL-TVM-12,Thiruvananthapuram,Coastal/Urban,8.5241,76.9366,0.0,31.0,74.3,97.8,12.8
2024-07-24 10:00:00,KL-TVM-12,Thiruvananthapuram,Coastal/Urban,8.5241,76.9366,0.0,31.1,74.5,97.5,13.9
2024-07-24 11:00:00,KL-TVM-12,Thiruvananthapuram,Coastal/Urban,8.5241,76.9366,0.0,31.6,70.6,97.2,10.6
2024-07-24 12:00:00,KL-TVM-12,Thiruvananthapuram,Coastal/Urban,8.5241,76.9366,0.0,32.2,74.2,97.0,15.6
2024-07-24 13:00:00,KL-TVM-12,Thiruvananthapuram,Coastal/Urban,8.5241,76.9366,17.4,29.4,86.1,98.0,24.2
2024-07-24 14:00:00,KL-TVM-12,Thiruvananthapuram,Coastal/Urban,8.5241,76.9366,29.8,27.5,94.9,98.0,30.1
2024-07-24 15:00:00,KL-TVM-12,Thiruvananthapuram,Coastal/Urban,8.5241,76.9366,11.4,29.9,82.9,98.0,19.2
2024-07-24 16:00:00,KL-TVM-12,Thiruvananthapuram,Coastal/Urban,8.5241,76.9366,0.0,30.8,73.5,97.8,11.7
2024-07-24 17:00:00,KL-TVM-12,Thiruvananthapuram,Coastal/Urban,8.5241,76.9366,27.1,26.8,96.4,98.0,26.5
2024-07-24 18:00:00,KL-TVM-12,Thiruvananthapuram,Coastal/Urban,8.5241,76.9366,0.0,29.9,73.6,97.8,18.5
2024-07-24 19:00:00,KL-TVM-12,Thiruvananthapuram,Coastal/Urban,8.5241,76.9366,12.4,27.0,79.2,98.0,27.4
2024-07-24 20:00:00,KL-TVM-12,Thiruvananthapuram,Coastal/Urban,8.5241,76.9366,0.0,28.3,73.2,97.8,23.9
2024-07-24 21:00:00,KL-TVM-12,Thiruvananthapuram,Coastal/Urban,8.5241,76.9366,47.0,21.9,99.0,98.0,47.0
2024-07-24 22:00:00,KL-TVM-12,Thiruvananthapuram,Coastal/Urban,8.5241,76.9366,0.0,27.6,74.1,97.8,23.2
2024-07-24 23:00:00,KL-TVM-12,Thiruvananthapuram,Coastal/Urban,8.5241,76.9366,44.8,21.8,99.0,98.0,44.0
2024-07-25 00:00:00,KL-TVM-12,Thiruvananthapuram,Coastal/Urban,8.5241,76.9366,40.7,22.1,99.0,98.0,40.5
2024-07-25 01:00:00,KL-TVM-12,Thiruvananthapuram,Coastal/Urban,8.5241,76.9366,50.7,19.8,99.0,98.0,44.4
2024-07-25 02:00:00,KL-TVM-12,Thiruvananthapuram,Coastal/Urban,8.5241,76.9366,0.0,29.0,73.5,97.8,19.5
2024-07-25 03:00:00,KL-TVM-12,Thiruvananthapuram,Coastal/Urban,8.5241,76.9366,70.8,18.0,99.0,98.0,54.5
2024-07-25 04:00:00,KL-TVM-12,Thiruvananthapuram,Coastal/Urban,8.5241,76.9366,0.0,29.3,70.6,97.8,23.3
2024-07-25 05:00:00,KL-TVM-12,Thiruvananthapuram,Coastal/Urban,8.5241,76.9366,72.8,18.9,99.0,98.0,57.6
2024-07-25 06:00:00,KL-TVM-12,Thiruvananthapuram,Coastal/Urban,8.5241,76.9366,76.2,18.5,99.0,98.0,56.2
2024-07-25 07:00:00,KL-TVM-12,Thiruvananthapuram,Coastal/Urban,8.5241,76.9366,46.4,23.7,99.0,98.0,42.8
2024-07-25 08:00:00,KL-TVM-12,Thiruvananthapuram,Coastal/Urban,8.5241,76.9366,22.3,27.8,89.1,98.0,32.2
2024-07-25 09:00:00,KL-TVM-12,Thiruvananthapuram,Coastal/Urban,8.5241,76.9366,55.8,22.5,99.0,98.0,48.9
2024-07-25 10:00:00,KL-TVM-12,Thiruvananthapuram,Coastal/Urban,8.5241,76.9366,79.2,20.1,99.0,98.0,63.3
2024-07-25 11:00:00,KL-TVM-12,Thiruvananthapuram,Coastal/Urban,8.5241,76.9366,35.6,26.1,99.0,98.0,38.6
2024-07-25 12:00:00,KL-TVM-12,Thiruvananthapuram,Coastal/Urban,8.5241,76.9366,0.0,31.5,71.2,97.8,18.9
2024-07-25 13:00:00,KL-TVM-12,Thiruvananthapuram,Coastal/Urban,8.5241,76.9366,82.9,18.8,99.0,98.0,60.3
2024-07-25 14:00:00,KL-TVM-12,Thiruvananthapuram,Coastal/Urban,8.5241,76.9366,58.7,22.4,99.0,98.0,47.8
2024-07-25 15:00:00,KL-TVM-12,Thiruvananthapuram,Coastal/Urban,8.5241,76.9366,0.0,32.1,73.6,97.8,19.3
2024-07-25 16:00:00,KL-TVM-12,Thiruvananthapuram,Coastal/Urban,8.5241,76.9366,38.9,25.5,99.0,98.0,40.1
2024-07-25 17:00:00,KL-TVM-12,Thiruvananthapuram,Coastal/Urban,8.5241,76.9366,73.9,19.3,99.0,98.0,59.3
2024-07-25 18:00:00,KL-TVM-12,Thiruvananthapuram,Coastal/Urban,8.5241,76.9366,131.2,18.0,99.0,98.0,86.7
2024-07-25 19:00:00,KL-TVM-12,Thiruvananthapuram,Coastal/Urban,8.5241,76.9366,91.7,18.0,99.0,98.0,68.4
2024-07-25 20:00:00,KL-TVM-12,Thiruvananthapuram,Coastal/Urban,8.5241,76.9366,36.6,24.1,99.0,98.0,37.2
2024-07-25 21:00:00,KL-TVM-12,Thiruvananthapuram,Coastal/Urban,8.5241,76.9366,0.0,27.9,74.1,97.8,18.6
2024-07-25 22:00:00,KL-TVM-12,Thiruvananthapuram,Coastal/Urban,8.5241,76.9366,0.0,28.7,71.2,97.5,19.8
2024-07-25 23:00:00,KL-TVM-12,Thiruvananthapuram,Coastal/Urban,8.5241,76.9366,91.5,18.0,99.0,98.0,67.0
2024-07-26 00:00:00,KL-TVM-12,Thiruvananthapuram,Coastal/Urban,8.5241,76.9366,101.2,18.0,99.0,98.0,69.3
2024-07-26 01:00:00,KL-TVM-12,Thiruvananthapuram,Coastal/Urban,8.5241,76.9366,96.6,18.0,99.0,98.0,71.3
2024-07-26 02:00:00,KL-TVM-12,Thiruvananthapuram,Coastal/Urban,8.5241,76.9366,83.4,18.0,99.0,98.0,62.7
2024-07-26 03:00:00,KL-TVM-12,Thiruvananthapuram,Coastal/Urban,8.5241,76.9366,55.2,20.3,99.0,98.0,51.4
2024-07-26 04:00:00,KL-TVM-12,Thiruvananthapuram,Coastal/Urban,8.5241,76.9366,37.4,23.8,99.0,98.0,37.4
2024-07-26 05:00:00,KL-TVM-12,Thiruvananthapuram,Coastal/Urban,8.5241,76.9366,23.8,25.4,91.7,98.0,34.2
2024-07-26 06:00:00,KL-TVM-12,Thiruvananthapuram,Coastal/Urban,8.5241,76.9366,55.4,21.4,99.0,98.0,47.4
2024-07-26 07:00:00,KL-TVM-12,Thiruvananthapuram,Coastal/Urban,8.5241,76.9366,57.8,21.2,99.0,98.0,52.5
2024-07-26 08:00:00,KL-TVM-12,Thiruvananthapuram,Coastal/Urban,8.5241,76.9366,0.0,31.1,74.2,97.8,23.2
2024-07-26 09:00:00,KL-TVM-12,Thiruvananthapuram,Coastal/Urban,8.5241,76.9366,83.8,19.4,99.0,98.0,63.6
2024-07-26 10:00:00,KL-TVM-12,Thiruvananthapuram,Coastal/Urban,8.5241,76.9366,0.0,31.4,73.1,97.8,18.6
2024-07-26 11:00:00,KL-TVM-12,Thiruvananthapuram,Coastal/Urban,8.5241,76.9366,109.3,18.0,99.0,98.0,75.2
2024-07-26 12:00:00,KL-TVM-12,Thiruvananthapuram,Coastal/Urban,8.5241,76.9366,65.7,21.3,99.0,98.0,56.5
2024-07-26 13:00:00,KL-TVM-12,Thiruvananthapuram,Coastal/Urban,8.5241,76.9366,0.0,32.0,70.2,97.8,20.4
2024-07-26 14:00:00,KL-TVM-12,Thiruvananthapuram,Coastal/Urban,8.5241,76.9366,0.0,30.9,72.8,97.5,20.0
2024-07-26 15:00:00,KL-TVM-12,Thiruvananthapuram,Coastal/Urban,8.5241,76.9366,28.6,26.7,96.1,98.0,37.9
2024-07-26 16:00:00,KL-TVM-12,Thiruvananthapuram,Coastal/Urban,8.5241,76.9366,21.9,28.2,87.5,98.0,33.6
2024-07-26 17:00:00,KL-TVM-12,Thiruvananthapuram,Coastal/Urban,8.5241,76.9366,0.0,29.8,71.7,97.8,21.2
2024-07-26 18:00:00,KL-TVM-12,Thiruvananthapuram,Coastal/Urban,8.5241,76.9366,65.8,20.8,99.0,98.0,52.0
2024-07-26 19:00:00,KL-TVM-12,Thiruvananthapuram,Coastal/Urban,8.5241,76.9366,68.2,19.3,99.0,98.0,56.1
2024-07-26 20:00:00,KL-TVM-12,Thiruvananthapuram,Coastal/Urban,8.5241,76.9366,0.0,28.5,73.9,97.8,20.4
2024-07-26 21:00:00,KL-TVM-12,Thiruvananthapuram,Coastal/Urban,8.5241,76.9366,0.0,28.6,72.8,97.5,23.3
2024-07-26 22:00:00,KL-TVM-12,Thiruvananthapuram,Coastal/Urban,8.5241,76.9366,0.0,28.9,73.5,97.2,22.6
2024-07-26 23:00:00,KL-TVM-12,Thiruvananthapuram,Coastal/Urban,8.5241,76.9366,34.5,23.0,99.0,98.0,35.9
2024-07-27 00:00:00,KL-TVM-12,Thiruvananthapuram,Coastal/Urban,8.5241,76.9366,0.0,27.5,73.0,97.8,22.7
2024-07-27 01:00:00,KL-TVM-12,Thiruvananthapuram,Coastal/Urban,8.5241,76.9366,19.7,25.3,85.4,98.0,31.1
2024-07-27 02:00:00,KL-TVM-12,Thiruvananthapuram,Coastal/Urban,8.5241,76.9366,57.4,19.4,99.0,98.0,51.1
2024-07-27 03:00:00,KL-TVM-12,Thiruvananthapuram,Coastal/Urban,8.5241,76.9366,0.0,27.9,71.9,97.8,22.2
2024-07-27 04:00:00,KL-TVM-12,Thiruvananthapuram,Coastal/Urban,8.5241,76.9366,0.0,29.7,69.1,97.5,23.7
2024-07-27 05:00:00,KL-TVM-12,Thiruvananthapuram,Coastal/Urban,8.5241,76.9366,24.0,26.1,90.7,98.0,33.8
2024-07-27 06:00:00,KL-TVM-12,Thiruvananthapuram,Coastal/Urban,8.5241,76.9366,31.6,24.5,99.0,98.0,37.0
2024-07-27 07:00:00,KL-TVM-12,Thiruvananthapuram,Coastal/Urban,8.5241,76.9366,33.2,25.2,99.0,98.0,30.3
2024-07-27 08:00:00,KL-TVM-12,Thiruvananthapuram,Coastal/Urban,8.5241,76.9366,23.4,27.3,90.5,98.0,24.7
2024-07-27 09:00:00,KL-TVM-12,Thiruvananthapuram,Coastal/Urban,8.5241,76.9366,42.3,24.9,99.0,98.0,35.0
2024-07-27 10:00:00,KL-TVM-12,Thiruvananthapuram,Coastal/Urban,8.5241,76.9366,0.0,31.4,73.0,97.8,11.1
2024-07-27 11:00:00,KL-TVM-12,Thiruvananthapuram,Coastal/Urban,8.5241,76.9366,0.0,32.7,73.9,97.5,10.9
2024-07-27 12:00:00,KL-TVM-12,Thiruvananthapuram,Coastal/Urban,8.5241,76.9366,16.9,30.2,84.9,98.0,20.8
2024-07-27 13:00:00,KL-TVM-12,Thiruvananthapuram,Coastal/Urban,8.5241,76.9366,31.9,27.3,95.1,98.0,27.9
2024-07-27 14:00:00,KL-TVM-12,Thiruvananthapuram,Coastal/Urban,8.5241,76.9366,22.8,28.5,92.6,98.0,22.4
2024-07-27 15:00:00,KL-TVM-12,Thiruvananthapuram,Coastal/Urban,8.5241,76.9366,21.4,28.5,89.9,98.0,20.8
2024-07-27 16:00:00,KL-TVM-12,Thiruvananthapuram,Coastal/Urban,8.5241,76.9366,12.0,28.6,83.8,98.0,16.1
2024-07-27 17:00:00,KL-TVM-12,Thiruvananthapuram,Coastal/Urban,8.5241,76.9366,16.1,28.5,84.4,98.0,21.6
2024-07-27 18:00:00,KL-TVM-12,Thiruvananthapuram,Coastal/Urban,8.5241,76.9366,0.0,29.3,71.6,97.8,13.7
2024-07-27 19:00:00,KL-TVM-12,Thiruvananthapuram,Coastal/Urban,8.5241,76.9366,0.0,29.6,72.3,97.5,13.6
2024-07-27 20:00:00,KL-TVM-12,Thiruvananthapuram,Coastal/Urban,8.5241,76.9366,18.6,25.8,86.0,98.0,23.0
2024-07-27 21:00:00,KL-TVM-12,Thiruvananthapuram,Coastal/Urban,8.5241,76.9366,0.0,28.4,69.5,97.8,13.1
2024-07-27 22:00:00,KL-TVM-12,Thiruvananthapuram,Coastal/Urban,8.5241,76.9366,0.0,28.8,74.1,97.5,10.7
2024-07-27 23:00:00,KL-TVM-12,Thiruvananthapuram,Coastal/Urban,8.5241,76.9366,0.0,27.7,71.8,97.2,15.7
2024-07-28 00:00:00,KL-TVM-12,Thiruvananthapuram,Coastal/Urban,8.5241,76.9366,10.3,26.6,82.1,98.0,15.8
2024-07-28 01:00:00,KL-TVM-12,Thiruvananthapuram,Coastal/Urban,8.5241,76.9366,16.8,25.6,84.0,98.0,20.3
2024-07-28 02:00:00,KL-TVM-12,Thiruvananthapuram,Coastal/Urban,8.5241,76.9366,0.0,27.7,72.8,97.8,14.8
2024-07-28 03:00:00,KL-TVM-12,Thiruvananthapuram,Coastal/Urban,8.5241,76.9366,0.0,28.3,70.0,97.5,15.0
2024-07-28 04:00:00,KL-TVM-12,Thiruvananthapuram,Coastal/Urban,8.5241,76.9366,0.0,28.5,69.8,97.2,12.8
2024-07-28 05:00:00,KL-TVM-12,Thiruvananthapuram,Coastal/Urban,8.5241,76.9366,0.0,29.1,72.6,97.0,10.4
2024-07-28 06:00:00,KL-TVM-12,Thiruvananthapuram,Coastal/Urban,8.5241,76.9366,0.0,29.5,72.2,96.8,11.5
2024-07-28 07:00:00,KL-TVM-12,Thiruvananthapuram,Coastal/Urban,8.5241,76.9366,0.0,30.9,69.0,96.5,15.3
2024-07-28 08:00:00,KL-TVM-12,Thiruvananthapuram,Coastal/Urban,8.5241,76.9366,0.0,30.5,73.0,96.2,10.2
2024-07-28 09:00:00,KL-TVM-12,Thiruvananthapuram,Coastal/Urban,8.5241,76.9366,0.0,31.7,72.2,96.0,11.4
2024-07-28 10:00:00,KL-TVM-12,Thiruvananthapuram,Coastal/Urban,8.5241,76.9366,0.0,31.7,74.0,95.8,14.5
2024-07-28 11:00:00,KL-TVM-12,Thiruvananthapuram,Coastal/Urban,8.5241,76.9366,6.5,31.7,75.6,98.0,14.1
2024-07-28 12:00:00,KL-TVM-12,Thiruvananthapuram,Coastal/Urban,8.5241,76.9366,0.0,32.5,74.5,97.8,10.3
2024-07-28 13:00:00,KL-TVM-12,Thiruvananthapuram,Coastal/Urban,8.5241,76.9366,10.4,30.7,81.9,98.0,17.6
2024-07-28 14:00:00,KL-TVM-12,Thiruvananthapuram,Coastal/Urban,8.5241,76.9366,0.0,32.3,72.6,97.8,13.9
2024-07-28 15:00:00,KL-TVM-12,Thiruvananthapuram,Coastal/Urban,8.5241,76.9366,13.6,29.1,81.6,98.0,20.1
2024-07-28 16:00:00,KL-TVM-12,Thiruvananthapuram,Coastal/Urban,8.5241,76.9366,0.0,30.5,71.6,97.8,13.2
2024-07-28 17:00:00,KL-TVM-12,Thiruvananthapuram,Coastal/Urban,8.5241,76.9366,0.0,31.3,71.6,97.5,13.4
2024-07-28 18:00:00,KL-TVM-12,Thiruvananthapuram,Coastal/Urban,8.5241,76.9366,0.0,30.0,73.3,97.2,10.1
2024-07-28 19:00:00,KL-TVM-12,Thiruvananthapuram,Coastal/Urban,8.5241,76.9366,7.1,28.3,78.5,98.0,13.8
2024-07-28 20:00:00,KL-TVM-12,Thiruvananthapuram,Coastal/Urban,8.5241,76.9366,10.2,27.4,82.5,98.0,15.8
2024-07-28 21:00:00,KL-TVM-12,Thiruvananthapuram,Coastal/Urban,8.5241,76.9366,12.0,26.5,84.4,98.0,16.8
2024-07-28 22:00:00,KL-TVM-12,Thiruvananthapuram,Coastal/Urban,8.5241,76.9366,0.0,27.5,71.9,97.8,14.0
2024-07-28 23:00:00,KL-TVM-12,Thiruvananthapuram,Coastal/Urban,8.5241,76.9366,0.0,28.2,74.6,97.5,14.9
2024-07-15 00:00:00,KL-KNR-13,Kannur,Coastal/Midland,11.8745,75.3704,1.9,27.1,75.2,54.4,11.7
2024-07-15 01:00:00,KL-KNR-13,Kannur,Coastal/Midland,11.8745,75.3704,0.0,28.2,71.6,54.2,12.9
2024-07-15 02:00:00,KL-KNR-13,Kannur,Coastal/Midland,11.8745,75.3704,6.0,26.9,79.4,56.3,14.1
2024-07-15 03:00:00,KL-KNR-13,Kannur,Coastal/Midland,11.8745,75.3704,0.0,28.3,70.3,56.0,13.8
2024-07-15 04:00:00,KL-KNR-13,Kannur,Coastal/Midland,11.8745,75.3704,0.0,28.9,69.2,55.8,13.0
2024-07-15 05:00:00,KL-KNR-13,Kannur,Coastal/Midland,11.8745,75.3704,0.0,29.3,72.2,55.5,14.1
2024-07-15 06:00:00,KL-KNR-13,Kannur,Coastal/Midland,11.8745,75.3704,7.8,29.0,77.2,58.2,14.5
2024-07-15 07:00:00,KL-KNR-13,Kannur,Coastal/Midland,11.8745,75.3704,0.0,30.1,70.4,58.0,10.0
2024-07-15 08:00:00,KL-KNR-13,Kannur,Coastal/Midland,11.8745,75.3704,0.0,31.8,70.7,57.7,14.4
2024-07-15 09:00:00,KL-KNR-13,Kannur,Coastal/Midland,11.8745,75.3704,3.2,31.5,77.0,58.9,11.9
2024-07-15 10:00:00,KL-KNR-13,Kannur,Coastal/Midland,11.8745,75.3704,0.0,31.6,73.0,58.6,15.7
2024-07-15 11:00:00,KL-KNR-13,Kannur,Coastal/Midland,11.8745,75.3704,0.0,31.2,73.3,58.4,12.8
2024-07-15 12:00:00,KL-KNR-13,Kannur,Coastal/Midland,11.8745,75.3704,0.0,32.2,72.8,58.1,12.8
2024-07-15 13:00:00,KL-KNR-13,Kannur,Coastal/Midland,11.8745,75.3704,9.6,30.5,80.0,61.5,16.3
2024-07-15 14:00:00,KL-KNR-13,Kannur,Coastal/Midland,11.8745,75.3704,4.9,31.3,76.2,63.2,13.5
2024-07-15 15:00:00,KL-KNR-13,Kannur,Coastal/Midland,11.8745,75.3704,0.0,31.1,73.1,62.9,12.1
2024-07-15 16:00:00,KL-KNR-13,Kannur,Coastal/Midland,11.8745,75.3704,0.0,30.7,71.4,62.7,15.9
2024-07-15 17:00:00,KL-KNR-13,Kannur,Coastal/Midland,11.8745,75.3704,5.4,29.0,73.7,64.6,14.7
2024-07-15 18:00:00,KL-KNR-13,Kannur,Coastal/Midland,11.8745,75.3704,10.4,27.7,79.2,68.2,15.8
2024-07-15 19:00:00,KL-KNR-13,Kannur,Coastal/Midland,11.8745,75.3704,0.0,29.2,71.8,68.0,14.6
2024-07-15 20:00:00,KL-KNR-13,Kannur,Coastal/Midland,11.8745,75.3704,0.0,28.8,69.8,67.7,12.6
2024-07-15 21:00:00,KL-KNR-13,Kannur,Coastal/Midland,11.8745,75.3704,0.0,29.0,73.4,67.5,10.7
2024-07-15 22:00:00,KL-KNR-13,Kannur,Coastal/Midland,11.8745,75.3704,0.0,28.2,71.1,67.2,11.8
2024-07-15 23:00:00,KL-KNR-13,Kannur,Coastal/Midland,11.8745,75.3704,0.0,28.2,70.2,67.0,11.7
2024-07-16 00:00:00,KL-KNR-13,Kannur,Coastal/Midland,11.8745,75.3704,0.0,27.5,71.0,66.7,12.9
2024-07-16 01:00:00,KL-KNR-13,Kannur,Coastal/Midland,11.8745,75.3704,0.0,27.6,69.7,66.5,11.3
2024-07-16 02:00:00,KL-KNR-13,Kannur,Coastal/Midland,11.8745,75.3704,9.8,27.1,78.3,69.9,18.8
2024-07-16 03:00:00,KL-KNR-13,Kannur,Coastal/Midland,11.8745,75.3704,0.0,29.4,71.6,69.6,10.2
2024-07-16 04:00:00,KL-KNR-13,Kannur,Coastal/Midland,11.8745,75.3704,0.0,29.1,70.1,69.4,15.5
2024-07-16 05:00:00,KL-KNR-13,Kannur,Coastal/Midland,11.8745,75.3704,9.8,28.0,79.7,72.8,15.0
2024-07-16 06:00:00,KL-KNR-13,Kannur,Coastal/Midland,11.8745,75.3704,0.0,29.9,70.9,72.6,10.4
2024-07-16 07:00:00,KL-KNR-13,Kannur,Coastal/Midland,11.8745,75.3704,6.2,29.3,75.9,74.7,17.1
2024-07-16 08:00:00,KL-KNR-13,Kannur,Coastal/Midland,11.8745,75.3704,0.0,31.4,71.9,74.5,14.8
2024-07-16 09:00:00,KL-KNR-13,Kannur,Coastal/Midland,11.8745,75.3704,0.0,30.8,72.4,74.2,10.6
2024-07-16 10:00:00,KL-KNR-13,Kannur,Coastal/Midland,11.8745,75.3704,0.0,31.7,70.8,74.0,15.2
2024-07-16 11:00:00,KL-KNR-13,Kannur,Coastal/Midland,11.8745,75.3704,0.0,32.3,71.7,73.7,12.3
2024-07-16 12:00:00,KL-KNR-13,Kannur,Coastal/Midland,11.8745,75.3704,10.0,30.6,77.4,77.2,16.9
2024-07-16 13:00:00,KL-KNR-13,Kannur,Coastal/Midland,11.8745,75.3704,5.7,31.2,77.0,79.2,18.2
2024-07-16 14:00:00,KL-KNR-13,Kannur,Coastal/Midland,11.8745,75.3704,0.0,31.6,74.8,79.0,12.0
2024-07-16 15:00:00,KL-KNR-13,Kannur,Coastal/Midland,11.8745,75.3704,0.0,31.5,73.7,78.7,14.1
2024-07-16 16:00:00,KL-KNR-13,Kannur,Coastal/Midland,11.8745,75.3704,7.1,30.0,77.6,81.2,17.0
2024-07-16 17:00:00,KL-KNR-13,Kannur,Coastal/Midland,11.8745,75.3704,0.0,30.1,74.6,81.0,14.3
2024-07-16 18:00:00,KL-KNR-13,Kannur,Coastal/Midland,11.8745,75.3704,8.9,28.7,78.6,84.1,17.6
2024-07-16 19:00:00,KL-KNR-13,Kannur,Coastal/Midland,11.8745,75.3704,0.0,29.0,70.8,83.8,11.7
2024-07-16 20:00:00,KL-KNR-13,Kannur,Coastal/Midland,11.8745,75.3704,0.0,29.4,70.8,83.6,14.5
2024-07-16 21:00:00,KL-KNR-13,Kannur,Coastal/Midland,11.8745,75.3704,0.0,28.9,73.3,83.3,13.5
2024-07-16 22:00:00,KL-KNR-13,Kannur,Coastal/Midland,11.8745,75.3704,0.0,28.4,74.3,83.1,14.9
2024-07-16 23:00:00,KL-KNR-13,Kannur,Coastal/Midland,11.8745,75.3704,0.0,27.8,73.3,82.8,12.1
2024-07-17 00:00:00,KL-KNR-13,Kannur,Coastal/Midland,11.8745,75.3704,0.0,28.7,73.5,82.6,15.1
2024-07-17 01:00:00,KL-KNR-13,Kannur,Coastal/Midland,11.8745,75.3704,3.0,27.5,74.9,83.6,15.9
2024-07-17 02:00:00,KL-KNR-13,Kannur,Coastal/Midland,11.8745,75.3704,0.0,28.9,74.1,83.4,15.0
2024-07-17 03:00:00,KL-KNR-13,Kannur,Coastal/Midland,11.8745,75.3704,0.0,28.3,72.2,83.1,13.8
2024-07-17 04:00:00,KL-KNR-13,Kannur,Coastal/Midland,11.8745,75.3704,0.0,28.9,69.5,82.9,10.1
2024-07-17 05:00:00,KL-KNR-13,Kannur,Coastal/Midland,11.8745,75.3704,7.8,28.0,81.0,85.6,19.5
2024-07-17 06:00:00,KL-KNR-13,Kannur,Coastal/Midland,11.8745,75.3704,0.0,30.5,73.8,85.4,11.2
2024-07-17 07:00:00,KL-KNR-13,Kannur,Coastal/Midland,11.8745,75.3704,0.0,31.1,72.1,85.1,12.3
2024-07-17 08:00:00,KL-KNR-13,Kannur,Coastal/Midland,11.8745,75.3704,0.0,30.3,73.4,84.9,13.8
2024-07-17 09:00:00,KL-KNR-13,Kannur,Coastal/Midland,11.8745,75.3704,7.1,30.8,79.8,87.4,14.2
2024-07-17 10:00:00,KL-KNR-13,Kannur,Coastal/Midland,11.8745,75.3704,4.3,31.9,75.4,88.9,15.4
2024-07-17 11:00:00,KL-KNR-13,Kannur,Coastal/Midland,11.8745,75.3704,11.8,30.3,83.8,93.0,16.0
2024-07-17 12:00:00,KL-KNR-13,Kannur,Coastal/Midland,11.8745,75.3704,0.0,32.3,74.2,92.7,15.1
2024-07-17 13:00:00,KL-KNR-13,Kannur,Coastal/Midland,11.8745,75.3704,0.0,32.5,74.0,92.5,12.7
2024-07-17 14:00:00,KL-KNR-13,Kannur,Coastal/Midland,11.8745,75.3704,0.0,31.5,69.9,92.2,15.2
2024-07-17 15:00:00,KL-KNR-13,Kannur,Coastal/Midland,11.8745,75.3704,0.0,31.6,70.3,92.0,14.7
2024-07-17 16:00:00,KL-KNR-13,Kannur,Coastal/Midland,11.8745,75.3704,11.4,29.0,81.1,96.0,20.2
2024-07-17 17:00:00,KL-KNR-13,Kannur,Coastal/Midland,11.8745,75.3704,0.0,30.5,73.5,95.7,14.6
2024-07-17 18:00:00,KL-KNR-13,Kannur,Coastal/Midland,11.8745,75.3704,0.0,29.5,73.0,95.5,10.1
2024-07-17 19:00:00,KL-KNR-13,Kannur,Coastal/Midland,11.8745,75.3704,0.0,28.9,70.4,95.2,13.5
2024-07-17 20:00:00,KL-KNR-13,Kannur,Coastal/Midland,11.8745,75.3704,13.8,27.0,85.2,98.0,22.8
2024-07-17 21:00:00,KL-KNR-13,Kannur,Coastal/Midland,11.8745,75.3704,10.1,26.8,77.8,98.0,19.4
2024-07-17 22:00:00,KL-KNR-13,Kannur,Coastal/Midland,11.8745,75.3704,2.6,27.9,76.0,98.0,16.1
2024-07-17 23:00:00,KL-KNR-13,Kannur,Coastal/Midland,11.8745,75.3704,0.0,28.4,69.3,97.8,12.0
2024-07-18 00:00:00,KL-KNR-13,Kannur,Coastal/Midland,11.8745,75.3704,0.0,27.7,73.3,97.5,11.2
2024-07-18 01:00:00,KL-KNR-13,Kannur,Coastal/Midland,11.8745,75.3704,6.9,27.3,79.2,98.0,16.4
2024-07-18 02:00:00,KL-KNR-13,Kannur,Coastal/Midland,11.8745,75.3704,7.9,27.7,75.8,98.0,18.1
2024-07-18 03:00:00,KL-KNR-13,Kannur,Coastal/Midland,11.8745,75.3704,0.0,28.7,72.4,97.8,11.3
2024-07-18 04:00:00,KL-KNR-13,Kannur,Coastal/Midland,11.8745,75.3704,11.8,27.6,82.2,98.0,19.2
2024-07-18 05:00:00,KL-KNR-13,Kannur,Coastal/Midland,11.8745,75.3704,0.0,30.2,74.0,97.8,12.6
2024-07-18 06:00:00,KL-KNR-13,Kannur,Coastal/Midland,11.8745,75.3704,18.3,27.2,85.1,98.0,23.1
2024-07-18 07:00:00,KL-KNR-13,Kannur,Coastal/Midland,11.8745,75.3704,0.0,31.0,70.4,97.8,12.9
2024-07-18 08:00:00,KL-KNR-13,Kannur,Coastal/Midland,11.8745,75.3704,8.8,30.3,76.6,98.0,16.1
2024-07-18 09:00:00,KL-KNR-13,Kannur,Coastal/Midland,11.8745,75.3704,15.3,28.4,82.0,98.0,20.7
2024-07-18 10:00:00,KL-KNR-13,Kannur,Coastal/Midland,11.8745,75.3704,12.2,29.8,83.9,98.0,19.4
2024-07-18 11:00:00,KL-KNR-13,Kannur,Coastal/Midland,11.8745,75.3704,18.3,29.0,83.7,98.0,24.6
2024-07-18 12:00:00,KL-KNR-13,Kannur,Coastal/Midland,11.8745,75.3704,14.0,29.7,81.7,98.0,17.4
2024-07-18 13:00:00,KL-KNR-13,Kannur,Coastal/Midland,11.8745,75.3704,0.0,31.8,69.2,97.8,10.6
2024-07-18 14:00:00,KL-KNR-13,Kannur,Coastal/Midland,11.8745,75.3704,0.0,31.7,74.7,97.5,13.8
2024-07-18 15:00:00,KL-KNR-13,Kannur,Coastal/Midland,11.8745,75.3704,16.2,29.5,87.5,98.0,20.6
2024-07-18 16:00:00,KL-KNR-13,Kannur,Coastal/Midland,11.8745,75.3704,27.9,27.6,91.5,98.0,28.0
2024-07-18 17:00:00,KL-KNR-13,Kannur,Coastal/Midland,11.8745,75.3704,0.0,29.9,74.9,97.8,10.0
2024-07-18 18:00:00,KL-KNR-13,Kannur,Coastal/Midland,11.8745,75.3704,15.3,27.6,86.8,98.0,20.7
2024-07-18 19:00:00,KL-KNR-13,Kannur,Coastal/Midland,11.8745,75.3704,22.0,26.5,89.3,98.0,24.2
2024-07-18 20:00:00,KL-KNR-13,Kannur,Coastal/Midland,11.8745,75.3704,0.0,29.1,73.8,97.8,15.6
2024-07-18 21:00:00,KL-KNR-13,Kannur,Coastal/Midland,11.8745,75.3704,0.0,28.7,69.3,97.5,13.0
2024-07-18 22:00:00,KL-KNR-13,Kannur,Coastal/Midland,11.8745,75.3704,28.9,24.6,97.3,98.0,28.2
2024-07-18 23:00:00,KL-KNR-13,Kannur,Coastal/Midland,11.8745,75.3704,0.0,27.3,70.0,97.8,13.0
2024-07-19 00:00:00,KL-KNR-13,Kannur,Coastal/Midland,11.8745,75.3704,0.0,27.6,72.7,97.5,12.7
2024-07-19 01:00:00,KL-KNR-13,Kannur,Coastal/Midland,11.8745,75.3704,16.7,26.3,83.0,98.0,22.6
2024-07-19 02:00:00,KL-KNR-13,Kannur,Coastal/Midland,11.8745,75.3704,0.0,28.7,72.2,97.8,15.4
2024-07-19 03:00:00,KL-KNR-13,Kannur,Coastal/Midland,11.8745,75.3704,24.6,24.8,94.0,98.0,22.4
2024-07-19 04:00:00,KL-KNR-13,Kannur,Coastal/Midland,11.8745,75.3704,0.0,29.5,74.8,97.8,15.9
2024-07-19 05:00:00,KL-KNR-13,Kannur,Coastal/Midland,11.8745,75.3704,0.0,29.9,74.0,97.5,14.9
2024-07-19 06:00:00,KL-KNR-13,Kannur,Coastal/Midland,11.8745,75.3704,0.0,30.4,69.2,97.2,11.8
2024-07-19 07:00:00,KL-KNR-13,Kannur,Coastal/Midland,11.8745,75.3704,28.7,26.2,92.4,98.0,27.3
2024-07-19 08:00:00,KL-KNR-13,Kannur,Coastal/Midland,11.8745,75.3704,26.7,27.4,96.1,98.0,24.7
2024-07-19 09:00:00,KL-KNR-13,Kannur,Coastal/Midland,11.8745,75.3704,25.7,28.0,92.3,98.0,27.8
2024-07-19 10:00:00,KL-KNR-13,Kannur,Coastal/Midland,11.8745,75.3704,41.4,25.7,99.0,98.0,31.4
2024-07-19 11:00:00,KL-KNR-13,Kannur,Coastal/Midland,11.8745,75.3704,0.0,31.4,74.0,97.8,15.2
2024-07-19 12:00:00,KL-KNR-13,Kannur,Coastal/Midland,11.8745,75.3704,0.0,31.5,69.8,97.5,10.8
2024-07-19 13:00:00,KL-KNR-13,Kannur,Coastal/Midland,11.8745,75.3704,16.0,28.8,83.4,98.0,21.9
2024-07-19 14:00:00,KL-KNR-13,Kannur,Coastal/Midland,11.8745,75.3704,53.3,24.4,99.0,98.0,41.0
2024-07-19 15:00:00,KL-KNR-13,Kannur,Coastal/Midland,11.8745,75.3704,32.4,25.8,99.0,98.0,26.6
2024-07-19 16:00:00,KL-KNR-13,Kannur,Coastal/Midland,11.8745,75.3704,45.3,24.5,99.0,98.0,34.3
2024-07-19 17:00:00,KL-KNR-13,Kannur,Coastal/Midland,11.8745,75.3704,16.7,27.8,87.0,98.0,23.4
2024-07-19 18:00:00,KL-KNR-13,Kannur,Coastal/Midland,11.8745,75.3704,11.3,28.3,81.7,98.0,16.2
2024-07-19 19:00:00,KL-KNR-13,Kannur,Coastal/Midland,11.8745,75.3704,16.2,27.5,85.2,98.0,20.9
2024-07-19 20:00:00,KL-KNR-13,Kannur,Coastal/Midland,11.8745,75.3704,50.0,21.5,99.0,98.0,40.9
2024-07-19 21:00:00,KL-KNR-13,Kannur,Coastal/Midland,11.8745,75.3704,0.0,28.7,70.2,97.8,11.1
2024-07-19 22:00:00,KL-KNR-13,Kannur,Coastal/Midland,11.8745,75.3704,36.8,22.4,99.0,98.0,30.1
2024-07-19 23:00:00,KL-KNR-13,Kannur,Coastal/Midland,11.8745,75.3704,59.6,19.4,99.0,98.0,42.3
2024-07-20 00:00:00,KL-KNR-13,Kannur,Coastal/Midland,11.8745,75.3704,56.1,18.9,99.0,98.0,40.3
2024-07-20 01:00:00,KL-KNR-13,Kannur,Coastal/Midland,11.8745,75.3704,47.9,20.4,99.0,98.0,34.8
2024-07-20 02:00:00,KL-KNR-13,Kannur,Coastal/Midland,11.8745,75.3704,48.2,20.5,99.0,98.0,35.0
2024-07-20 03:00:00,KL-KNR-13,Kannur,Coastal/Midland,11.8745,75.3704,42.2,22.7,99.0,98.0,36.5
2024-07-20 04:00:00,KL-KNR-13,Kannur,Coastal/Midland,11.8745,75.3704,15.8,26.7,82.8,98.0,23.7
2024-07-20 05:00:00,KL-KNR-13,Kannur,Coastal/Midland,11.8745,75.3704,8.6,28.1,79.5,98.0,14.5
2024-07-20 06:00:00,KL-KNR-13,Kannur,Coastal/Midland,11.8745,75.3704,21.6,26.5,91.1,98.0,26.6
2024-07-20 07:00:00,KL-KNR-13,Kannur,Coastal/Midland,11.8745,75.3704,33.3,25.7,96.2,98.0,31.2
2024-07-20 08:00:00,KL-KNR-13,Kannur,Coastal/Midland,11.8745,75.3704,32.3,25.6,95.5,98.0,29.4
2024-07-20 09:00:00,KL-KNR-13,Kannur,Coastal/Midland,11.8745,75.3704,9.9,29.9,82.2,98.0,18.9
2024-07-20 10:00:00,KL-KNR-13,Kannur,Coastal/Midland,11.8745,75.3704,17.3,28.4,87.8,98.0,20.5
2024-07-20 11:00:00,KL-KNR-13,Kannur,Coastal/Midland,11.8745,75.3704,0.0,32.4,73.5,97.8,14.8
2024-07-20 12:00:00,KL-KNR-13,Kannur,Coastal/Midland,11.8745,75.3704,0.0,31.4,70.0,97.5,14.8
2024-07-20 13:00:00,KL-KNR-13,Kannur,Coastal/Midland,11.8745,75.3704,0.0,31.9,69.0,97.2,11.5
2024-07-20 14:00:00,KL-KNR-13,Kannur,Coastal/Midland,11.8745,75.3704,9.5,31.1,81.6,98.0,19.3
2024-07-20 15:00:00,KL-KNR-13,Kannur,Coastal/Midland,11.8745,75.3704,43.6,25.5,99.0,98.0,32.7
2024-07-20 16:00:00,KL-KNR-13,Kannur,Coastal/Midland,11.8745,75.3704,7.2,29.7,76.0,98.0,17.1
2024-07-20 17:00:00,KL-KNR-13,Kannur,Coastal/Midland,11.8745,75.3704,0.0,29.9,73.4,97.8,15.6
2024-07-20 18:00:00,KL-KNR-13,Kannur,Coastal/Midland,11.8745,75.3704,0.0,30.1,70.8,97.5,14.9
2024-07-20 19:00:00,KL-KNR-13,Kannur,Coastal/Midland,11.8745,75.3704,0.0,29.4,70.1,97.2,13.7
2024-07-20 20:00:00,KL-KNR-13,Kannur,Coastal/Midland,11.8745,75.3704,13.1,27.3,81.6,98.0,17.1
2024-07-20 21:00:00,KL-KNR-13,Kannur,Coastal/Midland,11.8745,75.3704,0.0,28.5,69.5,97.8,12.8
2024-07-20 22:00:00,KL-KNR-13,Kannur,Coastal/Midland,11.8745,75.3704,0.0,28.6,69.1,97.5,15.8
2024-07-20 23:00:00,KL-KNR-13,Kannur,Coastal/Midland,11.8745,75.3704,39.4,22.7,99.0,98.0,32.9
2024-07-21 00:00:00,KL-KNR-13,Kannur,Coastal/Midland,11.8745,75.3704,6.3,26.4,77.5,98.0,13.8
2024-07-21 01:00:00,KL-KNR-13,Kannur,Coastal/Midland,11.8745,75.3704,0.0,28.1,74.5,97.8,10.5
2024-07-21 02:00:00,KL-KNR-13,Kannur,Coastal/Midland,11.8745,75.3704,0.0,28.3,71.4,97.5,14.5
2024-07-21 03:00:00,KL-KNR-13,Kannur,Coastal/Midland,11.8745,75.3704,23.1,25.2,90.0,98.0,24.4
2024-07-21 04:00:00,KL-KNR-13,Kannur,Coastal/Midland,11.8745,75.3704,30.2,25.2,97.2,98.0,25.9
2024-07-21 05:00:00,KL-KNR-13,Kannur,Coastal/Midland,11.8745,75.3704,32.4,25.3,97.9,98.0,27.8
2024-07-21 06:00:00,KL-KNR-13,Kannur,Coastal/Midland,11.8745,75.3704,4.5,29.7,75.2,98.0,16.2
2024-07-21 07:00:00,KL-KNR-13,Kannur,Coastal/Midland,11.8745,75.3704,0.0,31.3,69.7,97.8,10.2
2024-07-21 08:00:00,KL-KNR-13,Kannur,Coastal/Midland,11.8745,75.3704,24.7,26.7,91.4,98.0,22.6
2024-07-21 09:00:00,KL-KNR-13,Kannur,Coastal/Midland,11.8745,75.3704,21.0,28.7,91.4,98.0,25.1
2024-07-21 10:00:00,KL-KNR-13,Kannur,Coastal/Midland,11.8745,75.3704,0.0,31.3,72.6,97.8,14.4
2024-07-21 11:00:00,KL-KNR-13,Kannur,Coastal/Midland,11.8745,75.3704,7.5,30.5,76.4,98.0,17.0
2024-07-21 12:00:00,KL-KNR-13,Kannur,Coastal/Midland,11.8745,75.3704,0.0,31.6,74.7,97.8,10.2
2024-07-21 13:00:00,KL-KNR-13,Kannur,Coastal/Midland,11.8745,75.3704,7.4,31.6,77.4,98.0,15.3
2024-07-21 14:00:00,KL-KNR-13,Kannur,Coastal/Midland,11.8745,75.3704,16.6,28.5,82.7,98.0,19.3
2024-07-21 15:00:00,KL-KNR-13,Kannur,Coastal/Midland,11.8745,75.3704,0.0,31.4,74.6,97.8,10.9
2024-07-21 16:00:00,KL-KNR-13,Kannur,Coastal/Midland,11.8745,75.3704,18.7,27.4,85.2,98.0,20.7
2024-07-21 17:00:00,KL-KNR-13,Kannur,Coastal/Midland,11.8745,75.3704,2.8,30.1,72.7,98.0,13.2
2024-07-21 18:00:00,KL-KNR-13,Kannur,Coastal/Midland,11.8745,75.3704,0.0,29.8,70.4,97.8,10.7
2024-07-21 19:00:00,KL-KNR-13,Kannur,Coastal/Midland,11.8745,75.3704,10.6,28.0,82.1,98.0,21.3
2024-07-21 20:00:00,KL-KNR-13,Kannur,Coastal/Midland,11.8745,75.3704,4.1,28.9,72.4,98.0,17.8
2024-07-21 21:00:00,KL-KNR-13,Kannur,Coastal/Midland,11.8745,75.3704,0.0,28.4,73.5,97.8,13.8
2024-07-21 22:00:00,KL-KNR-13,Kannur,Coastal/Midland,11.8745,75.3704,0.0,27.7,72.0,97.5,15.6
2024-07-21 23:00:00,KL-KNR-13,Kannur,Coastal/Midland,11.8745,75.3704,0.0,28.2,72.2,97.2,14.6
2024-07-22 00:00:00,KL-KNR-13,Kannur,Coastal/Midland,11.8745,75.3704,0.0,28.4,72.7,97.0,12.3
2024-07-22 01:00:00,KL-KNR-13,Kannur,Coastal/Midland,11.8745,75.3704,0.0,28.4,70.8,96.8,15.9
2024-07-22 02:00:00,KL-KNR-13,Kannur,Coastal/Midland,11.8745,75.3704,0.0,29.0,74.2,96.5,13.3
2024-07-22 03:00:00,KL-KNR-13,Kannur,Coastal/Midland,11.8745,75.3704,0.0,28.2,70.5,96.2,10.3
2024-07-22 04:00:00,KL-KNR-13,Kannur,Coastal/Midland,11.8745,75.3704,0.0,29.5,74.8,96.0,13.1
2024-07-22 05:00:00,KL-KNR-13,Kannur,Coastal/Midland,11.8745,75.3704,0.0,29.1,69.7,95.8,10.6
2024-07-22 06:00:00,KL-KNR-13,Kannur,Coastal/Midland,11.8745,75.3704,0.0,30.7,69.5,95.5,10.6
2024-07-22 07:00:00,KL-KNR-13,Kannur,Coastal/Midland,11.8745,75.3704,0.0,30.2,73.0,95.2,13.3
2024-07-22 08:00:00,KL-KNR-13,Kannur,Coastal/Midland,11.8745,75.3704,0.0,30.6,72.0,95.0,14.6
2024-07-22 09:00:00,KL-KNR-13,Kannur,Coastal/Midland,11.8745,75.3704,0.0,31.1,74.8,94.8,11.1
2024-07-22 10:00:00,KL-KNR-13,Kannur,Coastal/Midland,11.8745,75.3704,11.4,29.2,80.3,98.0,17.6
2024-07-22 11:00:00,KL-KNR-13,Kannur,Coastal/Midland,11.8745,75.3704,6.3,30.2,76.0,98.0,18.8
2024-07-22 12:00:00,KL-KNR-13,Kannur,Coastal/Midland,11.8745,75.3704,0.0,31.6,72.5,97.8,14.2
2024-07-22 13:00:00,KL-KNR-13,Kannur,Coastal/Midland,11.8745,75.3704,0.0,31.8,69.9,97.5,10.3
2024-07-22 14:00:00,KL-KNR-13,Kannur,Coastal/Midland,11.8745,75.3704,3.1,31.9,75.8,98.0,16.4
2024-07-22 15:00:00,KL-KNR-13,Kannur,Coastal/Midland,11.8745,75.3704,0.0,31.5,69.5,97.8,13.0
2024-07-22 16:00:00,KL-KNR-13,Kannur,Coastal/Midland,11.8745,75.3704,0.0,31.2,72.1,97.5,13.6
2024-07-22 17:00:00,KL-KNR-13,Kannur,Coastal/Midland,11.8745,75.3704,0.0,31.3,69.9,97.2,15.3
2024-07-22 18:00:00,KL-KNR-13,Kannur,Coastal/Midland,11.8745,75.3704,7.4,28.9,75.3,98.0,15.3
2024-07-22 19:00:00,KL-KNR-13,Kannur,Coastal/Midland,11.8745,75.3704,3.1,28.6,77.0,98.0,15.4
2024-07-22 20:00:00,KL-KNR-13,Kannur,Coastal/Midland,11.8745,75.3704,5.0,29.0,74.3,98.0,18.5
2024-07-22 21:00:00,KL-KNR-13,Kannur,Coastal/Midland,11.8745,75.3704,4.8,27.3,73.4,98.0,17.0
2024-07-22 22:00:00,KL-KNR-13,Kannur,Coastal/Midland,11.8745,75.3704,0.0,28.4,71.0,97.8,13.3
2024-07-22 23:00:00,KL-KNR-13,Kannur,Coastal/Midland,11.8745,75.3704,0.0,28.8,72.8,97.5,14.7
2024-07-23 00:00:00,KL-KNR-13,Kannur,Coastal/Midland,11.8745,75.3704,0.0,27.8,69.1,97.2,14.0
2024-07-23 01:00:00,KL-KNR-13,Kannur,Coastal/Midland,11.8745,75.3704,0.0,27.5,69.2,97.0,12.8
2024-07-23 02:00:00,KL-KNR-13,Kannur,Coastal/Midland,11.8745,75.3704,2.2,27.8,70.9,97.8,11.6
2024-07-23 03:00:00,KL-KNR-13,Kannur,Coastal/Midland,11.8745,75.3704,0.0,28.6,71.7,97.5,10.2
2024-07-23 04:00:00,KL-KNR-13,Kannur,Coastal/Midland,11.8745,75.3704,0.0,29.4,70.1,97.3,15.9
2024-07-23 05:00:00,KL-KNR-13,Kannur,Coastal/Midland,11.8745,75.3704,10.2,28.6,79.7,98.0,17.2
2024-07-23 06:00:00,KL-KNR-13,Kannur,Coastal/Midland,11.8745,75.3704,9.3,28.2,79.6,98.0,16.9
2024-07-23 07:00:00,KL-KNR-13,Kannur,Coastal/Midland,11.8745,75.3704,0.0,30.4,73.5,97.8,11.3
2024-07-23 08:00:00,KL-KNR-13,Kannur,Coastal/Midland,11.8745,75.3704,0.0,31.6,74.5,97.5,14.5
2024-07-23 09:00:00,KL-KNR-13,Kannur,Coastal/Midland,11.8745,75.3704,10.6,30.6,79.3,98.0,16.4
2024-07-23 10:00:00,KL-KNR-13,Kannur,Coastal/Midland,11.8745,75.3704,7.3,31.4,80.0,98.0,15.4
2024-07-23 11:00:00,KL-KNR-13,Kannur,Coastal/Midland,11.8745,75.3704,0.0,31.2,72.7,97.8,12.0
2024-07-23 12:00:00,KL-KNR-13,Kannur,Coastal/Midland,11.8745,75.3704,8.3,31.1,79.4,98.0,15.4
2024-07-23 13:00:00,KL-KNR-13,Kannur,Coastal/Midland,11.8745,75.3704,0.0,31.9,69.9,97.8,11.4
2024-07-23 14:00:00,KL-KNR-13,Kannur,Coastal/Midland,11.8745,75.3704,0.0,31.6,71.9,97.5,12.5
2024-07-23 15:00:00,KL-KNR-13,Kannur,Coastal/Midland,11.8745,75.3704,15.1,29.6,85.6,98.0,18.3
2024-07-23 16:00:00,KL-KNR-13,Kannur,Coastal/Midland,11.8745,75.3704,0.0,31.7,71.4,97.8,15.9
2024-07-23 17:00:00,KL-KNR-13,Kannur,Coastal/Midland,11.8745,75.3704,0.0,31.1,73.2,97.5,12.3
2024-07-23 18:00:00,KL-KNR-13,Kannur,Coastal/Midland,11.8745,75.3704,12.8,27.9,80.2,98.0,17.2
2024-07-23 19:00:00,KL-KNR-13,Kannur,Coastal/Midland,11.8745,75.3704,0.0,30.2,72.7,97.8,12.7
2024-07-23 20:00:00,KL-KNR-13,Kannur,Coastal/Midland,11.8745,75.3704,0.0,29.6,71.7,97.5,15.1
2024-07-23 21:00:00,KL-KNR-13,Kannur,Coastal/Midland,11.8745,75.3704,13.0,26.6,84.4,98.0,20.5
2024-07-23 22:00:00,KL-KNR-13,Kannur,Coastal/Midland,11.8745,75.3704,0.0,28.5,71.2,97.8,10.2
2024-07-23 23:00:00,KL-KNR-13,Kannur,Coastal/Midland,11.8745,75.3704,0.0,27.4,72.1,97.5,13.0
2024-07-24 00:00:00,KL-KNR-13,Kannur,Coastal/Midland,11.8745,75.3704,0.0,27.7,69.9,97.2,11.4
2024-07-24 01:00:00,KL-KNR-13,Kannur,Coastal/Midland,11.8745,75.3704,0.0,28.6,70.8,97.0,11.8
2024-07-24 02:00:00,KL-KNR-13,Kannur,Coastal/Midland,11.8745,75.3704,0.0,28.7,71.3,96.8,10.9
2024-07-24 03:00:00,KL-KNR-13,Kannur,Coastal/Midland,11.8745,75.3704,5.0,28.3,75.6,98.0,14.0
2024-07-24 04:00:00,KL-KNR-13,Kannur,Coastal/Midland,11.8745,75.3704,0.0,28.8,71.1,97.8,13.4
2024-07-24 05:00:00,KL-KNR-13,Kannur,Coastal/Midland,11.8745,75.3704,26.4,25.8,91.8,98.0,24.9
2024-07-24 06:00:00,KL-KNR-13,Kannur,Coastal/Midland,11.8745,75.3704,0.0,30.4,69.6,97.8,14.3
2024-07-24 07:00:00,KL-KNR-13,Kannur,Coastal/Midland,11.8745,75.3704,0.0,30.0,72.3,97.5,13.2
2024-07-24 08:00:00,KL-KNR-13,Kannur,Coastal/Midland,11.8745,75.3704,0.0,30.2,73.0,97.2,11.4
2024-07-24 09:00:00,KL-KNR-13,Kannur,Coastal/Midland,11.8745,75.3704,23.5,28.4,90.8,98.0,26.9
2024-07-24 10:00:00,KL-KNR-13,Kannur,Coastal/Midland,11.8745,75.3704,0.0,32.1,72.2,97.8,11.7
2024-07-24 11:00:00,KL-KNR-13,Kannur,Coastal/Midland,11.8745,75.3704,0.0,32.0,75.0,97.5,12.4
2024-07-24 12:00:00,KL-KNR-13,Kannur,Coastal/Midland,11.8745,75.3704,0.0,31.2,74.1,97.2,14.9
2024-07-24 13:00:00,KL-KNR-13,Kannur,Coastal/Midland,11.8745,75.3704,0.0,31.4,70.0,97.0,15.3
2024-07-24 14:00:00,KL-KNR-13,Kannur,Coastal/Midland,11.8745,75.3704,29.0,27.0,97.0,98.0,25.6
2024-07-24 15:00:00,KL-KNR-13,Kannur,Coastal/Midland,11.8745,75.3704,0.0,30.8,71.4,97.8,11.9
2024-07-24 16:00:00,KL-KNR-13,Kannur,Coastal/Midland,11.8745,75.3704,0.0,31.0,69.0,97.5,15.7
2024-07-24 17:00:00,KL-KNR-13,Kannur,Coastal/Midland,11.8745,75.3704,10.1,29.4,82.3,98.0,17.4
2024-07-24 18:00:00,KL-KNR-13,Kannur,Coastal/Midland,11.8745,75.3704,0.0,29.5,69.4,97.8,22.2
2024-07-24 19:00:00,KL-KNR-13,Kannur,Coastal/Midland,11.8745,75.3704,26.8,26.0,94.2,98.0,36.9
2024-07-24 20:00:00,KL-KNR-13,Kannur,Coastal/Midland,11.8745,75.3704,11.0,27.0,83.4,98.0,24.8
2024-07-24 21:00:00,KL-KNR-13,Kannur,Coastal/Midland,11.8745,75.3704,0.0,28.5,69.7,97.8,18.6
2024-07-24 22:00:00,KL-KNR-13,Kannur,Coastal/Midland,11.8745,75.3704,0.0,28.7,72.5,97.5,20.8
2024-07-24 23:00:00,KL-KNR-13,Kannur,Coastal/Midland,11.8745,75.3704,0.0,27.9,73.7,97.2,18.6
2024-07-25 00:00:00,KL-KNR-13,Kannur,Coastal/Midland,11.8745,75.3704,0.0,27.8,74.6,97.0,22.6
2024-07-25 01:00:00,KL-KNR-13,Kannur,Coastal/Midland,11.8745,75.3704,0.0,28.4,72.7,96.8,22.5
2024-07-25 02:00:00,KL-KNR-13,Kannur,Coastal/Midland,11.8745,75.3704,83.3,18.0,99.0,98.0,64.6
2024-07-25 03:00:00,KL-KNR-13,Kannur,Coastal/Midland,11.8745,75.3704,60.0,19.1,99.0,98.0,49.3
2024-07-25 04:00:00,KL-KNR-13,Kannur,Coastal/Midland,11.8745,75.3704,107.1,18.0,99.0,98.0,76.6
2024-07-25 05:00:00,KL-KNR-13,Kannur,Coastal/Midland,11.8745,75.3704,48.7,22.6,99.0,98.0,45.2
2024-07-25 06:00:00,KL-KNR-13,Kannur,Coastal/Midland,11.8745,75.3704,0.0,29.4,69.2,97.8,22.1
2024-07-25 07:00:00,KL-KNR-13,Kannur,Coastal/Midland,11.8745,75.3704,53.2,22.0,99.0,98.0,48.7
2024-07-25 08:00:00,KL-KNR-13,Kannur,Coastal/Midland,11.8745,75.3704,0.0,31.1,74.9,97.8,19.5
2024-07-25 09:00:00,KL-KNR-13,Kannur,Coastal/Midland,11.8745,75.3704,19.5,28.2,86.0,98.0,30.4
2024-07-25 10:00:00,KL-KNR-13,Kannur,Coastal/Midland,11.8745,75.3704,76.2,19.5,99.0,98.0,59.4
2024-07-25 11:00:00,KL-KNR-13,Kannur,Coastal/Midland,11.8745,75.3704,66.5,21.7,99.0,98.0,54.3
2024-07-25 12:00:00,KL-KNR-13,Kannur,Coastal/Midland,11.8745,75.3704,62.8,22.2,99.0,98.0,50.2
2024-07-25 13:00:00,KL-KNR-13,Kannur,Coastal/Midland,11.8745,75.3704,0.0,32.7,70.0,97.8,22.9
2024-07-25 14:00:00,KL-KNR-13,Kannur,Coastal/Midland,11.8745,75.3704,14.8,29.7,85.4,98.0,28.7
2024-07-25 15:00:00,KL-KNR-13,Kannur,Coastal/Midland,11.8745,75.3704,0.0,31.0,73.0,97.8,18.1
2024-07-25 16:00:00,KL-KNR-13,Kannur,Coastal/Midland,11.8745,75.3704,0.0,31.3,71.1,97.5,20.6
2024-07-25 17:00:00,KL-KNR-13,Kannur,Coastal/Midland,11.8745,75.3704,33.3,26.2,97.8,98.0,39.1
2024-07-25 18:00:00,KL-KNR-13,Kannur,Coastal/Midland,11.8745,75.3704,0.0,29.4,70.9,97.8,22.4
2024-07-25 19:00:00,KL-KNR-13,Kannur,Coastal/Midland,11.8745,75.3704,0.0,30.1,73.9,97.5,20.3
2024-07-25 20:00:00,KL-KNR-13,Kannur,Coastal/Midland,11.8745,75.3704,94.3,18.0,99.0,98.0,70.9
2024-07-25 21:00:00,KL-KNR-13,Kannur,Coastal/Midland,11.8745,75.3704,80.6,18.0,99.0,98.0,62.5
2024-07-25 22:00:00,KL-KNR-13,Kannur,Coastal/Midland,11.8745,75.3704,67.9,18.2,99.0,98.0,57.1
2024-07-25 23:00:00,KL-KNR-13,Kannur,Coastal/Midland,11.8745,75.3704,84.8,18.0,99.0,98.0,65.3
2024-07-26 00:00:00,KL-KNR-13,Kannur,Coastal/Midland,11.8745,75.3704,0.0,27.7,70.4,97.8,18.9
2024-07-26 01:00:00,KL-KNR-13,Kannur,Coastal/Midland,11.8745,75.3704,19.1,25.0,89.1,98.0,30.9
2024-07-26 02:00:00,KL-KNR-13,Kannur,Coastal/Midland,11.8745,75.3704,38.6,22.1,99.0,98.0,42.9
2024-07-26 03:00:00,KL-KNR-13,Kannur,Coastal/Midland,11.8745,75.3704,0.0,28.2,72.3,97.8,18.6
2024-07-26 04:00:00,KL-KNR-13,Kannur,Coastal/Midland,11.8745,75.3704,84.8,18.0,99.0,98.0,62.0
2024-07-26 05:00:00,KL-KNR-13,Kannur,Coastal/Midland,11.8745,75.3704,0.0,29.5,73.9,97.8,21.5
2024-07-26 06:00:00,KL-KNR-13,Kannur,Coastal/Midland,11.8745,75.3704,95.4,18.0,99.0,98.0,70.2
2024-07-26 07:00:00,KL-KNR-13,Kannur,Coastal/Midland,11.8745,75.3704,0.0,29.9,72.3,97.8,18.5
2024-07-26 08:00:00,KL-KNR-13,Kannur,Coastal/Midland,11.8745,75.3704,53.7,22.4,99.0,98.0,49.4
2024-07-26 09:00:00,KL-KNR-13,Kannur,Coastal/Midland,11.8745,75.3704,20.1,27.8,90.2,98.0,31.9
2024-07-26 10:00:00,KL-KNR-13,Kannur,Coastal/Midland,11.8745,75.3704,0.0,32.2,71.8,97.8,19.4
2024-07-26 11:00:00,KL-KNR-13,Kannur,Coastal/Midland,11.8745,75.3704,23.9,28.2,92.5,98.0,35.9
2024-07-26 12:00:00,KL-KNR-13,Kannur,Coastal/Midland,11.8745,75.3704,0.0,31.9,71.8,97.8,18.8
2024-07-26 13:00:00,KL-KNR-13,Kannur,Coastal/Midland,11.8745,75.3704,76.3,21.0,99.0,98.0,58.3
2024-07-26 14:00:00,KL-KNR-13,Kannur,Coastal/Midland,11.8745,75.3704,0.0,32.1,71.9,97.8,24.0
2024-07-26 15:00:00,KL-KNR-13,Kannur,Coastal/Midland,11.8745,75.3704,0.0,31.4,73.3,97.5,19.3
2024-07-26 16:00:00,KL-KNR-13,Kannur,Coastal/Midland,11.8745,75.3704,32.4,25.4,96.0,98.0,36.9
2024-07-26 17:00:00,KL-KNR-13,Kannur,Coastal/Midland,11.8745,75.3704,0.0,31.1,72.0,97.8,19.9
2024-07-26 18:00:00,KL-KNR-13,Kannur,Coastal/Midland,11.8745,75.3704,64.0,20.1,99.0,98.0,52.4
2024-07-26 19:00:00,KL-KNR-13,Kannur,Coastal/Midland,11.8745,75.3704,74.3,18.0,99.0,98.0,57.0
2024-07-26 20:00:00,KL-KNR-13,Kannur,Coastal/Midland,11.8745,75.3704,35.8,22.8,99.0,98.0,38.2
2024-07-26 21:00:00,KL-KNR-13,Kannur,Coastal/Midland,11.8745,75.3704,88.5,18.0,99.0,98.0,66.6
2024-07-26 22:00:00,KL-KNR-13,Kannur,Coastal/Midland,11.8745,75.3704,0.0,28.1,71.5,97.8,18.8
2024-07-26 23:00:00,KL-KNR-13,Kannur,Coastal/Midland,11.8745,75.3704,20.8,25.3,90.7,98.0,32.0
2024-07-27 00:00:00,KL-KNR-13,Kannur,Coastal/Midland,11.8745,75.3704,45.4,20.4,99.0,98.0,46.2
2024-07-27 01:00:00,KL-KNR-13,Kannur,Coastal/Midland,11.8745,75.3704,28.7,24.1,93.0,98.0,36.5
2024-07-27 02:00:00,KL-KNR-13,Kannur,Coastal/Midland,11.8745,75.3704,0.0,28.7,70.6,97.8,20.1
2024-07-27 03:00:00,KL-KNR-13,Kannur,Coastal/Midland,11.8745,75.3704,33.0,24.2,99.0,98.0,37.3
2024-07-27 04:00:00,KL-KNR-13,Kannur,Coastal/Midland,11.8745,75.3704,0.0,29.4,74.7,97.8,20.0
2024-07-27 05:00:00,KL-KNR-13,Kannur,Coastal/Midland,11.8745,75.3704,0.0,29.4,70.5,97.5,18.1
2024-07-27 06:00:00,KL-KNR-13,Kannur,Coastal/Midland,11.8745,75.3704,34.8,24.5,99.0,98.0,39.8
2024-07-27 07:00:00,KL-KNR-13,Kannur,Coastal/Midland,11.8745,75.3704,42.7,24.1,99.0,98.0,32.9
2024-07-27 08:00:00,KL-KNR-13,Kannur,Coastal/Midland,11.8745,75.3704,8.8,30.0,76.2,98.0,19.4
2024-07-27 09:00:00,KL-KNR-13,Kannur,Coastal/Midland,11.8745,75.3704,0.0,30.8,70.1,97.8,11.3
2024-07-27 10:00:00,KL-KNR-13,Kannur,Coastal/Midland,11.8745,75.3704,35.6,26.3,98.7,98.0,28.2
2024-07-27 11:00:00,KL-KNR-13,Kannur,Coastal/Midland,11.8745,75.3704,37.7,25.7,99.0,98.0,33.4
2024-07-27 12:00:00,KL-KNR-13,Kannur,Coastal/Midland,11.8745,75.3704,0.0,32.5,72.9,97.8,12.9
2024-07-27 13:00:00,KL-KNR-13,Kannur,Coastal/Midland,11.8745,75.3704,0.0,32.7,69.6,97.5,11.0
2024-07-27 14:00:00,KL-KNR-13,Kannur,Coastal/Midland,11.8745,75.3704,0.0,31.2,74.3,97.2,12.2
2024-07-27 15:00:00,KL-KNR-13,Kannur,Coastal/Midland,11.8745,75.3704,28.1,27.0,94.8,98.0,24.2
2024-07-27 16:00:00,KL-KNR-13,Kannur,Coastal/Midland,11.8745,75.3704,6.7,29.9,77.8,98.0,14.6
2024-07-27 17:00:00,KL-KNR-13,Kannur,Coastal/Midland,11.8745,75.3704,0.0,30.0,69.2,97.8,11.1
2024-07-27 18:00:00,KL-KNR-13,Kannur,Coastal/Midland,11.8745,75.3704,27.5,26.0,94.3,98.0,24.3
2024-07-27 19:00:00,KL-KNR-13,Kannur,Coastal/Midland,11.8745,75.3704,0.0,29.1,73.1,97.8,11.6
2024-07-27 20:00:00,KL-KNR-13,Kannur,Coastal/Midland,11.8745,75.3704,0.0,28.3,72.3,97.5,15.2
2024-07-27 21:00:00,KL-KNR-13,Kannur,Coastal/Midland,11.8745,75.3704,0.0,29.2,73.6,97.2,15.5
2024-07-27 22:00:00,KL-KNR-13,Kannur,Coastal/Midland,11.8745,75.3704,0.0,27.6,74.5,97.0,12.7
2024-07-27 23:00:00,KL-KNR-13,Kannur,Coastal/Midland,11.8745,75.3704,0.0,28.7,73.1,96.8,15.6
2024-07-28 00:00:00,KL-KNR-13,Kannur,Coastal/Midland,11.8745,75.3704,6.5,26.5,79.2,98.0,14.4
2024-07-28 01:00:00,KL-KNR-13,Kannur,Coastal/Midland,11.8745,75.3704,0.0,27.9,70.3,97.8,10.7
2024-07-28 02:00:00,KL-KNR-13,Kannur,Coastal/Midland,11.8745,75.3704,0.0,27.7,70.7,97.5,12.7
2024-07-28 03:00:00,KL-KNR-13,Kannur,Coastal/Midland,11.8745,75.3704,0.0,29.3,69.0,97.2,11.3
2024-07-28 04:00:00,KL-KNR-13,Kannur,Coastal/Midland,11.8745,75.3704,0.0,29.4,73.5,97.0,12.0
2024-07-28 05:00:00,KL-KNR-13,Kannur,Coastal/Midland,11.8745,75.3704,16.1,27.3,85.6,98.0,24.0
2024-07-28 06:00:00,KL-KNR-13,Kannur,Coastal/Midland,11.8745,75.3704,12.8,27.6,82.9,98.0,17.2
2024-07-28 07:00:00,KL-KNR-13,Kannur,Coastal/Midland,11.8745,75.3704,0.0,31.3,72.0,97.8,13.2
2024-07-28 08:00:00,KL-KNR-13,Kannur,Coastal/Midland,11.8745,75.3704,14.9,28.2,83.2,98.0,19.5
2024-07-28 09:00:00,KL-KNR-13,Kannur,Coastal/Midland,11.8745,75.3704,15.6,29.2,84.1,98.0,18.6
2024-07-28 10:00:00,KL-KNR-13,Kannur,Coastal/Midland,11.8745,75.3704,0.0,31.6,71.4,97.8,12.0
2024-07-28 11:00:00,KL-KNR-13,Kannur,Coastal/Midland,11.8745,75.3704,13.3,30.0,81.5,98.0,22.5
2024-07-28 12:00:00,KL-KNR-13,Kannur,Coastal/Midland,11.8745,75.3704,0.0,31.6,73.5,97.8,13.5
2024-07-28 13:00:00,KL-KNR-13,Kannur,Coastal/Midland,11.8745,75.3704,11.0,30.3,81.1,98.0,17.3
2024-07-28 14:00:00,KL-KNR-13,Kannur,Coastal/Midland,11.8745,75.3704,11.1,30.9,82.4,98.0,20.6
2024-07-28 15:00:00,KL-KNR-13,Kannur,Coastal/Midland,11.8745,75.3704,2.3,30.3,75.1,98.0,11.8
2024-07-28 16:00:00,KL-KNR-13,Kannur,Coastal/Midland,11.8745,75.3704,0.0,31.6,72.6,97.8,11.0
2024-07-28 17:00:00,KL-KNR-13,Kannur,Coastal/Midland,11.8745,75.3704,0.0,31.2,73.7,97.5,15.7
2024-07-28 18:00:00,KL-KNR-13,Kannur,Coastal/Midland,11.8745,75.3704,0.0,29.6,69.2,97.2,11.6
2024-07-28 19:00:00,KL-KNR-13,Kannur,Coastal/Midland,11.8745,75.3704,0.0,28.7,70.4,97.0,15.4
2024-07-28 20:00:00,KL-KNR-13,Kannur,Coastal/Midland,11.8745,75.3704,3.8,28.0,72.1,98.0,12.9
2024-07-28 21:00:00,KL-KNR-13,Kannur,Coastal/Midland,11.8745,75.3704,0.0,27.9,73.9,97.8,15.4
2024-07-28 22:00:00,KL-KNR-13,Kannur,Coastal/Midland,11.8745,75.3704,0.0,28.0,74.8,97.5,10.7
2024-07-28 23:00:00,KL-KNR-13,Kannur,Coastal/Midland,11.8745,75.3704,0.0,27.6,71.0,97.2,12.0
2024-07-15 00:00:00,KL-KSD-14,Kasaragod,Coastal/Laterite Hills,12.4996,74.9869,0.0,31.6,71.4,56.9,13.0
2024-07-15 01:00:00,KL-KSD-14,Kasaragod,Coastal/Laterite Hills,12.4996,74.9869,0.0,32.2,73.2,56.7,11.2
2024-07-15 02:00:00,KL-KSD-14,Kasaragod,Coastal/Laterite Hills,12.4996,74.9869,9.6,30.3,77.7,60.0,19.9
2024-07-15 03:00:00,KL-KSD-14,Kasaragod,Coastal/Laterite Hills,12.4996,74.9869,0.0,32.0,71.6,59.8,10.0
2024-07-15 04:00:00,KL-KSD-14,Kasaragod,Coastal/Laterite Hills,12.4996,74.9869,0.0,32.8,73.5,59.5,13.2
2024-07-15 05:00:00,KL-KSD-14,Kasaragod,Coastal/Laterite Hills,12.4996,74.9869,0.0,32.9,74.0,59.3,14.7
2024-07-15 06:00:00,KL-KSD-14,Kasaragod,Coastal/Laterite Hills,12.4996,74.9869,0.0,33.3,74.3,59.0,10.3
2024-07-15 07:00:00,KL-KSD-14,Kasaragod,Coastal/Laterite Hills,12.4996,74.9869,0.0,34.9,71.4,58.8,15.4
2024-07-15 08:00:00,KL-KSD-14,Kasaragod,Coastal/Laterite Hills,12.4996,74.9869,0.0,35.2,74.7,58.5,10.7
2024-07-15 09:00:00,KL-KSD-14,Kasaragod,Coastal/Laterite Hills,12.4996,74.9869,6.7,33.9,77.2,60.9,15.2
2024-07-15 10:00:00,KL-KSD-14,Kasaragod,Coastal/Laterite Hills,12.4996,74.9869,0.0,35.2,74.4,60.6,12.3
2024-07-15 11:00:00,KL-KSD-14,Kasaragod,Coastal/Laterite Hills,12.4996,74.9869,0.0,36.5,72.8,60.4,13.4
2024-07-15 12:00:00,KL-KSD-14,Kasaragod,Coastal/Laterite Hills,12.4996,74.9869,0.0,35.7,74.9,60.1,10.6
2024-07-15 13:00:00,KL-KSD-14,Kasaragod,Coastal/Laterite Hills,12.4996,74.9869,5.7,34.4,74.9,62.1,15.7
2024-07-15 14:00:00,KL-KSD-14,Kasaragod,Coastal/Laterite Hills,12.4996,74.9869,5.7,35.6,78.7,64.1,14.5
2024-07-15 15:00:00,KL-KSD-14,Kasaragod,Coastal/Laterite Hills,12.4996,74.9869,8.5,34.2,81.3,67.1,15.8
2024-07-15 16:00:00,KL-KSD-14,Kasaragod,Coastal/Laterite Hills,12.4996,74.9869,11.0,33.7,83.1,70.9,18.1
2024-07-15 17:00:00,KL-KSD-14,Kasaragod,Coastal/Laterite Hills,12.4996,74.9869,0.0,34.9,69.2,70.7,13.4
2024-07-15 18:00:00,KL-KSD-14,Kasaragod,Coastal/Laterite Hills,12.4996,74.9869,9.3,32.7,78.1,74.0,19.9
2024-07-15 19:00:00,KL-KSD-14,Kasaragod,Coastal/Laterite Hills,12.4996,74.9869,3.5,33.3,72.2,75.2,15.9
2024-07-15 20:00:00,KL-KSD-14,Kasaragod,Coastal/Laterite Hills,12.4996,74.9869,0.0,32.8,70.9,74.9,11.6
2024-07-15 21:00:00,KL-KSD-14,Kasaragod,Coastal/Laterite Hills,12.4996,74.9869,0.0,32.0,72.5,74.7,10.6
2024-07-15 22:00:00,KL-KSD-14,Kasaragod,Coastal/Laterite Hills,12.4996,74.9869,10.3,30.8,79.9,78.3,20.7
2024-07-15 23:00:00,KL-KSD-14,Kasaragod,Coastal/Laterite Hills,12.4996,74.9869,0.0,31.5,71.8,78.0,15.8
2024-07-16 00:00:00,KL-KSD-14,Kasaragod,Coastal/Laterite Hills,12.4996,74.9869,0.0,32.4,74.2,77.8,10.9
2024-07-16 01:00:00,KL-KSD-14,Kasaragod,Coastal/Laterite Hills,12.4996,74.9869,7.2,31.3,76.3,80.3,18.4
2024-07-16 02:00:00,KL-KSD-14,Kasaragod,Coastal/Laterite Hills,12.4996,74.9869,11.3,31.0,81.6,84.3,20.1
2024-07-16 03:00:00,KL-KSD-14,Kasaragod,Coastal/Laterite Hills,12.4996,74.9869,0.0,32.3,72.3,84.0,13.0
2024-07-16 04:00:00,KL-KSD-14,Kasaragod,Coastal/Laterite Hills,12.4996,74.9869,0.0,33.2,74.0,83.8,11.2
2024-07-16 05:00:00,KL-KSD-14,Kasaragod,Coastal/Laterite Hills,12.4996,74.9869,4.0,32.4,75.7,85.2,15.3
2024-07-16 06:00:00,KL-KSD-14,Kasaragod,Coastal/Laterite Hills,12.4996,74.9869,0.0,33.8,72.7,84.9,10.3
2024-07-16 07:00:00,KL-KSD-14,Kasaragod,Coastal/Laterite Hills,12.4996,74.9869,9.0,33.4,82.0,88.1,16.1
2024-07-16 08:00:00,KL-KSD-14,Kasaragod,Coastal/Laterite Hills,12.4996,74.9869,0.0,34.7,72.0,87.8,14.7
2024-07-16 09:00:00,KL-KSD-14,Kasaragod,Coastal/Laterite Hills,12.4996,74.9869,0.0,35.5,74.0,87.6,13.2
2024-07-16 10:00:00,KL-KSD-14,Kasaragod,Coastal/Laterite Hills,12.4996,74.9869,0.0,35.4,71.6,87.3,14.8
2024-07-16 11:00:00,KL-KSD-14,Kasaragod,Coastal/Laterite Hills,12.4996,74.9869,9.8,33.7,79.9,90.7,17.3
2024-07-16 12:00:00,KL-KSD-14,Kasaragod,Coastal/Laterite Hills,12.4996,74.9869,7.6,34.3,76.9,93.4,15.1
2024-07-16 13:00:00,KL-KSD-14,Kasaragod,Coastal/Laterite Hills,12.4996,74.9869,0.0,36.5,73.4,93.1,10.5
2024-07-16 14:00:00,KL-KSD-14,Kasaragod,Coastal/Laterite Hills,12.4996,74.9869,0.0,35.2,70.0,92.9,11.1
2024-07-16 15:00:00,KL-KSD-14,Kasaragod,Coastal/Laterite Hills,12.4996,74.9869,0.0,35.8,72.2,92.6,12.1
2024-07-16 16:00:00,KL-KSD-14,Kasaragod,Coastal/Laterite Hills,12.4996,74.9869,0.0,35.7,71.4,92.4,14.5
2024-07-16 17:00:00,KL-KSD-14,Kasaragod,Coastal/Laterite Hills,12.4996,74.9869,0.0,34.4,72.3,92.1,11.1
2024-07-16 18:00:00,KL-KSD-14,Kasaragod,Coastal/Laterite Hills,12.4996,74.9869,0.0,34.6,72.9,91.9,10.5
2024-07-16 19:00:00,KL-KSD-14,Kasaragod,Coastal/Laterite Hills,12.4996,74.9869,0.0,34.0,70.5,91.6,11.6
2024-07-16 20:00:00,KL-KSD-14,Kasaragod,Coastal/Laterite Hills,12.4996,74.9869,7.6,32.0,79.8,94.3,17.4
2024-07-16 21:00:00,KL-KSD-14,Kasaragod,Coastal/Laterite Hills,12.4996,74.9869,0.0,32.4,74.0,94.1,12.7
2024-07-16 22:00:00,KL-KSD-14,Kasaragod,Coastal/Laterite Hills,12.4996,74.9869,5.7,31.0,78.5,96.1,14.9
2024-07-16 23:00:00,KL-KSD-14,Kasaragod,Coastal/Laterite Hills,12.4996,74.9869,0.0,32.8,71.2,95.8,11.2
2024-07-17 00:00:00,KL-KSD-14,Kasaragod,Coastal/Laterite Hills,12.4996,74.9869,10.4,30.7,77.4,98.0,16.6
2024-07-17 01:00:00,KL-KSD-14,Kasaragod,Coastal/Laterite Hills,12.4996,74.9869,9.4,30.0,77.8,98.0,16.9
2024-07-17 02:00:00,KL-KSD-14,Kasaragod,Coastal/Laterite Hills,12.4996,74.9869,8.1,30.5,77.3,98.0,16.8
2024-07-17 03:00:00,KL-KSD-14,Kasaragod,Coastal/Laterite Hills,12.4996,74.9869,7.9,31.2,75.4,98.0,14.2
2024-07-17 04:00:00,KL-KSD-14,Kasaragod,Coastal/Laterite Hills,12.4996,74.9869,0.0,33.7,69.9,97.8,12.9
2024-07-17 05:00:00,KL-KSD-14,Kasaragod,Coastal/Laterite Hills,12.4996,74.9869,5.8,32.5,79.2,98.0,17.4
2024-07-17 06:00:00,KL-KSD-14,Kasaragod,Coastal/Laterite Hills,12.4996,74.9869,0.0,33.3,74.9,97.8,15.2
2024-07-17 07:00:00,KL-KSD-14,Kasaragod,Coastal/Laterite Hills,12.4996,74.9869,0.0,34.1,72.2,97.5,15.6
2024-07-17 08:00:00,KL-KSD-14,Kasaragod,Coastal/Laterite Hills,12.4996,74.9869,7.8,33.4,76.3,98.0,15.5
2024-07-17 09:00:00,KL-KSD-14,Kasaragod,Coastal/Laterite Hills,12.4996,74.9869,10.6,34.1,82.6,98.0,19.3
2024-07-17 10:00:00,KL-KSD-14,Kasaragod,Coastal/Laterite Hills,12.4996,74.9869,11.2,33.6,80.4,98.0,15.7
2024-07-17 11:00:00,KL-KSD-14,Kasaragod,Coastal/Laterite Hills,12.4996,74.9869,0.0,36.1,70.7,97.8,10.6
2024-07-17 12:00:00,KL-KSD-14,Kasaragod,Coastal/Laterite Hills,12.4996,74.9869,0.0,35.4,70.2,97.5,10.6
2024-07-17 13:00:00,KL-KSD-14,Kasaragod,Coastal/Laterite Hills,12.4996,74.9869,11.8,33.8,83.9,98.0,17.1
2024-07-17 14:00:00,KL-KSD-14,Kasaragod,Coastal/Laterite Hills,12.4996,74.9869,7.0,35.3,77.7,98.0,16.4
2024-07-17 15:00:00,KL-KSD-14,Kasaragod,Coastal/Laterite Hills,12.4996,74.9869,0.0,36.1,69.2,97.8,15.2
2024-07-17 16:00:00,KL-KSD-14,Kasaragod,Coastal/Laterite Hills,12.4996,74.9869,4.6,34.0,76.4,98.0,12.6
2024-07-17 17:00:00,KL-KSD-14,Kasaragod,Coastal/Laterite Hills,12.4996,74.9869,6.8,32.8,76.4,98.0,15.4
2024-07-17 18:00:00,KL-KSD-14,Kasaragod,Coastal/Laterite Hills,12.4996,74.9869,0.0,33.9,75.0,97.8,15.0
2024-07-17 19:00:00,KL-KSD-14,Kasaragod,Coastal/Laterite Hills,12.4996,74.9869,0.0,33.7,70.1,97.5,11.8
2024-07-17 20:00:00,KL-KSD-14,Kasaragod,Coastal/Laterite Hills,12.4996,74.9869,12.9,30.7,80.6,98.0,18.3
2024-07-17 21:00:00,KL-KSD-14,Kasaragod,Coastal/Laterite Hills,12.4996,74.9869,0.0,31.9,72.0,97.8,11.3
2024-07-17 22:00:00,KL-KSD-14,Kasaragod,Coastal/Laterite Hills,12.4996,74.9869,12.1,30.9,81.7,98.0,18.4
2024-07-17 23:00:00,KL-KSD-14,Kasaragod,Coastal/Laterite Hills,12.4996,74.9869,9.6,31.4,77.7,98.0,20.0
2024-07-18 00:00:00,KL-KSD-14,Kasaragod,Coastal/Laterite Hills,12.4996,74.9869,0.0,31.8,70.4,97.8,15.1
2024-07-18 01:00:00,KL-KSD-14,Kasaragod,Coastal/Laterite Hills,12.4996,74.9869,9.9,29.8,81.0,98.0,16.0
2024-07-18 02:00:00,KL-KSD-14,Kasaragod,Coastal/Laterite Hills,12.4996,74.9869,0.0,32.6,70.6,97.8,13.9
2024-07-18 03:00:00,KL-KSD-14,Kasaragod,Coastal/Laterite Hills,12.4996,74.9869,0.0,31.8,71.0,97.5,13.0
2024-07-18 04:00:00,KL-KSD-14,Kasaragod,Coastal/Laterite Hills,12.4996,74.9869,16.0,30.6,87.5,98.0,19.0
2024-07-18 05:00:00,KL-KSD-14,Kasaragod,Coastal/Laterite Hills,12.4996,74.9869,6.8,32.2,78.0,98.0,13.5
2024-07-18 06:00:00,KL-KSD-14,Kasaragod,Coastal/Laterite Hills,12.4996,74.9869,0.0,34.1,70.3,97.8,13.2
2024-07-18 07:00:00,KL-KSD-14,Kasaragod,Coastal/Laterite Hills,12.4996,74.9869,9.8,32.7,81.9,98.0,18.7
2024-07-18 08:00:00,KL-KSD-14,Kasaragod,Coastal/Laterite Hills,12.4996,74.9869,0.0,34.7,71.7,97.8,15.7
2024-07-18 09:00:00,KL-KSD-14,Kasaragod,Coastal/Laterite Hills,12.4996,74.9869,0.0,35.1,71.7,97.5,12.4
2024-07-18 10:00:00,KL-KSD-14,Kasaragod,Coastal/Laterite Hills,12.4996,74.9869,13.3,33.7,83.6,98.0,21.8
2024-07-18 11:00:00,KL-KSD-14,Kasaragod,Coastal/Laterite Hills,12.4996,74.9869,0.0,31.5,71.5,97.8,12.8
2024-07-18 12:00:00,KL-KSD-14,Kasaragod,Coastal/Laterite Hills,12.4996,74.9869,0.0,31.8,70.4,97.5,13.3
2024-07-18 13:00:00,KL-KSD-14,Kasaragod,Coastal/Laterite Hills,12.4996,74.9869,0.0,32.7,69.4,97.2,14.0
2024-07-18 14:00:00,KL-KSD-14,Kasaragod,Coastal/Laterite Hills,12.4996,74.9869,0.0,31.1,71.2,97.0,13.1
2024-07-18 15:00:00,KL-KSD-14,Kasaragod,Coastal/Laterite Hills,12.4996,74.9869,0.0,30.7,69.4,96.8,12.7
2024-07-18 16:00:00,KL-KSD-14,Kasaragod,Coastal/Laterite Hills,12.4996,74.9869,0.0,30.5,74.1,96.5,10.1
2024-07-18 17:00:00,KL-KSD-14,Kasaragod,Coastal/Laterite Hills,12.4996,74.9869,0.0,30.3,73.2,96.2,13.9
2024-07-18 18:00:00,KL-KSD-14,Kasaragod,Coastal/Laterite Hills,12.4996,74.9869,0.0,29.8,70.7,96.0,11.4
2024-07-18 19:00:00,KL-KSD-14,Kasaragod,Coastal/Laterite Hills,12.4996,74.9869,29.1,24.4,97.7,98.0,25.9
2024-07-18 20:00:00,KL-KSD-14,Kasaragod,Coastal/Laterite Hills,12.4996,74.9869,12.1,27.1,81.7,98.0,17.3
2024-07-18 21:00:00,KL-KSD-14,Kasaragod,Coastal/Laterite Hills,12.4996,74.9869,24.3,25.2,88.6,98.0,24.6
2024-07-18 22:00:00,KL-KSD-14,Kasaragod,Coastal/Laterite Hills,12.4996,74.9869,0.0,28.9,69.7,97.8,15.6
2024-07-18 23:00:00,KL-KSD-14,Kasaragod,Coastal/Laterite Hills,12.4996,74.9869,10.9,26.3,82.9,98.0,20.9
2024-07-19 00:00:00,KL-KSD-14,Kasaragod,Coastal/Laterite Hills,12.4996,74.9869,0.0,28.4,72.7,97.8,14.6
2024-07-19 01:00:00,KL-KSD-14,Kasaragod,Coastal/Laterite Hills,12.4996,74.9869,28.5,23.7,93.1,98.0,28.8
2024-07-19 02:00:00,KL-KSD-14,Kasaragod,Coastal/Laterite Hills,12.4996,74.9869,0.0,28.8,69.3,97.8,12.8
2024-07-19 03:00:00,KL-KSD-14,Kasaragod,Coastal/Laterite Hills,12.4996,74.9869,21.7,25.0,91.2,98.0,25.0
2024-07-19 04:00:00,KL-KSD-14,Kasaragod,Coastal/Laterite Hills,12.4996,74.9869,0.0,29.6,72.0,97.8,12.9
2024-07-19 05:00:00,KL-KSD-14,Kasaragod,Coastal/Laterite Hills,12.4996,74.9869,36.8,23.7,99.0,98.0,30.3
2024-07-19 06:00:00,KL-KSD-14,Kasaragod,Coastal/Laterite Hills,12.4996,74.9869,35.0,24.4,97.8,98.0,32.5
2024-07-19 07:00:00,KL-KSD-14,Kasaragod,Coastal/Laterite Hills,12.4996,74.9869,0.0,29.8,72.9,97.8,13.4
2024-07-19 08:00:00,KL-KSD-14,Kasaragod,Coastal/Laterite Hills,12.4996,74.9869,0.0,31.4,72.3,97.5,12.4
2024-07-19 09:00:00,KL-KSD-14,Kasaragod,Coastal/Laterite Hills,12.4996,74.9869,0.0,30.7,71.3,97.2,11.1
2024-07-19 10:00:00,KL-KSD-14,Kasaragod,Coastal/Laterite Hills,12.4996,74.9869,10.2,30.6,80.6,98.0,20.9
2024-07-19 11:00:00,KL-KSD-14,Kasaragod,Coastal/Laterite Hills,12.4996,74.9869,0.0,31.2,70.1,97.8,14.9
2024-07-19 12:00:00,KL-KSD-14,Kasaragod,Coastal/Laterite Hills,12.4996,74.9869,45.9,25.1,99.0,98.0,37.0
2024-07-19 13:00:00,KL-KSD-14,Kasaragod,Coastal/Laterite Hills,12.4996,74.9869,35.0,26.1,97.7,98.0,28.4
2024-07-19 14:00:00,KL-KSD-14,Kasaragod,Coastal/Laterite Hills,12.4996,74.9869,58.3,23.4,99.0,98.0,40.6
2024-07-19 15:00:00,KL-KSD-14,Kasaragod,Coastal/Laterite Hills,12.4996,74.9869,47.1,25.0,99.0,98.0,38.5
2024-07-19 16:00:00,KL-KSD-14,Kasaragod,Coastal/Laterite Hills,12.4996,74.9869,22.0,27.5,88.4,98.0,21.2
2024-07-19 17:00:00,KL-KSD-14,Kasaragod,Coastal/Laterite Hills,12.4996,74.9869,40.5,24.7,99.0,98.0,36.1
2024-07-19 18:00:00,KL-KSD-14,Kasaragod,Coastal/Laterite Hills,12.4996,74.9869,51.0,23.1,99.0,98.0,41.4
2024-07-19 19:00:00,KL-KSD-14,Kasaragod,Coastal/Laterite Hills,12.4996,74.9869,9.1,27.8,80.9,98.0,18.2
2024-07-19 20:00:00,KL-KSD-14,Kasaragod,Coastal/Laterite Hills,12.4996,74.9869,9.6,27.4,77.8,98.0,18.5
2024-07-19 21:00:00,KL-KSD-14,Kasaragod,Coastal/Laterite Hills,12.4996,74.9869,0.0,28.5,69.0,97.8,11.6
2024-07-19 22:00:00,KL-KSD-14,Kasaragod,Coastal/Laterite Hills,12.4996,74.9869,17.6,26.4,84.5,98.0,24.3
2024-07-19 23:00:00,KL-KSD-14,Kasaragod,Coastal/Laterite Hills,12.4996,74.9869,24.3,24.9,93.3,98.0,26.3
2024-07-20 00:00:00,KL-KSD-14,Kasaragod,Coastal/Laterite Hills,12.4996,74.9869,48.3,21.3,99.0,98.0,38.5
2024-07-20 01:00:00,KL-KSD-14,Kasaragod,Coastal/Laterite Hills,12.4996,74.9869,35.4,23.3,97.4,98.0,31.5
2024-07-20 02:00:00,KL-KSD-14,Kasaragod,Coastal/Laterite Hills,12.4996,74.9869,0.0,27.9,70.3,97.8,10.7
2024-07-20 03:00:00,KL-KSD-14,Kasaragod,Coastal/Laterite Hills,12.4996,74.9869,0.0,28.6,74.2,97.5,14.6
2024-07-20 04:00:00,KL-KSD-14,Kasaragod,Coastal/Laterite Hills,12.4996,74.9869,0.0,28.4,72.9,97.2,11.5
2024-07-20 05:00:00,KL-KSD-14,Kasaragod,Coastal/Laterite Hills,12.4996,74.9869,60.0,20.7,99.0,98.0,43.9
2024-07-20 06:00:00,KL-KSD-14,Kasaragod,Coastal/Laterite Hills,12.4996,74.9869,8.1,29.5,80.1,98.0,14.7
2024-07-20 07:00:00,KL-KSD-14,Kasaragod,Coastal/Laterite Hills,12.4996,74.9869,40.9,23.8,99.0,98.0,30.7
2024-07-20 08:00:00,KL-KSD-14,Kasaragod,Coastal/Laterite Hills,12.4996,74.9869,0.0,30.5,72.1,97.8,13.2
2024-07-20 09:00:00,KL-KSD-14,Kasaragod,Coastal/Laterite Hills,12.4996,74.9869,55.7,23.8,99.0,98.0,38.8
2024-07-20 10:00:00,KL-KSD-14,Kasaragod,Coastal/Laterite Hills,12.4996,74.9869,16.2,30.0,85.3,98.0,22.0
2024-07-20 11:00:00,KL-KSD-14,Kasaragod,Coastal/Laterite Hills,12.4996,74.9869,0.0,32.5,74.1,97.8,12.0
2024-07-20 12:00:00,KL-KSD-14,Kasaragod,Coastal/Laterite Hills,12.4996,74.9869,0.0,32.3,69.1,97.5,10.9
2024-07-20 13:00:00,KL-KSD-14,Kasaragod,Coastal/Laterite Hills,12.4996,74.9869,35.7,26.3,99.0,98.0,31.7
2024-07-20 14:00:00,KL-KSD-14,Kasaragod,Coastal/Laterite Hills,12.4996,74.9869,20.2,28.0,88.4,98.0,22.6
2024-07-20 15:00:00,KL-KSD-14,Kasaragod,Coastal/Laterite Hills,12.4996,74.9869,12.0,29.8,84.0,98.0,21.2
2024-07-20 16:00:00,KL-KSD-14,Kasaragod,Coastal/Laterite Hills,12.4996,74.9869,28.1,26.6,91.6,98.0,24.2
2024-07-20 17:00:00,KL-KSD-14,Kasaragod,Coastal/Laterite Hills,12.4996,74.9869,7.1,29.7,77.4,98.0,17.4
2024-07-20 18:00:00,KL-KSD-14,Kasaragod,Coastal/Laterite Hills,12.4996,74.9869,0.0,30.8,71.5,97.8,14.0
2024-07-20 19:00:00,KL-KSD-14,Kasaragod,Coastal/Laterite Hills,12.4996,74.9869,0.0,29.1,70.3,97.5,14.8
2024-07-20 20:00:00,KL-KSD-14,Kasaragod,Coastal/Laterite Hills,12.4996,74.9869,31.9,24.4,96.5,98.0,29.1
2024-07-20 21:00:00,KL-KSD-14,Kasaragod,Coastal/Laterite Hills,12.4996,74.9869,0.0,28.6,69.0,97.8,11.1
2024-07-20 22:00:00,KL-KSD-14,Kasaragod,Coastal/Laterite Hills,12.4996,74.9869,0.0,27.9,73.0,97.5,13.9
2024-07-20 23:00:00,KL-KSD-14,Kasaragod,Coastal/Laterite Hills,12.4996,74.9869,28.9,23.5,94.6,98.0,24.6
2024-07-21 00:00:00,KL-KSD-14,Kasaragod,Coastal/Laterite Hills,12.4996,74.9869,37.2,23.2,99.0,98.0,30.1
2024-07-21 01:00:00,KL-KSD-14,Kasaragod,Coastal/Laterite Hills,12.4996,74.9869,35.2,22.9,99.0,98.0,32.5
2024-07-21 02:00:00,KL-KSD-14,Kasaragod,Coastal/Laterite Hills,12.4996,74.9869,0.0,27.9,71.3,97.8,14.6
2024-07-21 03:00:00,KL-KSD-14,Kasaragod,Coastal/Laterite Hills,12.4996,74.9869,32.7,23.4,97.4,98.0,27.1
2024-07-21 04:00:00,KL-KSD-14,Kasaragod,Coastal/Laterite Hills,12.4996,74.9869,0.0,29.3,69.3,97.8,12.1
2024-07-21 05:00:00,KL-KSD-14,Kasaragod,Coastal/Laterite Hills,12.4996,74.9869,0.0,29.4,72.0,97.5,10.5
2024-07-21 06:00:00,KL-KSD-14,Kasaragod,Coastal/Laterite Hills,12.4996,74.9869,0.0,29.9,71.2,97.2,15.6
2024-07-21 07:00:00,KL-KSD-14,Kasaragod,Coastal/Laterite Hills,12.4996,74.9869,0.0,31.3,74.2,97.0,15.0
2024-07-21 08:00:00,KL-KSD-14,Kasaragod,Coastal/Laterite Hills,12.4996,74.9869,25.4,27.2,90.2,98.0,24.8
2024-07-21 09:00:00,KL-KSD-14,Kasaragod,Coastal/Laterite Hills,12.4996,74.9869,0.0,31.3,72.0,97.8,13.1
2024-07-21 10:00:00,KL-KSD-14,Kasaragod,Coastal/Laterite Hills,12.4996,74.9869,19.6,28.6,90.7,98.0,25.6
2024-07-21 11:00:00,KL-KSD-14,Kasaragod,Coastal/Laterite Hills,12.4996,74.9869,4.0,31.2,75.0,98.0,16.7
2024-07-21 12:00:00,KL-KSD-14,Kasaragod,Coastal/Laterite Hills,12.4996,74.9869,0.0,31.9,72.5,97.8,10.8
2024-07-21 13:00:00,KL-KSD-14,Kasaragod,Coastal/Laterite Hills,12.4996,74.9869,0.0,32.0,71.9,97.5,15.5
2024-07-21 14:00:00,KL-KSD-14,Kasaragod,Coastal/Laterite Hills,12.4996,74.9869,0.0,36.4,69.8,97.2,10.3
2024-07-21 15:00:00,KL-KSD-14,Kasaragod,Coastal/Laterite Hills,12.4996,74.9869,13.9,33.1,81.1,98.0,19.4
2024-07-21 16:00:00,KL-KSD-14,Kasaragod,Coastal/Laterite Hills,12.4996,74.9869,0.0,34.2,71.5,97.8,10.4
2024-07-21 17:00:00,KL-KSD-14,Kasaragod,Coastal/Laterite Hills,12.4996,74.9869,0.0,35.2,72.5,97.5,11.1
2024-07-21 18:00:00,KL-KSD-14,Kasaragod,Coastal/Laterite Hills,12.4996,74.9869,0.0,33.8,74.9,97.2,15.5
2024-07-21 19:00:00,KL-KSD-14,Kasaragod,Coastal/Laterite Hills,12.4996,74.9869,0.0,33.7,69.9,97.0,15.5
2024-07-21 20:00:00,KL-KSD-14,Kasaragod,Coastal/Laterite Hills,12.4996,74.9869,0.0,33.7,72.3,96.8,11.3
2024-07-21 21:00:00,KL-KSD-14,Kasaragod,Coastal/Laterite Hills,12.4996,74.9869,0.0,33.0,74.2,96.5,12.4
2024-07-21 22:00:00,KL-KSD-14,Kasaragod,Coastal/Laterite Hills,12.4996,74.9869,0.0,32.6,71.7,96.2,11.1
2024-07-21 23:00:00,KL-KSD-14,Kasaragod,Coastal/Laterite Hills,12.4996,74.9869,0.0,32.0,70.8,96.0,11.5
2024-07-22 00:00:00,KL-KSD-14,Kasaragod,Coastal/Laterite Hills,12.4996,74.9869,0.0,31.3,74.7,95.8,14.8
2024-07-22 01:00:00,KL-KSD-14,Kasaragod,Coastal/Laterite Hills,12.4996,74.9869,0.0,32.6,69.6,95.5,11.2
2024-07-22 02:00:00,KL-KSD-14,Kasaragod,Coastal/Laterite Hills,12.4996,74.9869,0.0,31.8,73.6,95.2,10.5
2024-07-22 03:00:00,KL-KSD-14,Kasaragod,Coastal/Laterite Hills,12.4996,74.9869,0.0,32.4,69.2,95.0,15.4
2024-07-22 04:00:00,KL-KSD-14,Kasaragod,Coastal/Laterite Hills,12.4996,74.9869,2.4,33.4,75.1,95.8,16.8
2024-07-22 05:00:00,KL-KSD-14,Kasaragod,Coastal/Laterite Hills,12.4996,74.9869,9.4,32.5,76.9,98.0,19.5
2024-07-22 06:00:00,KL-KSD-14,Kasaragod,Coastal/Laterite Hills,12.4996,74.9869,0.0,34.3,74.1,97.8,15.2
2024-07-22 07:00:00,KL-KSD-14,Kasaragod,Coastal/Laterite Hills,12.4996,74.9869,0.0,34.6,70.3,97.5,10.7
2024-07-22 08:00:00,KL-KSD-14,Kasaragod,Coastal/Laterite Hills,12.4996,74.9869,11.3,33.3,79.0,98.0,19.5
2024-07-22 09:00:00,KL-KSD-14,Kasaragod,Coastal/Laterite Hills,12.4996,74.9869,0.0,34.8,72.5,97.8,13.2
2024-07-22 10:00:00,KL-KSD-14,Kasaragod,Coastal/Laterite Hills,12.4996,74.9869,0.0,36.3,71.3,97.5,11.0
2024-07-22 11:00:00,KL-KSD-14,Kasaragod,Coastal/Laterite Hills,12.4996,74.9869,0.0,36.6,69.8,97.2,15.5
2024-07-22 12:00:00,KL-KSD-14,Kasaragod,Coastal/Laterite Hills,12.4996,74.9869,12.6,34.3,79.4,98.0,17.4
2024-07-22 13:00:00,KL-KSD-14,Kasaragod,Coastal/Laterite Hills,12.4996,74.9869,4.2,35.4,75.3,98.0,14.7
2024-07-22 14:00:00,KL-KSD-14,Kasaragod,Coastal/Laterite Hills,12.4996,74.9869,0.0,36.2,72.7,97.8,11.6
2024-07-22 15:00:00,KL-KSD-14,Kasaragod,Coastal/Laterite Hills,12.4996,74.9869,0.0,35.3,74.5,97.5,13.4
2024-07-22 16:00:00,KL-KSD-14,Kasaragod,Coastal/Laterite Hills,12.4996,74.9869,0.0,35.4,74.5,97.2,15.9
2024-07-22 17:00:00,KL-KSD-14,Kasaragod,Coastal/Laterite Hills,12.4996,74.9869,12.5,32.4,82.2,98.0,21.5
2024-07-22 18:00:00,KL-KSD-14,Kasaragod,Coastal/Laterite Hills,12.4996,74.9869,8.8,32.3,81.7,98.0,17.1
2024-07-22 19:00:00,KL-KSD-14,Kasaragod,Coastal/Laterite Hills,12.4996,74.9869,0.0,32.8,72.2,97.8,13.4
2024-07-22 20:00:00,KL-KSD-14,Kasaragod,Coastal/Laterite Hills,12.4996,74.9869,0.0,32.4,73.6,97.5,15.5
2024-07-22 21:00:00,KL-KSD-14,Kasaragod,Coastal/Laterite Hills,12.4996,74.9869,0.0,33.0,74.1,97.2,10.0
2024-07-22 22:00:00,KL-KSD-14,Kasaragod,Coastal/Laterite Hills,12.4996,74.9869,12.0,30.5,79.3,98.0,17.0
2024-07-22 23:00:00,KL-KSD-14,Kasaragod,Coastal/Laterite Hills,12.4996,74.9869,2.4,31.2,74.9,98.0,13.1
2024-07-23 00:00:00,KL-KSD-14,Kasaragod,Coastal/Laterite Hills,12.4996,74.9869,0.0,31.2,72.0,97.8,13.0
2024-07-23 01:00:00,KL-KSD-14,Kasaragod,Coastal/Laterite Hills,12.4996,74.9869,0.0,31.4,74.9,97.5,12.1
2024-07-23 02:00:00,KL-KSD-14,Kasaragod,Coastal/Laterite Hills,12.4996,74.9869,2.6,32.0,75.1,98.0,17.1
2024-07-23 03:00:00,KL-KSD-14,Kasaragod,Coastal/Laterite Hills,12.4996,74.9869,5.4,32.0,78.3,98.0,16.3
2024-07-23 04:00:00,KL-KSD-14,Kasaragod,Coastal/Laterite Hills,12.4996,74.9869,3.9,32.4,73.4,98.0,12.2
2024-07-23 05:00:00,KL-KSD-14,Kasaragod,Coastal/Laterite Hills,12.4996,74.9869,3.8,32.6,78.0,98.0,13.6
2024-07-23 06:00:00,KL-KSD-14,Kasaragod,Coastal/Laterite Hills,12.4996,74.9869,0.0,34.1,69.0,97.8,11.6
2024-07-23 07:00:00,KL-KSD-14,Kasaragod,Coastal/Laterite Hills,12.4996,74.9869,0.0,34.4,74.8,97.5,12.5
2024-07-23 08:00:00,KL-KSD-14,Kasaragod,Coastal/Laterite Hills,12.4996,74.9869,4.4,35.1,78.1,98.0,17.5
2024-07-23 09:00:00,KL-KSD-14,Kasaragod,Coastal/Laterite Hills,12.4996,74.9869,0.0,35.4,70.9,97.8,14.7
2024-07-23 10:00:00,KL-KSD-14,Kasaragod,Coastal/Laterite Hills,12.4996,74.9869,0.0,36.2,72.8,97.5,15.9
2024-07-23 11:00:00,KL-KSD-14,Kasaragod,Coastal/Laterite Hills,12.4996,74.9869,0.0,36.5,74.8,97.2,10.5
2024-07-23 12:00:00,KL-KSD-14,Kasaragod,Coastal/Laterite Hills,12.4996,74.9869,0.0,36.7,70.0,97.0,13.2
2024-07-23 13:00:00,KL-KSD-14,Kasaragod,Coastal/Laterite Hills,12.4996,74.9869,5.4,34.9,79.1,98.0,12.9
2024-07-23 14:00:00,KL-KSD-14,Kasaragod,Coastal/Laterite Hills,12.4996,74.9869,0.0,35.8,71.1,97.8,10.0
2024-07-23 15:00:00,KL-KSD-14,Kasaragod,Coastal/Laterite Hills,12.4996,74.9869,12.3,33.9,83.7,98.0,18.1
2024-07-23 16:00:00,KL-KSD-14,Kasaragod,Coastal/Laterite Hills,12.4996,74.9869,0.0,34.6,73.3,97.8,13.7
2024-07-23 17:00:00,KL-KSD-14,Kasaragod,Coastal/Laterite Hills,12.4996,74.9869,0.0,34.1,73.0,97.5,15.5
2024-07-23 18:00:00,KL-KSD-14,Kasaragod,Coastal/Laterite Hills,12.4996,74.9869,9.7,32.5,77.1,98.0,14.9
2024-07-23 19:00:00,KL-KSD-14,Kasaragod,Coastal/Laterite Hills,12.4996,74.9869,15.3,30.4,83.1,98.0,23.0
2024-07-23 20:00:00,KL-KSD-14,Kasaragod,Coastal/Laterite Hills,12.4996,74.9869,6.8,31.2,79.0,98.0,17.0
2024-07-23 21:00:00,KL-KSD-14,Kasaragod,Coastal/Laterite Hills,12.4996,74.9869,0.0,32.7,70.1,97.8,14.8
2024-07-23 22:00:00,KL-KSD-14,Kasaragod,Coastal/Laterite Hills,12.4996,74.9869,6.2,31.2,78.6,98.0,17.7
2024-07-23 23:00:00,KL-KSD-14,Kasaragod,Coastal/Laterite Hills,12.4996,74.9869,0.0,31.3,72.1,97.8,15.5
2024-07-24 00:00:00,KL-KSD-14,Kasaragod,Coastal/Laterite Hills,12.4996,74.9869,0.0,31.8,74.7,97.5,13.8
2024-07-24 01:00:00,KL-KSD-14,Kasaragod,Coastal/Laterite Hills,12.4996,74.9869,0.0,31.3,71.7,97.2,13.2
2024-07-24 02:00:00,KL-KSD-14,Kasaragod,Coastal/Laterite Hills,12.4996,74.9869,9.6,31.0,78.7,98.0,20.6
2024-07-24 03:00:00,KL-KSD-14,Kasaragod,Coastal/Laterite Hills,12.4996,74.9869,18.1,30.2,84.7,98.0,20.3
2024-07-24 04:00:00,KL-KSD-14,Kasaragod,Coastal/Laterite Hills,12.4996,74.9869,19.6,29.5,85.0,98.0,20.9
2024-07-24 05:00:00,KL-KSD-14,Kasaragod,Coastal/Laterite Hills,12.4996,74.9869,0.0,33.2,74.1,97.8,13.0
2024-07-24 06:00:00,KL-KSD-14,Kasaragod,Coastal/Laterite Hills,12.4996,74.9869,0.0,33.3,73.6,97.5,12.6
2024-07-24 07:00:00,KL-KSD-14,Kasaragod,Coastal/Laterite Hills,12.4996,74.9869,22.5,31.3,89.9,98.0,27.1
2024-07-24 08:00:00,KL-KSD-14,Kasaragod,Coastal/Laterite Hills,12.4996,74.9869,0.0,30.3,73.1,97.8,10.7
2024-07-24 09:00:00,KL-KSD-14,Kasaragod,Coastal/Laterite Hills,12.4996,74.9869,0.0,30.8,74.0,97.5,14.9
2024-07-24 10:00:00,KL-KSD-14,Kasaragod,Coastal/Laterite Hills,12.4996,74.9869,0.0,32.5,74.2,97.2,10.5
2024-07-24 11:00:00,KL-KSD-14,Kasaragod,Coastal/Laterite Hills,12.4996,74.9869,31.5,26.6,96.5,98.0,26.4
2024-07-24 12:00:00,KL-KSD-14,Kasaragod,Coastal/Laterite Hills,12.4996,74.9869,13.8,29.7,80.3,98.0,17.9
2024-07-24 13:00:00,KL-KSD-14,Kasaragod,Coastal/Laterite Hills,12.4996,74.9869,11.4,29.6,81.7,98.0,18.1
2024-07-24 14:00:00,KL-KSD-14,Kasaragod,Coastal/Laterite Hills,12.4996,74.9869,21.7,28.8,92.3,98.0,21.7
2024-07-24 15:00:00,KL-KSD-14,Kasaragod,Coastal/Laterite Hills,12.4996,74.9869,28.3,27.1,91.7,98.0,27.0
2024-07-24 16:00:00,KL-KSD-14,Kasaragod,Coastal/Laterite Hills,12.4996,74.9869,34.0,25.6,99.0,98.0,32.8
2024-07-24 17:00:00,KL-KSD-14,Kasaragod,Coastal/Laterite Hills,12.4996,74.9869,28.1,26.9,96.1,98.0,29.6
2024-07-24 18:00:00,KL-KSD-14,Kasaragod,Coastal/Laterite Hills,12.4996,74.9869,0.0,29.3,73.5,97.8,19.7
2024-07-24 19:00:00,KL-KSD-14,Kasaragod,Coastal/Laterite Hills,12.4996,74.9869,0.0,30.0,72.4,97.5,22.4
2024-07-24 20:00:00,KL-KSD-14,Kasaragod,Coastal/Laterite Hills,12.4996,74.9869,0.0,28.9,73.8,97.2,22.8
2024-07-24 21:00:00,KL-KSD-14,Kasaragod,Coastal/Laterite Hills,12.4996,74.9869,0.0,28.0,71.4,97.0,19.5
2024-07-24 22:00:00,KL-KSD-14,Kasaragod,Coastal/Laterite Hills,12.4996,74.9869,0.0,28.4,74.5,96.8,20.2
2024-07-24 23:00:00,KL-KSD-14,Kasaragod,Coastal/Laterite Hills,12.4996,74.9869,0.0,27.5,71.3,96.5,22.4
2024-07-25 00:00:00,KL-KSD-14,Kasaragod,Coastal/Laterite Hills,12.4996,74.9869,15.2,25.7,84.5,98.0,28.3
2024-07-25 01:00:00,KL-KSD-14,Kasaragod,Coastal/Laterite Hills,12.4996,74.9869,30.7,23.2,98.4,98.0,35.7
2024-07-25 02:00:00,KL-KSD-14,Kasaragod,Coastal/Laterite Hills,12.4996,74.9869,32.3,22.6,95.1,98.0,38.5
2024-07-25 03:00:00,KL-KSD-14,Kasaragod,Coastal/Laterite Hills,12.4996,74.9869,0.0,27.9,72.8,97.8,19.6
2024-07-25 04:00:00,KL-KSD-14,Kasaragod,Coastal/Laterite Hills,12.4996,74.9869,94.9,18.0,99.0,98.0,71.4
2024-07-25 05:00:00,KL-KSD-14,Kasaragod,Coastal/Laterite Hills,12.4996,74.9869,58.4,20.2,99.0,98.0,50.8
2024-07-25 06:00:00,KL-KSD-14,Kasaragod,Coastal/Laterite Hills,12.4996,74.9869,56.6,21.4,99.0,98.0,49.1
2024-07-25 07:00:00,KL-KSD-14,Kasaragod,Coastal/Laterite Hills,12.4996,74.9869,70.7,19.4,99.0,98.0,53.6
2024-07-25 08:00:00,KL-KSD-14,Kasaragod,Coastal/Laterite Hills,12.4996,74.9869,0.0,30.9,69.8,97.8,23.8
2024-07-25 09:00:00,KL-KSD-14,Kasaragod,Coastal/Laterite Hills,12.4996,74.9869,70.8,20.5,99.0,98.0,58.3
2024-07-25 10:00:00,KL-KSD-14,Kasaragod,Coastal/Laterite Hills,12.4996,74.9869,0.0,31.9,69.8,97.8,19.9
2024-07-25 11:00:00,KL-KSD-14,Kasaragod,Coastal/Laterite Hills,12.4996,74.9869,0.0,32.7,70.7,97.5,19.7
2024-07-25 12:00:00,KL-KSD-14,Kasaragod,Coastal/Laterite Hills,12.4996,74.9869,77.4,20.5,99.0,98.0,60.3
2024-07-25 13:00:00,KL-KSD-14,Kasaragod,Coastal/Laterite Hills,12.4996,74.9869,39.7,26.6,99.0,98.0,42.4
2024-07-25 14:00:00,KL-KSD-14,Kasaragod,Coastal/Laterite Hills,12.4996,74.9869,45.0,25.1,99.0,98.0,41.4
2024-07-25 15:00:00,KL-KSD-14,Kasaragod,Coastal/Laterite Hills,12.4996,74.9869,53.2,23.3,99.0,98.0,50.4
2024-07-25 16:00:00,KL-KSD-14,Kasaragod,Coastal/Laterite Hills,12.4996,74.9869,80.6,18.6,99.0,98.0,61.0
2024-07-25 17:00:00,KL-KSD-14,Kasaragod,Coastal/Laterite Hills,12.4996,74.9869,86.2,18.0,99.0,98.0,61.2
2024-07-25 18:00:00,KL-KSD-14,Kasaragod,Coastal/Laterite Hills,12.4996,74.9869,121.7,18.0,99.0,98.0,80.0
2024-07-25 19:00:00,KL-KSD-14,Kasaragod,Coastal/Laterite Hills,12.4996,74.9869,51.0,22.0,99.0,98.0,46.5
2024-07-25 20:00:00,KL-KSD-14,Kasaragod,Coastal/Laterite Hills,12.4996,74.9869,49.8,21.4,99.0,98.0,43.7
2024-07-25 21:00:00,KL-KSD-14,Kasaragod,Coastal/Laterite Hills,12.4996,74.9869,19.3,25.4,87.1,98.0,29.2
2024-07-25 22:00:00,KL-KSD-14,Kasaragod,Coastal/Laterite Hills,12.4996,74.9869,98.9,18.0,99.0,98.0,72.3
2024-07-25 23:00:00,KL-KSD-14,Kasaragod,Coastal/Laterite Hills,12.4996,74.9869,100.8,18.0,99.0,98.0,69.1
2024-07-26 00:00:00,KL-KSD-14,Kasaragod,Coastal/Laterite Hills,12.4996,74.9869,0.0,27.3,72.9,97.8,21.1
2024-07-26 01:00:00,KL-KSD-14,Kasaragod,Coastal/Laterite Hills,12.4996,74.9869,48.2,21.5,99.0,98.0,44.5
2024-07-26 02:00:00,KL-KSD-14,Kasaragod,Coastal/Laterite Hills,12.4996,74.9869,42.1,22.0,99.0,98.0,41.0
2024-07-26 03:00:00,KL-KSD-14,Kasaragod,Coastal/Laterite Hills,12.4996,74.9869,36.0,23.1,99.0,98.0,36.0
2024-07-26 04:00:00,KL-KSD-14,Kasaragod,Coastal/Laterite Hills,12.4996,74.9869,16.9,26.1,87.0,98.0,29.3
2024-07-26 05:00:00,KL-KSD-14,Kasaragod,Coastal/Laterite Hills,12.4996,74.9869,76.4,18.0,99.0,98.0,60.1
2024-07-26 06:00:00,KL-KSD-14,Kasaragod,Coastal/Laterite Hills,12.4996,74.9869,26.6,25.9,91.7,98.0,32.4
2024-07-26 07:00:00,KL-KSD-14,Kasaragod,Coastal/Laterite Hills,12.4996,74.9869,0.0,30.8,72.6,97.8,20.9
2024-07-26 08:00:00,KL-KSD-14,Kasaragod,Coastal/Laterite Hills,12.4996,74.9869,0.0,30.4,72.4,97.5,23.2
2024-07-26 09:00:00,KL-KSD-14,Kasaragod,Coastal/Laterite Hills,12.4996,74.9869,15.2,29.8,83.1,98.0,30.2
2024-07-26 10:00:00,KL-KSD-14,Kasaragod,Coastal/Laterite Hills,12.4996,74.9869,0.0,32.4,74.4,97.8,20.8
2024-07-26 11:00:00,KL-KSD-14,Kasaragod,Coastal/Laterite Hills,12.4996,74.9869,59.4,22.5,99.0,98.0,49.1
2024-07-26 12:00:00,KL-KSD-14,Kasaragod,Coastal/Laterite Hills,12.4996,74.9869,0.0,31.5,73.3,97.8,23.2
2024-07-26 13:00:00,KL-KSD-14,Kasaragod,Coastal/Laterite Hills,12.4996,74.9869,14.7,29.2,84.2,98.0,26.9
2024-07-26 14:00:00,KL-KSD-14,Kasaragod,Coastal/Laterite Hills,12.4996,74.9869,0.0,31.0,72.7,97.8,19.4
2024-07-26 15:00:00,KL-KSD-14,Kasaragod,Coastal/Laterite Hills,12.4996,74.9869,0.0,31.4,70.8,97.5,19.3
2024-07-26 16:00:00,KL-KSD-14,Kasaragod,Coastal/Laterite Hills,12.4996,74.9869,57.8,22.4,99.0,98.0,47.0
2024-07-26 17:00:00,KL-KSD-14,Kasaragod,Coastal/Laterite Hills,12.4996,74.9869,33.2,24.9,99.0,98.0,38.7
2024-07-26 18:00:00,KL-KSD-14,Kasaragod,Coastal/Laterite Hills,12.4996,74.9869,36.2,24.5,99.0,98.0,40.2
2024-07-26 19:00:00,KL-KSD-14,Kasaragod,Coastal/Laterite Hills,12.4996,74.9869,22.8,25.5,87.3,98.0,34.4
2024-07-26 20:00:00,KL-KSD-14,Kasaragod,Coastal/Laterite Hills,12.4996,74.9869,0.0,29.8,70.3,97.8,18.9
2024-07-26 21:00:00,KL-KSD-14,Kasaragod,Coastal/Laterite Hills,12.4996,74.9869,0.0,28.5,72.8,97.5,22.7
2024-07-26 22:00:00,KL-KSD-14,Kasaragod,Coastal/Laterite Hills,12.4996,74.9869,0.0,28.3,71.8,97.2,19.3
2024-07-26 23:00:00,KL-KSD-14,Kasaragod,Coastal/Laterite Hills,12.4996,74.9869,0.0,27.9,73.4,97.0,22.2
2024-07-27 00:00:00,KL-KSD-14,Kasaragod,Coastal/Laterite Hills,12.4996,74.9869,30.1,24.2,97.5,98.0,33.2
2024-07-27 01:00:00,KL-KSD-14,Kasaragod,Coastal/Laterite Hills,12.4996,74.9869,0.0,27.3,72.4,97.8,18.3
2024-07-27 02:00:00,KL-KSD-14,Kasaragod,Coastal/Laterite Hills,12.4996,74.9869,9.1,27.1,77.3,98.0,25.6
2024-07-27 03:00:00,KL-KSD-14,Kasaragod,Coastal/Laterite Hills,12.4996,74.9869,38.3,22.2,99.0,98.0,41.0
2024-07-27 04:00:00,KL-KSD-14,Kasaragod,Coastal/Laterite Hills,12.4996,74.9869,0.0,28.7,69.3,97.8,23.4
2024-07-27 05:00:00,KL-KSD-14,Kasaragod,Coastal/Laterite Hills,12.4996,74.9869,37.2,24.5,99.0,98.0,41.2
2024-07-27 06:00:00,KL-KSD-14,Kasaragod,Coastal/Laterite Hills,12.4996,74.9869,24.9,26.1,91.1,98.0,36.0
2024-07-27 07:00:00,KL-KSD-14,Kasaragod,Coastal/Laterite Hills,12.4996,74.9869,0.0,30.4,70.0,97.8,15.1
2024-07-27 08:00:00,KL-KSD-14,Kasaragod,Coastal/Laterite Hills,12.4996,74.9869,21.8,28.2,90.4,98.0,23.0
2024-07-27 09:00:00,KL-KSD-14,Kasaragod,Coastal/Laterite Hills,12.4996,74.9869,0.0,31.9,71.4,97.8,15.7
2024-07-27 10:00:00,KL-KSD-14,Kasaragod,Coastal/Laterite Hills,12.4996,74.9869,20.1,28.0,88.5,98.0,21.7
2024-07-27 11:00:00,KL-KSD-14,Kasaragod,Coastal/Laterite Hills,12.4996,74.9869,0.0,32.2,70.3,97.8,13.1
2024-07-27 12:00:00,KL-KSD-14,Kasaragod,Coastal/Laterite Hills,12.4996,74.9869,24.1,28.8,92.4,98.0,26.5
2024-07-27 13:00:00,KL-KSD-14,Kasaragod,Coastal/Laterite Hills,12.4996,74.9869,0.0,32.3,74.1,97.8,13.6
2024-07-27 14:00:00,KL-KSD-14,Kasaragod,Coastal/Laterite Hills,12.4996,74.9869,22.3,28.7,89.4,98.0,24.7
2024-07-27 15:00:00,KL-KSD-14,Kasaragod,Coastal/Laterite Hills,12.4996,74.9869,0.0,31.1,70.9,97.8,15.2
2024-07-27 16:00:00,KL-KSD-14,Kasaragod,Coastal/Laterite Hills,12.4996,74.9869,0.0,31.5,70.2,97.5,14.9
2024-07-27 17:00:00,KL-KSD-14,Kasaragod,Coastal/Laterite Hills,12.4996,74.9869,0.0,34.4,70.3,97.2,10.8
2024-07-27 18:00:00,KL-KSD-14,Kasaragod,Coastal/Laterite Hills,12.4996,74.9869,18.2,31.9,84.2,98.0,19.7
2024-07-27 19:00:00,KL-KSD-14,Kasaragod,Coastal/Laterite Hills,12.4996,74.9869,0.0,33.6,74.6,97.8,13.2
2024-07-27 20:00:00,KL-KSD-14,Kasaragod,Coastal/Laterite Hills,12.4996,74.9869,0.0,33.3,74.5,97.5,12.0
2024-07-27 21:00:00,KL-KSD-14,Kasaragod,Coastal/Laterite Hills,12.4996,74.9869,23.3,28.7,87.7,98.0,25.8
2024-07-27 22:00:00,KL-KSD-14,Kasaragod,Coastal/Laterite Hills,12.4996,74.9869,12.3,30.8,84.8,98.0,21.4
2024-07-27 23:00:00,KL-KSD-14,Kasaragod,Coastal/Laterite Hills,12.4996,74.9869,6.7,31.2,77.5,98.0,18.8
2024-07-28 00:00:00,KL-KSD-14,Kasaragod,Coastal/Laterite Hills,12.4996,74.9869,0.0,31.7,74.0,97.8,15.6
2024-07-28 01:00:00,KL-KSD-14,Kasaragod,Coastal/Laterite Hills,12.4996,74.9869,9.9,30.5,79.9,98.0,17.9
2024-07-28 02:00:00,KL-KSD-14,Kasaragod,Coastal/Laterite Hills,12.4996,74.9869,0.0,32.7,72.2,97.8,15.5
2024-07-28 03:00:00,KL-KSD-14,Kasaragod,Coastal/Laterite Hills,12.4996,74.9869,10.0,31.3,80.9,98.0,15.3
2024-07-28 04:00:00,KL-KSD-14,Kasaragod,Coastal/Laterite Hills,12.4996,74.9869,0.0,33.8,70.7,97.8,12.3
2024-07-28 05:00:00,KL-KSD-14,Kasaragod,Coastal/Laterite Hills,12.4996,74.9869,13.2,32.3,80.8,98.0,20.9
2024-07-28 06:00:00,KL-KSD-14,Kasaragod,Coastal/Laterite Hills,12.4996,74.9869,0.0,33.8,70.8,97.8,14.5
2024-07-28 07:00:00,KL-KSD-14,Kasaragod,Coastal/Laterite Hills,12.4996,74.9869,0.0,34.6,74.2,97.5,11.6
2024-07-28 08:00:00,KL-KSD-14,Kasaragod,Coastal/Laterite Hills,12.4996,74.9869,11.8,33.3,82.6,98.0,19.6
2024-07-28 09:00:00,KL-KSD-14,Kasaragod,Coastal/Laterite Hills,12.4996,74.9869,0.0,35.9,70.2,97.8,14.1
2024-07-28 10:00:00,KL-KSD-14,Kasaragod,Coastal/Laterite Hills,12.4996,74.9869,2.0,35.6,76.1,98.0,11.9
2024-07-28 11:00:00,KL-KSD-14,Kasaragod,Coastal/Laterite Hills,12.4996,74.9869,0.0,35.3,74.0,97.8,10.4
2024-07-28 12:00:00,KL-KSD-14,Kasaragod,Coastal/Laterite Hills,12.4996,74.9869,0.0,35.9,71.3,97.5,10.8
2024-07-28 13:00:00,KL-KSD-14,Kasaragod,Coastal/Laterite Hills,12.4996,74.9869,5.9,35.7,78.1,98.0,17.1
2024-07-28 14:00:00,KL-KSD-14,Kasaragod,Coastal/Laterite Hills,12.4996,74.9869,0.0,35.4,72.0,97.8,15.6
2024-07-28 15:00:00,KL-KSD-14,Kasaragod,Coastal/Laterite Hills,12.4996,74.9869,0.0,35.1,73.5,97.5,12.2
2024-07-28 16:00:00,KL-KSD-14,Kasaragod,Coastal/Laterite Hills,12.4996,74.9869,0.0,34.4,74.8,97.2,11.5
2024-07-28 17:00:00,KL-KSD-14,Kasaragod,Coastal/Laterite Hills,12.4996,74.9869,0.0,33.7,69.3,97.0,13.1
2024-07-28 18:00:00,KL-KSD-14,Kasaragod,Coastal/Laterite Hills,12.4996,74.9869,10.9,32.2,80.9,98.0,16.2
2024-07-28 19:00:00,KL-KSD-14,Kasaragod,Coastal/Laterite Hills,12.4996,74.9869,0.0,33.3,71.5,97.8,12.1
2024-07-28 20:00:00,KL-KSD-14,Kasaragod,Coastal/Laterite Hills,12.4996,74.9869,3.4,33.1,76.9,98.0,13.3
2024-07-28 21:00:00,KL-KSD-14,Kasaragod,Coastal/Laterite Hills,12.4996,74.9869,0.0,32.7,71.8,97.8,11.8
2024-07-28 22:00:00,KL-KSD-14,Kasaragod,Coastal/Laterite Hills,12.4996,74.9869,11.1,30.1,81.1,98.0,21.0
2024-07-28 23:00:00,KL-KSD-14,Kasaragod,Coastal/Laterite Hills,12.4996,74.9869,0.0,31.3,73.7,97.8,15.0
